car_id,source_count,total_rows_in_sources,in_y_train,in_X_base
000b82cb-adcd-4e61-9b0a-8ef6f0d122a3,1,5,True,False
000f5560-2482-4127-8a77-2f34d0174741,1,3,True,False
0011dbaa-8c63-4055-8e08-c2ddd5b4c053,1,10,True,False
001434e5-158a-4237-aaf2-caa497a25a3c,1,5,True,False
001c39b1-ff0b-4ae9-9e31-1df175fe1d37,1,9,True,False
0020f4e0-76e9-4019-b0b2-ecf20e7efb71,1,10,True,False
0024688d-3d3d-4a81-9e6f-cc766f3e086f,1,7,True,False
002f835a-ccd0-43da-97c1-7be127635ced,1,3,True,False
00498787-62fd-4a11-a561-3fa8ab5251b2,1,3,True,False
004d8ee0-afdc-4a1b-9ddd-be7f3ec8e641,1,3,True,False
004de922-792a-4c73-9db0-7c01a4d0ef50,1,7,True,False
004f8a22-78dc-42c7-a00c-9c5b2ea08964,1,7,True,False
0053d74a-7272-4a37-acf9-63d2d05aa4bd,1,9,True,False
005a5016-7fa5-4d0a-be1f-e12cb9870f6b,1,11,True,False
00631760-c18b-4944-9159-6b1ac12337f7,1,9,True,False
00669521-2ed7-4f9d-adc2-9e19c70d54d6,1,11,True,False
006bb28c-2f38-4dd0-ae09-086e2eccb9fb,1,2,True,False
0070cd6d-1fc5-4c25-9d64-193761476ed3,1,2,True,False
007708c7-765a-4b79-80cb-f6decda28f8d,1,6,True,False
007bf2e7-6917-4a6a-9a8f-dba7a3559010,1,1,True,False
007c76df-dff6-4b02-934d-ca0696eec40e,1,2,True,False
007dca41-a0ca-430f-bb1e-b1f302e36b80,1,7,True,False
00831d00-821a-4211-ab88-469a109628eb,1,2,True,False
0085e56b-b9af-4ea1-8dfc-888332b23315,1,3,True,False
008e6e1e-2134-48ff-bd78-f63673fa511e,1,8,True,False
008f3c33-75ce-44d0-a592-a5a00071f376,1,8,True,False
0095f854-c4d3-41fa-9b9b-01f338f28053,1,6,True,False
009b81db-7fbe-468b-8412-aebb95909c53,1,4,True,False
009cc20f-3cbc-43f5-808a-9182cb2d2668,1,2,True,False
009f9944-a29d-475a-b72d-75db17841f03,1,10,True,False
00a4eb40-4e7f-4163-b197-2a97945c88c5,1,11,True,False
00a59b61-2dce-470f-9c68-4b5e396a2daa,1,11,True,False
00b04858-f3b1-408d-a3da-e0b1b0056a7a,1,7,True,False
00b3162a-92d7-4fbe-8df4-3774aa49cbdd,1,10,True,False
00b79a46-97b6-482b-8fe4-3a8b1acf777f,1,9,True,False
00be8f13-ba39-43f1-89ed-25e84827c9a4,1,3,True,False
00bf6e74-34ba-49bc-9378-f812660547fa,1,5,True,False
00cccafc-5b61-4c59-9868-ca7819ae25d1,1,7,True,False
00cd2b13-f42b-4189-a99d-f02e8aff253f,1,9,True,False
00d312f1-415e-457a-9eec-dac279101d37,1,5,True,False
00e15ad5-acf5-4158-9702-61d31afc0854,1,8,True,False
00e4f36f-c209-4e41-8b87-0ab45257a9ff,1,6,True,False
00e74afc-7224-4957-bcbe-9824662c038c,1,7,True,False
00e85ffd-05d2-47ae-9225-88684a2a7e81,1,5,True,False
00f9bb2a-664f-47f6-a34e-79635461ae79,1,10,True,False
00fbe859-a876-4ce1-847c-74dfddd418f3,1,11,True,False
01029ae5-f70f-49a0-a97a-162f5eb17feb,1,10,True,False
010bcce3-5233-4814-94d6-9c346bfcc3c5,1,2,True,False
010e0de7-8fd3-45c8-a607-83796d6d21d2,1,11,True,False
011a6b07-4f77-43e2-b0be-3034b751532e,1,11,True,False
011ccb15-6852-45dc-bba2-263f99943d43,1,3,True,False
011ea155-6731-4a36-a5f9-ff736ad83371,1,4,True,False
01362322-5b1e-4236-9267-71fd16c8f576,1,6,True,False
0144eff5-af06-468c-ae83-5c6a6a9552c8,1,1,True,False
014e86ca-278f-4018-9de9-9a63d05bc2a3,1,9,True,False
0159ba5b-9eea-467b-8454-9427a2fcc78a,1,9,True,False
0161bfac-e225-480e-9c0f-1b83a8284ba5,1,3,True,False
016592a2-a339-426b-a3a1-b2a16a3089af,1,6,True,False
016d35c5-5ce4-485b-95df-0379dcd040ab,1,5,True,False
01769392-a720-4f3d-beae-937bc5f918cb,1,10,True,False
0182a4a8-d992-476e-bec3-8d609fff8db3,1,10,True,False
0184ddc9-d56e-47a7-8f25-df141fc14603,1,10,True,False
01857658-b31c-4c0f-a844-6516ef6ea0e1,1,11,True,False
018a8d1a-067c-43ad-a53b-7913272295bb,1,10,True,False
0197249c-e7d5-48bf-bdf4-a0508c442aaf,1,7,True,False
01a6a15f-b1b4-4da6-8b14-365f2e633c8f,1,9,True,False
01aebf50-ab64-4498-8587-8b5fda1b507e,1,4,True,False
01d18738-7fd4-47c6-8b32-125230debcd5,1,4,True,False
01d3ee82-33f7-4134-83e8-c3e5cd25c363,1,11,True,False
01d46c4e-598e-4e40-b975-7da31b0ee7e0,1,4,True,False
01daed7b-f19c-4e0c-a272-0c2b896e895c,1,3,True,False
01e64912-3c3d-45b7-b17e-caa3c21de964,1,1,True,False
01f1d3cb-57ab-470b-bafc-a9021f8e8de4,1,5,True,False
01fc73d6-be52-4a73-91c3-59754bf7ad93,1,11,True,False
0224cd8a-c656-4e4a-b50c-93e570a1c41e,1,4,True,False
02252a4d-d529-45f1-b17e-0f723ace2c15,1,9,True,False
022dbdd0-ce16-44e9-944a-d1a5ad88018f,1,6,True,False
02457761-5916-40d7-9ec2-b71a9aad88c8,1,3,True,False
024dbe18-e967-4939-85e9-8929167dd93a,1,7,True,False
024f368f-0cd1-47e9-98e4-4797df5301ed,1,3,True,False
0257600d-1494-4eba-84b5-9a85cfa9f577,1,4,True,False
0258412f-e63f-4835-a401-9ecb76a02bd3,1,3,True,False
025d74a3-eba9-4d12-941a-41b805899047,1,11,True,False
0264784c-fdf3-438e-b31d-e1b59bb2fec9,1,5,True,False
026d090c-0011-46f0-a3c2-81de009aad4f,1,6,True,False
0273bd65-1531-413a-8412-41067d45d849,1,4,True,False
02788454-a7c6-4297-9877-eebb7e81a205,1,10,True,False
02792f45-0730-4127-9d1d-86a19637ab9e,1,2,True,False
02884c3f-f057-4bc5-946e-66b5ea61d668,1,1,True,False
028b55c0-04e2-4d5e-869d-c42b4483ea61,1,2,True,False
028ecae3-9c0d-4b15-a353-620f567b940f,1,7,True,False
029009db-17f0-4327-8c5c-1161e037e1ce,1,2,True,False
02a567d0-2232-4667-9e27-3d81d9d92e2a,1,11,True,False
02a7b8b9-daad-47e3-9fc0-6577d562dda5,1,11,True,False
02abd8f7-66fd-4d34-a26f-3b65b2f6e396,1,1,True,False
02acf1aa-2c6e-41d6-ad36-b83d80c872a7,1,8,True,False
02ad61ed-3989-4d0b-ae4d-8fa00b2e6dd9,1,1,True,False
02b03d1b-c35a-4eba-a796-6146dcc99e0b,1,6,True,False
02b84a16-21b9-4b20-a196-ecf754511dee,1,9,True,False
02bf9d59-71e5-446c-8616-b82c80fb5d3b,1,8,True,False
02c62264-a6f9-43e9-9ee0-c7206f9e8e8a,1,10,True,False
02c7efb0-fafd-4282-841b-dd0250b6d870,1,6,True,False
02ca1ea0-c654-4b90-aead-333afc90ebdb,1,9,True,False
02d30fd8-a5d7-42bd-9d4a-cd65b9ad9226,1,8,True,False
02d6586f-fc86-4df4-8cd7-903401b77284,1,10,True,False
02db5e4c-e7b9-4068-b37d-92214c8e35d8,1,2,True,False
02dd51d7-bb58-438e-8c0a-6d452fb51a61,1,6,True,False
02de7e7c-83b9-4380-b84b-b40a958e0860,1,5,True,False
02e68b4b-a46d-45af-825b-7bb75e29dbfe,1,6,True,False
02f5b7a4-6911-4dbd-bcb9-b6aa8e4f901e,1,5,True,False
02f7face-a9ce-4371-af51-8a862707021f,1,9,True,False
02ffac8f-d897-4aa9-83d3-61bbb4563edb,1,6,True,False
03009d63-a500-4ac9-925b-f38f01ca2814,1,4,True,False
030136d8-c40c-47fe-97a2-2d2336a7059c,1,2,True,False
0301e00a-55e5-4c25-8135-6dcda720240b,1,1,True,False
0312a4ec-2dd8-4567-9b6d-b50f9f675b12,1,5,True,False
031b3bca-e847-4714-b175-4e7c95256c94,1,6,True,False
0327329d-2466-47d7-a0ae-54f7b8a75a24,1,4,True,False
03428334-3c16-4764-a109-cd5918173e35,1,9,True,False
03483db6-8c5e-4845-99c4-13bfe53bc910,1,6,True,False
0348ee8f-53f5-48f1-ae1d-1e3a884560e5,1,10,True,False
034a9be2-300b-4fe8-ab19-98a07334e2a0,1,8,True,False
036107f3-bef3-4b21-b47f-a7c28c25a1d8,1,7,True,False
03652ed5-d0db-479a-8036-6b414abcc6c7,1,1,True,False
036aa31b-7961-4883-aacc-fbf22d46163f,1,1,True,False
0370092b-e52d-456a-8a5a-86e731bce178,1,9,True,False
03746297-e121-412c-9d21-916cb8b755d8,1,2,True,False
0384707e-c8cc-4ce6-8eb7-4fb6d6189a4f,1,8,True,False
038598ac-0a8c-4fcf-b64a-292a5b5f90ee,1,4,True,False
03864c02-26ef-4366-892e-6611743aa622,1,9,True,False
0386a7d9-7c94-4753-964a-c5088e4f5a9e,1,8,True,False
03916dd3-0347-44e0-bade-7698acfd2d1c,1,11,True,False
039e93a5-b6e8-4dcc-bba0-5671e119ab6a,1,10,True,False
039edad8-803a-4e62-b887-671fa713c74c,1,9,True,False
03aae15b-73b3-4ef0-bd11-5ec341a48bde,1,5,True,False
03ab85cd-5428-47ee-85ba-73e6ba9a9177,1,4,True,False
03ac48f8-8ecb-42fa-829d-88b06a9b5324,1,3,True,False
03ae7d67-1bbb-4bca-b24f-002ddd4be9d7,1,3,True,False
03b56ccc-609e-4739-a3e2-9a654031a198,1,8,True,False
03bbd046-b48c-435a-86d8-9d0b9326bdf8,1,11,True,False
03c6b367-004d-4ad8-92b8-a2da5cb27d7b,1,2,True,False
03e113f8-cd53-45b8-b92e-30dd74904be1,1,2,True,False
03ec190c-8629-4451-9de5-9472f5211a02,1,2,True,False
03fde263-5183-40a9-af83-65362084adc6,1,11,True,False
0405b94d-2a72-4ac9-9133-c07966404326,1,9,True,False
0406052a-8fb6-4abc-9b56-33a0a13ddced,1,8,True,False
040865b6-7f38-497b-9979-17a4ef2f67dc,1,4,True,False
040d9c07-984c-40ba-bc55-27457ed631af,1,10,True,False
04314adf-c4bf-4e72-a235-a6ec22f6b9f4,1,4,True,False
04320790-01ae-4f3c-86b5-38b6fc585746,1,11,True,False
043aba89-15fa-4ae0-b685-759139af29df,1,1,True,False
0444a1e9-5632-4bc7-a7ef-3a144cb27b07,1,2,True,False
04594228-e4b4-438f-b523-f877da6a34e8,1,4,True,False
045a11c4-936d-4c6b-8abd-7471cac62631,1,8,True,False
0473ab77-8238-4427-acd0-b524393c09fb,1,4,True,False
047b364a-cb0a-4023-8f9a-73bcb7fb5fa7,1,1,True,False
047beb11-ad31-4871-bac1-484572b853b5,1,5,True,False
0481cbb6-5de8-4f30-aa8b-4389b748d290,1,5,True,False
0487c906-99d5-47a6-b431-440f34ada2af,1,4,True,False
04a1704d-22b7-407c-9741-d63a432e59a2,1,5,True,False
04a1dea2-6856-459e-91bc-5cc7de71b2f5,1,1,True,False
04a52718-0d35-4b19-899f-97010083a1b7,1,1,True,False
04c2a87d-131c-4bed-95a2-ea772af1cab5,1,11,True,False
04c79c52-5fb6-46d7-8a94-622b6ba75866,1,3,True,False
04c810ea-cb3d-4b43-b0e6-b6fe851ad0d2,1,11,True,False
04d6b325-5483-43ab-a97b-5b0bcc23c3ca,1,10,True,False
04e7339c-b1ce-477a-b517-c0bcf5bf2805,1,2,True,False
04f3146e-cfae-4ff9-b111-999bdea77471,1,8,True,False
04fa73b6-0539-4953-af96-28434969821a,1,6,True,False
04fd5795-3b14-4f3a-a29b-5cafecc77d6d,1,9,True,False
04ffff88-a90b-485c-a935-704051e3cdd8,1,3,True,False
051300e1-7b3f-44d1-a228-611f72e5ef9d,1,4,True,False
05154360-84ac-4174-bbe0-02bcab036b40,1,9,True,False
0526bb0a-f80f-4282-8942-6136cf8e3647,1,3,True,False
053281d2-0bfd-44b9-8a6b-ce85bd9152c6,1,6,True,False
053884da-bab2-4109-b6d6-2e1eea28a6b1,1,7,True,False
053c5fe8-ca43-4036-9ed7-542c2a67e83a,1,9,True,False
053ecc7a-1650-43b3-ad6b-3487bff3d26b,1,10,True,False
054fb460-0f04-4425-a4ae-f556c4429f7e,1,10,True,False
055c9624-1c33-4578-bcfb-464b6fef007a,1,10,True,False
055fad83-67b6-47c0-9ba6-c1d00c5c6320,1,3,True,False
0570f87c-3b73-4905-bf62-ba59d1cbedd0,1,10,True,False
057fa06d-73b8-4326-b84a-3684ffb31481,1,6,True,False
0582dd72-997c-4068-8a9c-e0b3d04ea785,1,2,True,False
0585a14a-73be-417d-9b7d-394caac443f8,1,3,True,False
059320b0-bb6e-4d82-8fa5-a0084959d7a1,1,11,True,False
05990c64-4eaa-447c-8d06-3be37f909f17,1,1,True,False
059924fe-d3d4-4696-8d70-c8e610332b47,1,1,True,False
059a0ae9-cd84-4417-8671-a931e6a74467,1,11,True,False
05b1df6f-805c-47b5-8471-c6939dbfc22b,1,10,True,False
05b1eca1-c556-459d-949b-b11506bae0a8,1,11,True,False
05b2d4b4-8cda-49a2-9897-b589111e4948,1,5,True,False
05b87812-5344-412c-940d-20a5a0095385,1,1,True,False
05b8bc4c-c935-49af-a617-33f8af9106ed,1,5,True,False
05d64dcb-7167-4b99-a69b-2337bd916c08,1,6,True,False
05ddb578-e55b-4c16-a078-45ef7127b55b,1,9,True,False
05e8e3a3-cdc9-4b97-bb2f-bbd07ead73ab,1,4,True,False
05e91643-9fd5-4227-8e1e-d1b528f0010f,1,10,True,False
05edd090-1a4a-41fc-9196-1d10bfa92bc6,1,6,True,False
05fe7ad6-475f-4d76-9911-cabdbb9f5533,1,10,True,False
060834de-b192-4181-81e0-162905aa7beb,1,9,True,False
06188a80-df83-4309-8d68-c1582c743a49,1,5,True,False
0618ed06-a43d-46eb-bad3-c4cfcbeee6cb,1,1,True,False
061a083f-c1b0-4279-b009-5790a58e8948,1,8,True,False
061acc01-71eb-4e20-b5b0-5e5748ac2e27,1,7,True,False
061d0c83-38da-4df9-bb62-58641625afb0,1,3,True,False
0622db07-3378-485f-9bd7-549ba4144d64,1,6,True,False
062664be-a1dc-494c-bbd8-bc66cf8cc1b4,1,7,True,False
0643c81c-ff58-49df-86ae-d3e787ce787c,1,5,True,False
064b42e4-0ca6-40aa-a20e-26bdf7715866,1,3,True,False
064cc21b-3419-4136-b82e-e0bcff619a3c,1,6,True,False
0652d58b-4dcd-4af3-986b-707c286466c3,1,2,True,False
06593ebc-4cff-4b41-9fd9-8c6ba92a6875,1,11,True,False
067c4e6e-efb0-4285-9d2a-c1468dd441ed,1,3,True,False
068ffaca-e6e7-4ef5-9b5c-da232d8a8a87,1,9,True,False
06958a8c-28ff-49bc-9fb9-7fd812394b18,1,10,True,False
06980701-180b-415e-a76f-0b5ccdc7ed9d,1,4,True,False
069a65ab-72c6-426f-b67d-4da0fd137a57,1,9,True,False
06a0a071-7700-4c97-a8b6-8a0f715dca26,1,1,True,False
06a0e18b-91b0-435d-af6c-0d0039132b5d,1,10,True,False
06a14537-17e2-46b4-9adf-724d24fcddb6,1,8,True,False
06a19eb2-3a39-499b-9a29-0e241bcd2119,1,8,True,False
06a2b75f-3f9e-4af7-9ba9-dd0772b2bee5,1,7,True,False
06ac226f-44b3-41ff-aba8-84204ffc6d46,1,10,True,False
06b5e603-5039-46ea-a8db-68159aa67d79,1,9,True,False
06b976fd-23e9-430d-9478-271618f43ea8,1,7,True,False
06c7722c-7e4a-4f13-a2af-1ecf2a0bcbc1,1,5,True,False
06c86dee-8ff2-45bf-b987-ff222937594b,1,2,True,False
06dbcb1c-53a2-44c9-a191-7cf86aa21e2b,1,6,True,False
06e22cb4-2f48-4709-90fc-c1b50f6f3749,1,9,True,False
06e87768-ce6d-4a64-81e7-d90c1a6f1a8a,1,3,True,False
06e95d37-4490-4c68-893c-17f796fba80b,1,2,True,False
06ebcb6b-0c88-464f-ba3c-7c5df90c45ed,1,10,True,False
06ef4ab4-071b-4eaf-921c-9ba53ea64ede,1,9,True,False
06f8f95d-3a89-4991-bc8f-4a3aeb89f783,1,7,True,False
06fef61e-c864-4828-a4a3-06933369468f,1,6,True,False
06ff6f10-f2f2-4541-add6-16baf9336724,1,10,True,False
06ffcd08-d952-446d-a008-1803d67a8e87,1,11,True,False
0703b387-44ac-4bc0-ba4a-41b5742c30dc,1,3,True,False
0707d2ce-0979-43c2-a95e-f1ff34f78527,1,8,True,False
0708deb6-1b5a-44e7-b364-cd7872204fd7,1,5,True,False
070ad427-afc6-4e75-af0b-bbf019a53e1c,1,10,True,False
07113910-f236-4935-9a2e-5035e1b2813b,1,2,True,False
071541e3-2a6b-40a9-a9e9-9cd3783adbe8,1,6,True,False
0737930f-f706-41b4-8dc9-79ab32b1a20d,1,10,True,False
073b7a5d-9a12-4bdf-bf8a-23d2cc0c8d8e,1,5,True,False
073e2848-36af-4ee4-a5b3-903ae15d05a9,1,7,True,False
076555bc-9959-442a-90f1-a74f541ae4ef,1,11,True,False
07829323-1f4c-4d74-9c13-c6df807a01ab,1,11,True,False
078b02d7-9f4a-4693-a88f-5d5a222cbdd2,1,6,True,False
078dd1b1-1134-41e3-a72e-9cb3861f4f5b,1,2,True,False
07a96d92-9922-4a6e-b4f4-6c29a1323aab,1,6,True,False
07ac6be6-9156-45ee-82cb-3828b8636558,1,1,True,False
07b0b185-2f32-43a1-b31f-03aba7ecac3c,1,11,True,False
07b0e695-3120-4d96-9a51-35318a934922,1,3,True,False
07c1f9ab-ed27-4f94-84a6-ae779b02b6a6,1,5,True,False
07c4ac2b-5c8f-4bad-abeb-b6d3a01e8bf8,1,5,True,False
07c61510-9be8-488e-9656-de87f509f647,1,3,True,False
07c822fd-f468-4f07-af92-20063c136c13,1,6,True,False
07cb5ccb-ab6a-4171-b617-0f1574f0c6f4,1,9,True,False
07d1a56a-6245-4b53-b84e-810c87f92530,1,3,True,False
07dea3ca-0d00-493b-99dc-8d3d151def35,1,3,True,False
07fafaa8-b817-44c9-bd19-0f7726db6508,1,7,True,False
07fb161a-26e4-4c52-8f28-e9dcc519fb20,1,10,True,False
07fc55d1-3aae-4079-901b-c5f23b60c0a6,1,6,True,False
07fd6667-3bc7-4bd8-ba23-b336e094ef8d,1,2,True,False
08125552-5c96-450c-ae00-fc521fda89bd,1,7,True,False
08139dc8-af53-4633-a854-9093a423bc07,1,4,True,False
08146cc0-8ffc-4531-bcc6-b659810a8332,1,11,True,False
0814a464-1dec-48c2-8bee-7dfdb27a3d94,1,5,True,False
081fdfa5-46c0-44f4-86db-fc4289c7514a,1,2,True,False
08241afe-dd84-4ac1-a6a6-6ce4ab709ac1,1,2,True,False
0825460d-1619-41bf-a177-d187328890d3,1,3,True,False
0828dafd-44df-450e-8c97-80e5cdee0ada,1,1,True,False
0848586d-64d9-4413-bca5-79bd7cdf407e,1,10,True,False
084cd8bf-f5b0-4b2e-b841-c7deb77c7812,1,8,True,False
084e2148-b83c-480b-824b-7bbd08bc9a82,1,2,True,False
084f30a1-4512-4a77-8eb9-c1094780f459,1,8,True,False
085c446f-374d-42dc-bc04-6cfc81c36ec4,1,9,True,False
08642fad-b2c1-4947-a906-6282f3903bfd,1,8,True,False
08672566-1e97-4c66-bca7-36f916eca583,1,10,True,False
086db89b-65c2-41d0-ab15-4fc1e6396dc8,1,4,True,False
08763eb9-6e19-4b7f-a9c7-bebff6e93e32,1,8,True,False
08840a1b-d478-4bcb-89c3-ec80c421b85d,1,6,True,False
08858238-7a34-44e1-983a-51a3874f3df1,1,10,True,False
08977a4e-dbe7-4119-ba33-9ec9680c11e7,1,9,True,False
08a022a0-80cc-48ef-a807-15b408656abe,1,10,True,False
08a5be61-c6f4-41a6-8280-b39fed6e432b,1,1,True,False
08add41e-0b38-4717-95f5-5531ff1422e8,1,11,True,False
08be2b91-ba4b-40a7-a966-03d4e7d7a19b,1,5,True,False
08c98934-df33-48fc-8bec-e3247fd4f8ad,1,9,True,False
08cc0506-12c5-46b7-b2de-1cfc0b265734,1,1,True,False
08d488f2-6207-459f-b3d1-5f04d1befe3a,1,9,True,False
08dc5eb6-e117-456a-9e2c-af9664573cbf,1,2,True,False
08f62e59-6978-4053-848e-18470ba69b46,1,5,True,False
09009a73-02d3-4d98-a6b4-9aaa0b44d366,1,7,True,False
0905d5d8-75c4-4e75-b016-eab045b451eb,1,3,True,False
090f90d5-468d-4fb5-9209-800a0a3e25b5,1,3,True,False
0917ee60-9a4c-4597-9a7c-fa8add5af87b,1,9,True,False
0921f37a-8cba-4327-a50e-d40955115b80,1,9,True,False
0924ec49-38ee-46d4-b080-2235a3f915a7,1,4,True,False
09316de5-037f-4625-b714-c92cb8869f4d,1,10,True,False
09368c09-44aa-44f9-8344-4fca02b9e186,1,7,True,False
093bf1a8-bd09-419b-9cf8-36b3672cb85c,1,11,True,False
0942c3dc-868c-4185-a3ff-fd45f4261c04,1,3,True,False
094b0e4e-b44c-42c7-be4b-fe29f2fb26ce,1,3,True,False
09502035-bc81-4261-8b51-dd1a4e3d7a3f,1,5,True,False
096b8ec6-2ee3-4af7-b720-f79dc9d6dfb7,1,10,True,False
098d0189-8a71-41ed-984a-76b36c4d877f,1,11,True,False
098d94c8-e12e-409f-aa28-473d916b6fc6,1,1,True,False
098e9710-0dbd-4b79-9f4e-95d33e957b0e,1,8,True,False
098f37e6-48c3-486f-b942-04ff251e8c8e,1,11,True,False
0996b163-4f02-4108-a618-cc0dc1168192,1,10,True,False
099ec55b-6322-4a9f-8d5e-0bed830c3023,1,10,True,False
09aa2498-a881-4238-88d9-90552c798a85,1,10,True,False
09aa41db-b761-40b2-9208-e4b02ff6cdb2,1,11,True,False
09b2eb81-8411-40b2-8cce-cb7829c6b613,1,2,True,False
09b536d7-69ab-4e4b-9e8e-9868422f3644,1,11,True,False
09bcba37-e292-41d6-b3bd-256aeed309ab,1,2,True,False
09bd0580-d0ee-45e0-938b-8c81da223241,1,7,True,False
09c108c9-e972-4178-b27f-0ac38123549f,1,6,True,False
09c63b9c-7c93-45eb-86b1-bbf9b484a45c,1,8,True,False
09d849af-358e-4317-92b8-274b96853317,1,1,True,False
09db67ab-92d7-4da9-91a9-8cdc5e93ad36,1,1,True,False
09e53d63-e054-4082-8001-0561979980ec,1,8,True,False
09e81357-4772-4d9c-bfac-0c20cc73e5c3,1,8,True,False
09eec491-6539-4373-a250-1a1ae3f03992,1,11,True,False
09f5ff90-5c45-45b5-88be-a607cb44f8a6,1,4,True,False
09f874ee-f3b0-45d2-a3f2-1e030399c780,1,9,True,False
0a0134f6-ce6f-4319-a106-ced206b6848e,1,9,True,False
0a16e818-aa14-4168-bc0f-df37e802aa85,1,3,True,False
0a1a193d-b598-4c75-bcaa-d5d89a7e09fb,1,3,True,False
0a1a19e8-3475-42ad-a882-caae5a8c05a8,1,6,True,False
0a1d36e4-2ccf-4d08-9a96-7fbd26928e91,1,11,True,False
0a301f5f-f566-4505-8fa5-cf3eab40d5f4,1,9,True,False
0a3c26d0-f870-4a4c-84e5-6424e9a3b002,1,4,True,False
0a416f99-b3a3-4f01-9b2f-68f1e883d8cc,1,3,True,False
0a41727e-1eae-4802-b51f-e96f2cc74697,1,7,True,False
0a464059-ec9f-4a4c-a28a-21ff06564270,1,5,True,False
0a467215-6ad2-4cdb-bf30-0f9e74b73d17,1,8,True,False
0a4a41b0-6409-4f49-8058-29e12881dbe4,1,11,True,False
0a526a8e-02ec-4b71-ad6f-a1cd497dd624,1,6,True,False
0a527226-f854-463a-9f39-2716ba0dee81,1,7,True,False
0a542ff5-d2f1-434d-9410-fa4cd27851d6,1,11,True,False
0a612127-8ae7-4e92-a97d-e18e2e532af0,1,7,True,False
0a6ff3b5-ad63-463a-bc19-61e4104f73a9,1,11,True,False
0a7203d4-fe38-41ec-b186-9cef4dad40af,1,11,True,False
0a7a2f2b-9314-4376-8721-0baf37b6f9ce,1,11,True,False
0a7f4145-0530-4e8e-ab11-d8de4398c7cf,1,4,True,False
0a867cb1-9722-4f1a-9b22-232aa2b475f3,1,5,True,False
0a9494d2-9da9-4302-be59-00005adb6b75,1,7,True,False
0a954507-ced0-4443-9472-740882219898,1,10,True,False
0a9c53a8-de2e-482c-9dcd-84c67d347db3,1,6,True,False
0aa41feb-390e-427b-9b77-f7667e6e142c,1,5,True,False
0ab24ae3-4ad1-4918-9a4d-9224a9a2ba78,1,3,True,False
0ab57c00-6fe0-4d0b-b01d-53856f040d9c,1,1,True,False
0abc0a59-31e5-4406-8487-65c9b4a140f1,1,6,True,False
0ac31157-7bd6-405c-b24a-0e82257ba688,1,11,True,False
0ac73b55-79e0-448e-a1f4-cbef5e0cc593,1,10,True,False
0ac8f636-e5e3-4136-8165-e2a784adc259,1,4,True,False
0acf9dda-4eb7-4ea0-b31b-0dc42751b600,1,6,True,False
0ad568c0-d112-43ed-821e-9a6b5d67fa2b,1,10,True,False
0ae8ae47-f324-4149-b21a-da5af4c09e4a,1,5,True,False
0afd661f-09db-4f26-9ffc-defb5c6e1326,1,2,True,False
0b098797-d6ad-47bc-99cf-826adabddf67,1,1,True,False
0b0ef489-2dac-4da7-92a2-5dabe7dee338,1,6,True,False
0b193b76-56d0-425b-b756-e5ff6c2ce077,1,9,True,False
0b22057c-ee8d-4a86-952b-b4bbc369739d,1,11,True,False
0b387c50-8939-48dd-8444-fc1984cc6fe8,1,7,True,False
0b3c0e88-2e6a-4f3a-bce7-47212b13c62b,1,11,True,False
0b424708-defe-41dc-8a50-cf12cd9f6b33,1,2,True,False
0b4c89cf-1bb5-4b90-94eb-6dacbc4b6aab,1,3,True,False
0b507f60-3e93-4bad-926c-87e516a6108b,1,6,True,False
0b5d3a50-05f2-4404-a4ed-4329589d0a84,1,2,True,False
0b72a38e-fde0-4984-9951-210c61fd2c9b,1,3,True,False
0b863ef9-1156-4791-bd3d-b797ac6da6a9,1,4,True,False
0b86bfaa-a8a3-40b6-8fe2-ed9389959c0f,1,2,True,False
0b8c4bbc-0c56-44d6-971e-19611390f654,1,5,True,False
0b9150f6-9e9e-4773-b797-3fb924958cd5,1,10,True,False
0b9d0e1c-b953-4a73-9342-c48403f3fc5b,1,5,True,False
0ba313bf-c2f0-4653-ba46-d6a0a5e93ecd,1,2,True,False
0ba79434-eb4c-4a90-b7da-22e2e8fc5b96,1,11,True,False
0ba9e9ab-b7cc-408b-bdc9-2f9ee9569781,1,3,True,False
0bab4087-373c-44fe-87aa-239774692976,1,1,True,False
0baeb226-3700-46a4-b6f1-6ecac4e689e1,1,6,True,False
0bc63c5a-a833-480c-8e1a-41af786147d5,1,10,True,False
0bd9c45d-2bab-417f-a5a2-e9a806cb01d3,1,10,True,False
0bdde270-4b05-4a46-9787-3f32d98b0253,1,6,True,False
0bde5c54-ca1e-4377-9bed-63f7fe4907c8,1,6,True,False
0be457b0-ddcd-4c37-bbc7-68b99d37d6f9,1,10,True,False
0be8d1e7-45ef-47cb-934c-c2520af800ff,1,6,True,False
0be9ca3b-dc64-4f7c-99a4-9d1ab9c3efc9,1,5,True,False
0c011312-8125-4c67-94ef-59992df696a0,1,10,True,False
0c0fa394-7378-4388-9cbb-ab74179a113f,1,3,True,False
0c17f0a0-41eb-4a70-9942-e6040174eadc,1,8,True,False
0c1a07bb-4449-4bcd-989c-417a60af82fb,1,1,True,False
0c268429-b982-488c-81ca-22db758e0f60,1,4,True,False
0c2f02b0-034c-4d2e-8f35-a76607dee49f,1,11,True,False
0c3bac89-adfc-4794-9625-0a7c84f9ea93,1,7,True,False
0c3c0872-8802-48a6-af18-b6ddd92342e1,1,6,True,False
0c4511c7-20af-4ad3-9e71-c7cb6f074d4d,1,2,True,False
0c456b8d-6a7e-489f-a7fa-c37f15d0e3c3,1,2,True,False
0c56d7e4-83e2-45be-8080-d804581a734a,1,4,True,False
0c57445e-4b8e-4c9d-bb86-bc281351401f,1,7,True,False
0c5fbddd-5ee2-4c80-87a5-120a58c117a9,1,6,True,False
0c62fe75-2002-403a-bb06-5a0cdbada437,1,7,True,False
0c694d25-b675-4683-89b8-9ca8f68c5e2d,1,11,True,False
0c6b41f5-48b4-4ea2-a5f1-12f7cac1e9f4,1,8,True,False
0c6fd15d-57fb-42b7-8e2c-0db467609d0a,1,3,True,False
0c7109b9-e7f3-4eaf-8755-8693e0604a79,1,4,True,False
0c72c26f-0c54-4589-95dd-e3387c42b417,1,9,True,False
0c7b6ca0-fbd2-4dd4-af51-a9e28ff784cc,1,5,True,False
0c82f712-3710-485d-9686-f71f3199da37,1,5,True,False
0c891b94-a71a-4d13-89c2-54fcc828c0bd,1,5,True,False
0c8c9ae5-1741-4cfc-aab2-b2da4680a021,1,1,True,False
0c9001cc-5dd0-4622-83ed-51216ce9d772,1,7,True,False
0c97558f-75ae-454b-a72e-fe9eae5d8da1,1,2,True,False
0c9c9e7c-e86c-46ac-8beb-db8e814429d7,1,4,True,False
0ca19ab5-e72c-4528-a99a-1bef970b802b,1,1,True,False
0ca842b6-84d2-46eb-9dd1-13a4610aa51b,1,1,True,False
0ca91c30-de2b-49ff-9d0c-bb9b187dcd9f,1,6,True,False
0cab60de-2912-4463-9bb5-4c77706ebfa3,1,6,True,False
0caf55b5-dfe3-40c2-a0c0-1268270c53b1,1,4,True,False
0cb1e463-d461-4c5a-a718-465d0e937db7,1,1,True,False
0cbc2473-bfda-49f1-84a8-3d094c0a31d4,1,7,True,False
0cc7e627-6cb0-407c-805b-82fea49424fd,1,2,True,False
0cee199f-e09c-4eea-be7a-8bf485546b77,1,5,True,False
0cf62872-cd41-4358-9edb-18fbea5004f9,1,6,True,False
0cfb6d12-1c79-4f4f-93c9-b2aa2f1dc9c0,1,11,True,False
0cfbd39d-5c48-4a8e-821f-038c531ff6e1,1,10,True,False
0cfda825-0665-4bf2-adf4-74788fa54638,1,5,True,False
0d0638d5-490e-4a99-a885-423a851272f1,1,11,True,False
0d0cc3b5-b9a2-4417-92ef-5bf6975467e5,1,1,True,False
0d1e9885-659e-45bf-9217-60884d077032,1,3,True,False
0d1f7033-2a2e-40e8-bf60-10bd204854c6,1,7,True,False
0d26f2e8-93bb-4d8a-8be9-87b8f48d38f4,1,5,True,False
0d2805b9-5afc-4321-99b1-23a7e3bd7f21,1,9,True,False
0d2b2185-0bb2-43ef-b045-6a15e0e4f74d,1,8,True,False
0d2e1514-c823-43be-9190-8c2d6729d2e0,1,9,True,False
0d2f5d2a-54e2-496d-990c-262481edb4c6,1,9,True,False
0d3b2b39-c85c-4ed2-9d16-20569d1e4eae,1,6,True,False
0d43cb66-7251-402d-933a-1f7dcf5948ed,1,10,True,False
0d4a8915-f28f-4544-b90e-7a541a17d6d2,1,3,True,False
0d4e18be-8d3a-4a12-987f-383884078bc0,1,6,True,False
0d4fae1a-8f86-433f-afff-25f6522e7cc5,1,2,True,False
0d624a4a-8af1-40fb-8d0a-147966f54278,1,6,True,False
0d663a69-c0c7-4907-b983-d17e03ba3754,1,11,True,False
0d684b16-e78f-4fc2-bd8b-02b8e337fd3e,1,1,True,False
0d6e2617-e055-4870-bdac-0caecd3822ee,1,4,True,False
0d703db5-f75d-495b-b282-488378ae4d38,1,1,True,False
0d74a617-4b1e-4108-b7a5-6a0d6535af50,1,3,True,False
0d820650-dfbc-4580-a1b9-8f5ba0a05734,1,9,True,False
0d8b1735-2e40-407a-b84e-51ca5d5687dd,1,4,True,False
0d90c155-8382-4a73-bb6d-70055043c23f,1,6,True,False
0d9314ac-9766-43e9-ada2-f71bde2f5b3d,1,2,True,False
0da0a407-bae4-4120-884b-b64e329535fc,1,4,True,False
0da238af-9623-4947-9531-8fb0a5ea032d,1,4,True,False
0da9d1f2-c0bf-47f5-9a34-2f8a22f1bbe3,1,11,True,False
0db64178-6293-4a28-bebd-32662c058b57,1,8,True,False
0db9bdec-f0c1-4e88-a226-bc0e26c78418,1,1,True,False
0dbb5926-6620-4a0b-9661-f072c0a0083d,1,1,True,False
0dbc986b-8e6f-455d-84a0-d80558e64800,1,5,True,False
0dc68295-4577-4e4e-8d14-5101b5c689df,1,5,True,False
0dd6a771-e998-4bdf-8a0d-7046cb4f5d6c,1,4,True,False
0dd98466-be30-4d04-a7a5-bca8116a1b4d,1,11,True,False
0dddf3a8-7b0c-4a4d-b8a1-2c93baaa405c,1,6,True,False
0de7dd73-58f1-433a-8e52-2f5eb28e555d,1,1,True,False
0ded6922-e11f-4b61-9225-d39a62d7bd27,1,9,True,False
0df74e3c-677a-42d4-ac1d-3b3075bc6067,1,8,True,False
0dff53ee-cada-4f04-984b-5414ff7c13c9,1,2,True,False
0e0149ce-9d1b-4d4e-b066-fa994821139e,1,5,True,False
0e09ff82-c492-419c-8076-39f64bba11fd,1,10,True,False
0e0c8aba-6bc5-4da6-8064-96bfee34128a,1,6,True,False
0e0ccf21-55ca-4ab4-b91f-cbf21f203361,1,4,True,False
0e0ed6af-0abf-422c-a581-edbbfb61cedd,1,1,True,False
0e1c9f0b-c9a4-4f77-89ec-63c23e8c3568,1,6,True,False
0e2c96ae-64fe-4dcf-9a9f-bbbc127e8acb,1,8,True,False
0e2dcdc9-9daf-436f-8943-77421859f098,1,4,True,False
0e3057e7-5a88-4fbb-a4f7-34111f8e3c02,1,8,True,False
0e3304ac-b6bd-4d44-943d-7c62fb4c62dc,1,8,True,False
0e344c4e-431d-45da-a841-eff304efa7cc,1,8,True,False
0e35aa04-55ea-4add-aeba-18752b148589,1,1,True,False
0e3f5c14-8c1e-4c31-9e19-0b57cc4de025,1,2,True,False
0e41f5a2-e6ad-462a-a24a-72ee77d89814,1,1,True,False
0e4289d9-a25b-43e8-acaf-d89ba503e2aa,1,4,True,False
0e4a80ed-e16d-4ca3-a1a0-9132fa250111,1,1,True,False
0e4cb515-47a1-4602-b154-ecdfbd7402bf,1,3,True,False
0e4d9799-0ade-4400-a3c0-417e5e7edac7,1,9,True,False
0e529b47-48a0-425b-b9bb-8148976b2b73,1,8,True,False
0e60e7d9-19d0-43e8-8896-9d80b0db9a05,1,6,True,False
0e652fd6-a32b-4447-b03f-f37cf3ef1bb9,1,1,True,False
0e751785-789d-465a-a5f0-06a4e800f50e,1,10,True,False
0e7f11d1-0aae-4388-b717-ae9c5fc89994,1,3,True,False
0e8bd587-d55c-4ee4-ae81-81bb10e10d91,1,10,True,False
0e91a766-57ed-43f8-afdb-d96b932ee72f,1,10,True,False
0e91c349-6c63-49d2-8ff7-45f15d33b733,1,9,True,False
0ea2b2c1-a041-4da3-a440-23ebab8944d7,1,3,True,False
0eae2868-eba7-41ab-a3c1-860752a45dd0,1,8,True,False
0eb451c6-2757-4176-b921-49b118385c0f,1,3,True,False
0ecf74cb-6e6c-479b-b0c4-65337107f32b,1,2,True,False
0ed6cfe9-e7a1-48da-851f-c54f3aef2b95,1,8,True,False
0edf98a3-7e28-4951-97ad-63921087905c,1,8,True,False
0ee1bd55-bba1-40b7-b30d-a189fa3ad3e8,1,5,True,False
0ee7293a-48e7-47e0-94c0-dd0912cf8ad7,1,9,True,False
0eec2245-e600-4fb9-ad56-3ab5b90fd043,1,10,True,False
0ef0659b-b414-40e9-9a83-39baccb8a56a,1,8,True,False
0ef731b0-59f0-4f28-aa2f-bf2f39a40099,1,5,True,False
0f0133be-0439-4e7d-a550-47e64ec5ced7,1,7,True,False
0f0547a5-1ae0-4bef-991e-c7e8e8caec53,1,9,True,False
0f07f3e8-05ad-433f-99a6-737952312afc,1,10,True,False
0f0c19c1-7ccd-459f-87e5-430f9ba26aeb,1,8,True,False
0f10846f-26c1-4000-9ce0-706e7850f612,1,4,True,False
0f2aad4d-413e-4dfc-9316-bed489ab276e,1,7,True,False
0f3004ff-970f-4258-8e39-206384c2fc80,1,1,True,False
0f301971-7af9-48b6-a070-a5d4da07da4b,1,8,True,False
0f3a6c4c-1925-41aa-89a5-ce06c9621f2e,1,1,True,False
0f3c0398-4fc1-4966-82a2-e32f248cf456,1,10,True,False
0f5321d9-d49f-4eea-ad4c-caa2170dfa67,1,3,True,False
0f539edf-e84b-4dd7-8e6f-a0313cc5492a,1,8,True,False
0f5937d6-ad32-48e2-bf38-a9a9189b9f99,1,11,True,False
0f5a7e53-7d33-4d4b-a5e5-1e668213d199,1,1,True,False
0f5b5a47-445a-466c-972b-d8e29b73d707,1,4,True,False
0f5bd18f-8437-4ac5-a266-d7f3d9ba576b,1,9,True,False
0f5f924b-004b-4f99-af1b-2cda5746a97b,1,7,True,False
0f63538d-0a36-47ef-b9d7-b905cfcd58a8,1,10,True,False
0f6a3124-c2cf-4553-ba79-0760f8c3b825,1,10,True,False
0f6cdb11-4cd7-4831-891a-882c68a6af35,1,6,True,False
0f6fc89e-52e7-4397-8a8d-7bbe4e1e2fa2,1,3,True,False
0f708a64-3b2e-4390-a61f-64452f233b3d,1,3,True,False
0f73b880-334f-4713-b142-fabc9380e350,1,3,True,False
0f79cb43-4c92-488c-a015-ad87ce4e5c68,1,6,True,False
0f7af597-6b1d-4cdc-90d3-b0dc903e4c8a,1,2,True,False
0f7b2768-39b7-41ce-9c66-b3944640a71a,1,6,True,False
0f8532f4-4a1a-41f2-a021-4588191c934e,1,8,True,False
0f8d4d74-38ae-4e54-be8d-97af3c4533f9,1,5,True,False
0f97add8-dd6f-4495-a2d2-3d7a374cd183,1,6,True,False
0f97ef85-b7b1-4f95-9c69-4ced267a63b7,1,10,True,False
0f98b72d-5be0-4157-a4c7-d80b5fbb7f9e,1,3,True,False
0f9d15c0-01ce-4059-9f64-4a75bee98fb7,1,4,True,False
0f9e5d30-6e94-4248-8c38-737e5e60e7a9,1,3,True,False
0fafe91a-79db-4eab-8cf1-1a1730645839,1,9,True,False
0fbf9f78-1cc9-44ed-9f98-27b124d151aa,1,4,True,False
0fc0238d-d715-4e0a-b815-daeb23693f88,1,1,True,False
0fc51701-4eef-46ee-99d6-566362135c74,1,1,True,False
0fccbabf-d5fe-45b8-aec4-50ea7674a8e6,1,6,True,False
0fcd2230-65ec-414b-a12e-9473fd8fbe45,1,8,True,False
0fd8a2a6-0b80-4430-aa4b-e3334340cf3b,1,4,True,False
0fe60ff8-4f72-4186-aa00-634043af991e,1,11,True,False
0ff03e9e-6b0d-4ffd-861c-14d104fadd6f,1,5,True,False
1003c701-44e4-4385-b59e-e32fee23ba5d,1,5,True,False
1010d785-b6eb-40af-8c0b-92b6bdb20c48,1,2,True,False
1019b90e-6227-4fc9-ad38-8f702ab18960,1,7,True,False
1020e246-4b21-4ac1-962b-9831d4390205,1,11,True,False
10247a33-ace9-4269-a61c-68649e258151,1,5,True,False
1029fe39-7dc6-4679-968d-2478be494dc9,1,3,True,False
102c586c-c5e4-4ac0-93d5-4b807ee6bae6,1,7,True,False
102d9039-3a6b-4827-9696-c3f469d1a816,1,6,True,False
102e9208-e9df-456c-b7a6-cf94c18b9d5e,1,2,True,False
1032b028-b8c7-4b32-b43d-82efa14cc1e6,1,11,True,False
1045793c-08c7-42bb-bc1e-04eeb5b00935,1,9,True,False
1055c8f0-005d-4f7c-8a16-3215ba35ca2b,1,7,True,False
105b1c07-3bf0-4b71-8674-6d6f15f27e14,1,2,True,False
1062dfce-189e-4def-a454-8abb6c2bb6ed,1,8,True,False
106d4153-d539-4307-a253-1ab98700bab6,1,6,True,False
107fb4b3-c94c-4fa5-862d-d05dcb4b44cf,1,7,True,False
108093d5-87d7-4bb7-869d-485cf1eacbba,1,10,True,False
108644fd-5318-4778-8634-9c42c9d4eb67,1,5,True,False
108ffefb-93e9-46df-af6e-c336250f9b3d,1,8,True,False
10900124-7524-4eb8-9ba4-06f58688b3d4,1,7,True,False
10939a0a-ddf8-48c5-8343-c069a5ce13f6,1,1,True,False
1098a727-918c-4917-a2e4-ffa65e73df6d,1,8,True,False
10ad702c-e8a4-453c-b464-836a203fff71,1,4,True,False
10c7433f-c17c-4664-a3a0-29576bac8c5b,1,8,True,False
10ccdecd-bfdd-4b39-9a45-88feab924dc0,1,2,True,False
10d4200a-9452-4f9e-b7a9-b7b8fde8134b,1,1,True,False
10e87903-f7f2-49d0-bba5-254ce03b1401,1,4,True,False
10edc12a-ffae-4ee9-93d1-84d317f05a22,1,9,True,False
10f6a8b3-ece2-4972-a8d9-64cc207cb284,1,9,True,False
10fd9cce-05f6-443b-9414-e3265334941f,1,2,True,False
10ff3a4d-bbee-4b72-b355-aefd00a42f89,1,9,True,False
1108e386-4cfa-47ba-92ba-f39ba3b4b21a,1,6,True,False
110a25e7-78a1-4ee9-844b-baebbcfea486,1,11,True,False
1115b133-73a6-49ff-b6a0-8aad66a494ca,1,4,True,False
113f51c7-d2ab-466a-b6ff-c55e97402ad6,1,3,True,False
11458341-631f-4b9a-9e26-f6753c163833,1,2,True,False
1145aa67-6750-43cf-981d-843ab4f47707,1,5,True,False
114a0784-8cc8-4454-94c5-e24520569bd7,1,6,True,False
11503aba-5698-4834-9d7e-65b36463e249,1,4,True,False
11506905-73f0-4918-906e-a705053c390b,1,11,True,False
1155602d-9e03-4910-9a34-aa953432dea8,1,6,True,False
115fdebf-d786-4d39-a091-e6a758522404,1,5,True,False
1160fb12-396b-40c7-b4b7-b5a42eb3ef03,1,9,True,False
1163a7f3-8c55-4112-9520-ea565c135ee0,1,2,True,False
11722132-0820-49e0-9286-4aa70ee95d8d,1,11,True,False
1178d7ec-cc12-44da-96cc-b2351611f55e,1,1,True,False
117a1021-f6a9-462d-bec3-af70e865482f,1,5,True,False
117e375f-eaae-43ef-8255-9fb0cffe6e1f,1,3,True,False
1188857a-09a3-476f-9113-71eb5dded6bd,1,9,True,False
118de2b9-436c-47be-8a5f-2fbe286bad46,1,9,True,False
119a86a2-21a4-446a-85bb-2d1d11cad60f,1,1,True,False
11bc343a-b549-4012-b112-dd6697a59209,1,11,True,False
11be74e7-b2f7-4de6-b541-2cf1fdeebc2a,1,9,True,False
11c5d095-1ca8-461e-b9a5-34c2088bb575,1,3,True,False
11cc37f4-abff-4876-890b-353845982c70,1,5,True,False
11d30bb4-ea51-4786-b4e3-4dc37bf36176,1,7,True,False
11d3abea-1720-4564-853a-bfc14794469d,1,5,True,False
11d4b498-0777-4d93-a725-71c5f4ea2db4,1,5,True,False
11d5d7db-fb54-48f0-8f7f-db3a9163b401,1,5,True,False
11d5dbd5-fb67-4642-945d-caf016b296ac,1,8,True,False
11dc2c8f-f9ee-4609-8f2b-ec16db59f4b3,1,5,True,False
11e8d7eb-b49a-4ab5-9c05-772ce546f4a6,1,9,True,False
11e8de0c-6c37-48db-aacc-b34114510f42,1,1,True,False
11ed83d4-733c-4d2a-a14d-1fc8aedb5b7c,1,8,True,False
11f13c08-cbf1-469e-a28c-c0c88e60414c,1,2,True,False
11f5ba55-2955-465e-bcf8-e74aff120fa7,1,1,True,False
12017bbe-a16f-4b6b-b991-7eeb6487d858,1,8,True,False
120834e5-6a13-4671-9b0d-75d22ad9ce82,1,3,True,False
120a835f-3f1b-4d21-8c5d-4af1b97f06e2,1,7,True,False
120d3059-d1a0-4cdc-872e-c67162db797f,1,8,True,False
120f994c-5386-4f69-a808-872e5ddb4240,1,10,True,False
121b4fcc-fe62-4509-8b83-12959fea6609,1,5,True,False
121e60d0-9de0-4335-b3b5-44aa315a4099,1,6,True,False
1224c61c-7ddd-4f0d-8625-b0d9570c0ddd,1,6,True,False
122a5d88-578a-46c4-9c20-89bc855cf274,1,5,True,False
122edc21-378e-4652-8a41-b9d91c58b03e,1,7,True,False
1238fbf3-13e8-4be3-86ed-e3d524eef7ac,1,10,True,False
123c0b19-52da-489b-aaa4-b0c4d8d9e7c8,1,2,True,False
12479415-9607-4b91-8b70-150aa994fa0d,1,8,True,False
124be09b-cd92-4d86-a7f6-10481f16b3f8,1,4,True,False
125615bd-1c1d-4145-a304-b2c610f48c4e,1,8,True,False
125c2812-370b-4e0b-b38f-ade94db9b753,1,2,True,False
1271d508-90d4-4814-9f4b-b12a185946f8,1,6,True,False
127b7771-d965-4724-b9d7-8f828bdbbd87,1,3,True,False
1282bc2d-edbd-4acd-8277-320edb199573,1,2,True,False
1283147d-307e-4a99-9eef-b59635396d63,1,2,True,False
1287a031-1166-4a1c-a4d9-91420ecd1e51,1,11,True,False
12887238-a7f9-4d23-9700-6a81e61ed687,1,8,True,False
12950473-5534-4a3a-8a81-94948400f465,1,4,True,False
12a15e75-c8e5-427a-9e08-2124be63c3e9,1,9,True,False
12b22442-1cf0-4eb3-987a-7496bfab2295,1,3,True,False
12b256c5-e7bf-4b7a-8609-410d2a045f9b,1,2,True,False
12b3ef8a-4714-4b4e-b08f-af374127b882,1,4,True,False
12b690a2-1a85-4c3d-be01-192e01474918,1,10,True,False
12b7a203-ba6b-474d-bcdb-53b76557741e,1,8,True,False
12d2160d-6a69-4539-9b79-7445a47e57d6,1,9,True,False
12dbc326-3940-4d02-a282-95a1ec1623c5,1,10,True,False
12f52363-3624-4026-a1c3-91c22f94c74b,1,7,True,False
12fac225-92de-4de4-9d31-1ec79951ab4f,1,4,True,False
12fd222d-b7de-40a8-9a2f-35b7926c7ac4,1,5,True,False
12fee1d3-fdc1-4322-b1c5-d542b7180868,1,7,True,False
1314e219-a037-497a-a410-e9a9fed8dd3f,1,4,True,False
13158b49-a4a3-4521-90aa-91ef4010e513,1,1,True,False
131d05cc-a500-496d-b662-4df1e4044db1,1,5,True,False
1329fa50-876d-48c9-ae05-0a67f9dbb074,1,1,True,False
132f9dd4-a963-4569-b498-fac03166f856,1,4,True,False
1332f0f9-1088-4524-909e-8c651cc8dbf9,1,10,True,False
133a29bb-a5ff-4918-944a-382f41b3520b,1,1,True,False
1341cee6-6e69-4ee5-a8b7-db3da72f7f43,1,3,True,False
13465a33-7bdb-4bf3-9e0e-dd061717a7e1,1,7,True,False
1347f80f-a6df-4013-8eaa-b892eb7f9deb,1,3,True,False
134d60f2-3f2c-4c78-9352-83abd9ad89a8,1,1,True,False
134f3bf6-4d53-440d-b231-15329cf15952,1,5,True,False
135c290b-205e-4d9e-ad55-36d40bfb8153,1,1,True,False
13788c6f-65c6-41a7-bcd2-d1fcbef9b4d9,1,1,True,False
138bf941-891d-4e76-bcbd-a4877f0f5d2e,1,7,True,False
138edb83-2d14-451a-b638-db7b14c4db7a,1,6,True,False
1392faa3-9407-4701-84ad-e770424488c1,1,1,True,False
13937c9c-68ad-463f-bcc3-69003a832cc3,1,8,True,False
1399ff56-8015-4364-a65c-1721017736a3,1,5,True,False
139c6821-119b-46e7-96ed-512af37a4e3b,1,4,True,False
13a30601-f021-4836-bca2-e9268819dcad,1,8,True,False
13a4a26a-f834-4048-88e4-ab5eff457422,1,10,True,False
13b6e74e-472f-42d1-9564-fb97a9e1a81f,1,4,True,False
13bec843-37b2-42ad-9e99-8b7b3fc0e318,1,7,True,False
13cd2273-9dcf-4890-b001-d0c9d1545ef3,1,9,True,False
13d8fff9-a8af-4f99-90e2-b37cb31605b2,1,4,True,False
13db3097-c824-4ec6-a245-f6265b29f692,1,3,True,False
13ebd720-3da6-4f90-bb90-14dd866e9757,1,4,True,False
13fc13d1-923b-4f0c-8200-4b8c5c9605e8,1,8,True,False
141d3409-f2c5-4df7-94a6-5543add6a6c4,1,2,True,False
1421a492-4168-4263-a40c-d8d1f2f1e246,1,6,True,False
142c6b2c-5adf-4420-80be-1ff11e2fc963,1,5,True,False
1430192e-b9a6-44bd-a4ea-c4f98b297a19,1,3,True,False
143c3d30-28ee-46bf-b77a-0751b71e3848,1,6,True,False
1440f37c-213d-4156-b8aa-7b0b1c2e9d3b,1,3,True,False
144a5d11-1115-470c-b68a-35c5cc60e300,1,8,True,False
144bed1e-b3db-4c24-a509-02db9e5c6ec4,1,2,True,False
144d9c77-6cbd-4790-a70e-3db0474aa899,1,11,True,False
144f189b-41fd-460a-98b8-da38faccda5c,1,3,True,False
1459f25d-d3a2-415f-abb5-bcd556f2ee08,1,7,True,False
145cab9b-1c90-46a2-9788-6394efd41512,1,9,True,False
146746d3-2048-47d9-afbd-579a353cb0ea,1,7,True,False
146da900-7b00-4163-b8ee-8fd6816e23d0,1,11,True,False
146e69aa-37f3-47d4-b546-6a22ab01f02c,1,10,True,False
14709f87-99c6-4ed2-a7e5-15766f67ac75,1,3,True,False
1480f6a5-8b2c-462a-8942-cb0d8e660a30,1,6,True,False
1481df31-8317-48ad-94e0-51298a0a1f59,1,11,True,False
148b2c91-f539-4125-966e-9c3f7b21944f,1,2,True,False
14968ae5-e62e-472d-ad88-f2e2b2d3d357,1,7,True,False
14a8a2ec-fc67-4cd6-8e7d-732bf23e63bc,1,9,True,False
14be01a1-e0f3-41d7-b1d4-f331654bd8f0,1,8,True,False
14c01fb7-d04a-456f-90d5-ca460c9b1937,1,1,True,False
14c13e8a-928c-437b-92d7-f9bfc2a962aa,1,6,True,False
14c2dc1a-f48b-4d24-8481-47f511e9b24b,1,8,True,False
14ca2532-bece-4d97-b3b2-3ff6ba20fd82,1,8,True,False
14d35ffb-1bfc-405c-b545-62be171ef42a,1,4,True,False
14da180f-db1f-4feb-831b-0c14f8f12e39,1,6,True,False
14e99e25-8632-4164-b9df-d18143c7d26d,1,10,True,False
15051a12-66ae-4a0d-9fdc-5d0b2e5bdf8f,1,10,True,False
150639e6-b338-4c14-aa3c-3a152bbc295e,1,9,True,False
1509efa6-7c37-4b76-9f1b-08ef4963f42b,1,7,True,False
150c21ca-fc6e-4822-891f-c3057701e551,1,11,True,False
151708bc-b770-4b5b-a4c0-928cef56183c,1,3,True,False
15176e6a-915e-45f9-b658-9c436ec2b380,1,2,True,False
1527cc2e-94be-4fb2-9a5b-4708d96459aa,1,11,True,False
152bbc02-022a-4574-903c-c261e32abe6f,1,10,True,False
153391fd-7f9c-4426-bd5e-0d21ccd80464,1,6,True,False
153bc509-65fc-40bf-b93a-65659f242b83,1,9,True,False
153eafac-a65c-4f6a-b898-b85c8686c282,1,1,True,False
154df854-7b71-44f5-a6d3-49cbe9fad016,1,7,True,False
1556c5c2-cbaf-4f5f-9906-55f0a3fc6a35,1,5,True,False
1559fb7d-cd29-470c-a96b-e6e1c996fdf4,1,3,True,False
155abd53-0231-4c22-ac9d-b7dccdc35a03,1,2,True,False
1567dce3-d8f3-4a38-81e2-a5f4a2ea01f8,1,2,True,False
15733cdf-ac03-4df9-841c-3bea95f627e2,1,7,True,False
1573fadc-aa50-4018-ac7f-cb939478f9f5,1,6,True,False
15745e54-9e22-470b-b880-3f77b079a706,1,5,True,False
1579fa30-3541-4348-8886-1fd984a41d16,1,10,True,False
157b4d00-035f-42ed-800a-16c3438744a1,1,9,True,False
158b6142-31b4-4fa8-b993-bc29ba0b81a9,1,10,True,False
15a38651-7855-492a-8bf8-3b1a115a2696,1,9,True,False
15a5d0cd-e818-40f3-a0ac-c7bd3a6eaaaa,1,5,True,False
15a887bf-5271-46b4-913b-0350a5689ef0,1,2,True,False
15b94dee-40cf-40f6-8847-bd18f218e3c5,1,3,True,False
15ba5fc8-57d0-49e9-b91e-e1c55e360bac,1,3,True,False
15bd1cb9-8385-4708-8288-fc1e91c274e6,1,9,True,False
15be8020-e557-4e3a-bbdc-b639429e6eb1,1,5,True,False
15c084e1-37d0-40c6-8906-37a9641f8859,1,10,True,False
15c3ad49-9462-4663-8e99-921e41adb159,1,9,True,False
15d45c9a-77d5-4555-9319-b934b8676923,1,7,True,False
15d8a49c-da05-4ed1-b1f4-f0c0569426d7,1,8,True,False
15dc57ae-ef20-4f43-9c46-99d9dd05d13a,1,11,True,False
15e00eef-ce7c-47d6-838e-3f3d97e35442,1,1,True,False
15e82b83-62da-4792-b21a-6208955abcd9,1,11,True,False
15e9b2d3-ebbc-4c80-ac3d-b0bbfa9fcd32,1,5,True,False
15f405fe-9628-4a5d-bd8f-c4a429d6e015,1,1,True,False
16032ab7-4062-405f-9ef7-bc5f4f69c248,1,3,True,False
1607e7ad-2066-4787-9464-1af2947695c1,1,10,True,False
16087b70-e0ff-48dd-b3eb-4174501c976f,1,2,True,False
160bcbd3-c2e8-454b-95ce-1e256122b6c5,1,4,True,False
160c3065-db14-46c8-9274-f754ff8b1809,1,8,True,False
16135435-fd91-46e2-8245-3f85987c3ea3,1,11,True,False
1621f47a-bd72-40e4-a3f2-a6530d51e4e2,1,7,True,False
162c0d10-8eb4-4729-a8fe-a9df5f00e8b0,1,6,True,False
1640257e-fccc-4934-8281-05e1a09b1876,1,3,True,False
164359c8-1838-4d25-a6e0-e1ea782f4aa9,1,5,True,False
1652281f-1024-42cf-990d-679f830d75a3,1,11,True,False
165b671b-88c4-4d92-8dc3-0f43228fafcc,1,4,True,False
166a2433-3561-4ae2-b4d1-d23f01a0cb2f,1,3,True,False
166c2e52-f543-4f2e-a26f-a7fe181a88a7,1,8,True,False
166cd3e9-dddd-4e57-8578-3386c0a40f0d,1,8,True,False
16755bb4-98b4-4ac8-9ee9-7c22149dd846,1,7,True,False
167758f3-48bb-41f6-af87-56f88fdbe641,1,2,True,False
167ee9c4-7ead-4042-b6f8-61ef21981dd1,1,3,True,False
16861a15-4fcd-46a5-ba86-f41a719b47e1,1,5,True,False
16880e60-01a6-434c-be1b-7faf5317148d,1,11,True,False
1692cb1b-919e-463c-bc9b-ddea8b5c2f26,1,1,True,False
16986e1b-99b0-4b3e-a607-4d93ed70fd49,1,5,True,False
169e5561-ba4e-4268-af0f-8e3769f7198b,1,8,True,False
169f01ca-c6b3-4467-8e36-56d6b08b6461,1,9,True,False
16a24a35-b21b-489b-b5cd-cd2b94a0973a,1,6,True,False
16a7f7f3-208b-42ab-9a72-885216f0b9c1,1,10,True,False
16a8afc6-9c49-49bc-a909-82a907645369,1,5,True,False
16aa4e92-ac8e-46fd-9183-1922bb349096,1,7,True,False
16afdbe0-cf67-414a-94fd-16ed9e4c6612,1,4,True,False
16b8792d-3a67-4849-a513-0b1434c559e6,1,6,True,False
16c40848-dc8f-4f74-b763-30819c8c9e59,1,4,True,False
16c5311b-2759-4bc4-b451-74ae728ca66f,1,3,True,False
16c785ab-0b78-4425-81a7-1b3bda28b5b2,1,5,True,False
16d16a8f-9af2-480f-90e7-047e1848ca5f,1,7,True,False
16eb39d4-426c-46f3-8a2b-103acdb35ddf,1,10,True,False
16ece785-823e-45c3-afdb-954fb932cf50,1,4,True,False
16fe85dc-6861-4fda-b0fb-a6833dfe7881,1,3,True,False
17192d09-c67c-4eb3-b8c6-01a1147e1ab0,1,10,True,False
171eed49-e370-40ba-96cc-5b41b26b5d0d,1,9,True,False
172c0a51-74e0-4e1e-b377-9dfd71644b05,1,1,True,False
172d3246-c05b-41c1-9eb9-4d2748453a44,1,9,True,False
172dfde2-d45a-45a6-ac32-aad4c8d8e95d,1,8,True,False
1736f548-2663-40a6-83ae-c86fa67a57b6,1,5,True,False
1741d8fd-3a72-46ad-af1a-8345aad5ab63,1,3,True,False
1742ded4-f7f9-4b08-92de-39ab16f4c3cb,1,4,True,False
174cffdb-416a-4a1b-926f-57041cf039f6,1,10,True,False
175d2db5-c2d3-4bad-ae70-e14f73ef8b25,1,3,True,False
1768ac9b-bc30-4162-80a1-3c4d2917c150,1,8,True,False
178f7442-e3bd-46fb-9e11-00e91a34c86b,1,6,True,False
179ea61b-5713-45d7-afcd-79aaddee32d9,1,8,True,False
17a99613-9dcc-472f-aa50-c62409f30103,1,8,True,False
17aba8b9-dca7-445c-b36e-35ec39afbf26,1,4,True,False
17ac5261-026f-41e6-ba15-fc1c7226767c,1,9,True,False
17c13bc0-fbd3-4479-bca5-50b9fe5f2474,1,9,True,False
17ce5c97-6e18-4c27-8acd-ef11481e9519,1,1,True,False
17e13473-5752-43c2-b9ee-670e6085947b,1,7,True,False
17e86461-8a21-491f-92ad-c52b07d7f161,1,11,True,False
17eca6e3-3f87-4c79-ad08-03e436251ef3,1,1,True,False
17f5ade0-4b53-43f5-b0f2-3a4e7c67d9de,1,3,True,False
17f667ff-163f-484f-8243-3d22f405db5b,1,7,True,False
17feda6e-eb8d-4785-88b9-5c0242b994f0,1,9,True,False
180ecb3f-ec89-4e3d-b0ac-59d4faff0ecc,1,6,True,False
1810452f-ceaf-4812-b779-53ba4f9f7de1,1,11,True,False
1811dbe1-0b79-4eda-92e7-5363154522e4,1,1,True,False
18125d3a-149a-4594-b775-b9c9f6270350,1,11,True,False
18191ff0-18bc-49e9-81fd-dc5099517c1b,1,6,True,False
1819b9c2-9475-4455-ace2-a2f236a725d9,1,11,True,False
181db784-7b9e-46df-9584-20192c0b53a4,1,5,True,False
18256dec-fa6b-43bd-9fe4-c0c2124d916e,1,9,True,False
18301ef9-711d-40b0-bf4b-9ea4620654ec,1,4,True,False
18332bc4-d6eb-40de-8f49-3077e00a6607,1,1,True,False
1848cc91-6c5f-4590-a629-db8dba55748c,1,3,True,False
1853cfb3-44bd-4cf7-b909-ba589f27fc42,1,9,True,False
186024ff-80fe-451a-92e5-878f62082e77,1,2,True,False
1869750f-b439-4f73-98cc-24f41f757b19,1,5,True,False
186a4a0a-8c8f-4ef5-9216-af5542d7cfb1,1,6,True,False
186fd9b5-44ab-49a0-a99c-88e3347ce258,1,10,True,False
1870a472-8032-4672-9859-d40842b722de,1,6,True,False
1876b55d-be6b-4ebb-8be9-e4b5f75fb08e,1,9,True,False
188bd2b6-38c8-4c54-95ff-eb7b2c0c98f5,1,11,True,False
1892ef15-eb7a-4e0b-90c7-97cfd55b7f61,1,4,True,False
18b44917-a759-4dfc-8191-a355c8b1ef43,1,7,True,False
18be2c06-a965-49f2-a4f1-ddee81f790fa,1,6,True,False
18c49ed1-e608-4a3a-b91a-66fbabd7ed42,1,1,True,False
18c75d06-a34b-4d5d-b077-7e5a523e96a7,1,11,True,False
18debeb2-f399-4255-8bfb-4394d9f2c49d,1,4,True,False
18e45797-9dfd-455c-831f-5f440d60bbba,1,10,True,False
18f30d4f-4d46-4965-a520-eeef1a0bbf9a,1,11,True,False
18f96e81-9434-4b3a-b5a3-214fcd11e55d,1,1,True,False
1901174c-fe0c-4245-a55b-f7c64ea79814,1,6,True,False
1901d1fe-4472-457d-bcae-0af8fc43c601,1,2,True,False
190ac456-5ea0-4efa-8a46-acd3e67f5485,1,3,True,False
19122fcd-5cfd-43c0-a7ed-620bb90a626b,1,5,True,False
192258fc-eaa8-4d97-9b49-cbaf2b1f5acb,1,2,True,False
192342c3-8fb3-4a0f-9657-b79b29a8c27c,1,8,True,False
1951b061-1864-4114-8758-1280e980860d,1,5,True,False
1958a1f9-86ae-430a-b573-31d88723d1b2,1,4,True,False
19685858-e712-4cfa-80c7-06e6d3fc8f60,1,6,True,False
1972cb91-16c0-4607-bc50-07cf9d1d5fb3,1,4,True,False
197bcba9-1a0c-4607-a27b-db362f2ccd43,1,3,True,False
197bed4a-52ad-4829-ae53-568903c9ad2b,1,5,True,False
197d6cc9-0c71-47e8-8795-50a413b2f4d9,1,1,True,False
19966e28-a36c-4958-b844-1f7cc5913d80,1,11,True,False
199737db-9298-4ce8-9482-34ee1ae9c07c,1,10,True,False
19973a96-80f0-4d7a-a97c-8bb64d25da8a,1,1,True,False
199a7fd0-1c75-4b78-9ac1-76c28e7f0a0a,1,1,True,False
199c7d90-0f3e-4d99-9542-821f75cf27ae,1,6,True,False
19a1a0df-31aa-4228-9ba4-6d3aca6f130b,1,5,True,False
19a7cbf6-ac2e-470a-a242-774c9382f8df,1,1,True,False
19b03d60-cf81-4944-9c0d-9dd049a0ace4,1,7,True,False
19b53695-ef42-460f-b975-6676f08a6b1d,1,7,True,False
19b89b44-a03d-44a6-9a93-eec740ab935f,1,7,True,False
19bdec98-6a1e-49c9-8f8b-756c2ba4446b,1,11,True,False
19be3553-36a1-4a0a-ab4e-b16cba80be69,1,2,True,False
19c46ae7-b20e-4425-8bc2-8cd9868d02fd,1,10,True,False
19ca41f2-7107-4453-b94c-94a8a9ba70a2,1,8,True,False
19cb3a07-7289-4a2f-82d6-8661ae8a1cd9,1,10,True,False
19cd9df6-2eec-4b62-9f14-34d2cbde7d62,1,7,True,False
19effbbc-d1b6-41fc-96e1-51e2255f6191,1,1,True,False
19f26991-e708-4d70-a92a-1757722c321b,1,3,True,False
19fea77f-7a36-4468-a1b7-4622b3ae19b6,1,5,True,False
1a00d4f5-1f35-4fc2-9016-261c8803be61,1,3,True,False
1a01f4c2-ed21-4f4c-8cd8-c7b13393781b,1,8,True,False
1a04c550-dda3-4425-803b-d79ce8427e02,1,9,True,False
1a08ad2d-c692-496d-81da-7b0f361046d8,1,1,True,False
1a108131-2b63-4d73-908d-8d5ac19404a0,1,3,True,False
1a1cc300-879e-414b-b87c-d0f54f978555,1,9,True,False
1a322730-71fa-4b9a-926b-7b1f2baf3699,1,8,True,False
1a3cfcae-3a2e-431f-9dac-28fbb3036df3,1,7,True,False
1a3e967c-b401-499a-b9e9-4de26e6f7045,1,5,True,False
1a4ef0c5-4aba-40dc-b8db-6857d52f81c8,1,2,True,False
1a57367a-7162-4bd3-b501-df6cf921b49e,1,6,True,False
1a57898d-e4ba-4959-b9a0-f42fdefc3dee,1,10,True,False
1a5bd512-aed8-46ce-a0ce-f1d62a4e77b0,1,4,True,False
1a5cbfa8-fa95-4ebf-836a-dc54f706a9f5,1,11,True,False
1a6586dd-deec-45e8-a8fc-5287a2c1b189,1,8,True,False
1a66d6ff-bdeb-494d-a956-c9ec54943bfb,1,1,True,False
1a70593c-d7df-4aeb-8b2a-d58ef26decbd,1,10,True,False
1a78469e-ad68-4ce2-b146-27b9421aca3e,1,7,True,False
1a856f61-d868-436c-b566-1c1400ebb5b2,1,10,True,False
1a901cb2-04bc-4fd1-98f4-1185785fcc04,1,1,True,False
1aa4d58a-fe32-4470-9876-0e9e7dcdcadb,1,10,True,False
1aa694b0-7339-431b-9940-8b64aed536f4,1,9,True,False
1ab0365e-9713-44c8-bf9b-e1eab7d6928f,1,10,True,False
1ab22b64-ff0d-4656-b889-8b0317800b93,1,11,True,False
1ab4a0fc-4cd5-45b5-9093-d48e9ca4201b,1,5,True,False
1ac121d8-239d-42f6-8500-c28354d28062,1,3,True,False
1ac6798d-e3bd-4651-8151-2230af5ed303,1,10,True,False
1ad5427b-ae11-4c81-ac03-df57c79358ef,1,5,True,False
1ad73675-72d7-490d-8e1f-4c7f260ce37e,1,8,True,False
1aef832e-f40a-4646-aa96-b84f542faef1,1,7,True,False
1b016e23-a23b-4cae-b102-3270d2dee2dd,1,4,True,False
1b04bf5d-1602-4365-890c-ad198cf3eefd,1,3,True,False
1b127157-ec80-4c54-ad3c-b9351e0aa2a2,1,4,True,False
1b195089-d5f8-4128-a674-bbac05733b98,1,1,True,False
1b314796-cd4f-4ead-8800-4491da3d3d37,1,9,True,False
1b415996-c664-4e84-9cd3-38b053827d52,1,8,True,False
1b4228ce-9f31-4645-a9b1-529e6b03b254,1,11,True,False
1b49dde3-bc1f-460c-b178-2ce34d57ef7e,1,2,True,False
1b5bd263-9986-4127-8197-145f3951e53e,1,1,True,False
1b6058ae-8bb8-456b-a03a-37c38a25e582,1,4,True,False
1b668d31-3db9-4f7f-b7c9-22078c19502d,1,10,True,False
1b68abeb-fc6d-4981-9e9c-ea4dcdb3140f,1,3,True,False
1b71c5d9-0a73-44c7-a113-089669a3bf12,1,11,True,False
1b7553bd-7e96-4ad8-95da-8465be1e84ec,1,2,True,False
1b8859fb-e627-42b8-b12a-c0942a88bc3f,1,8,True,False
1b8d7cc3-a028-4104-83d4-827200b3bb9a,1,2,True,False
1b90b830-d677-45b6-8c3a-af6907554837,1,5,True,False
1b933c59-e659-4b31-a259-f1a45263e27b,1,5,True,False
1bb02361-d65d-4f27-9810-a3b90d468c32,1,5,True,False
1bb417d1-c4da-4a12-b87a-111f8d07a87e,1,8,True,False
1bb59c64-4cb4-4a81-8663-6d66e9cd11d3,1,4,True,False
1bbda92d-c252-430c-ae44-8c12850440f5,1,7,True,False
1bc10a31-6144-4e7d-8035-a7973d394005,1,7,True,False
1bc1a44f-9bc6-4b27-8acd-421c2f5567b7,1,9,True,False
1bc228a4-3b50-43b4-a01d-4904c73ea465,1,4,True,False
1bcda59b-772f-4855-9640-15c5ffefa3ad,1,7,True,False
1bd01e4f-823c-4bc0-a615-8b3fa13d859e,1,2,True,False
1bd29536-095d-445a-8cd6-51f09812aeee,1,10,True,False
1bd3b575-f1e3-4cc5-a17e-e1afae259a3e,1,3,True,False
1bda31f8-50a3-49c6-a098-3444a1e4eac1,1,7,True,False
1be2787f-ca3b-4c4e-9846-49c24ad9e607,1,10,True,False
1be93d88-0eee-418f-8bfe-194859f0f856,1,10,True,False
1bf3014a-b338-4117-8d4f-33f9b1344176,1,6,True,False
1bfaec6f-1a23-4e8b-8801-04df98ebc404,1,5,True,False
1c016d3c-77f9-4cbb-858b-610ccb8de382,1,6,True,False
1c03e77d-6229-48d3-b57a-30ddd89a8f3e,1,11,True,False
1c07826b-6409-4fad-a342-0a558b6fc46c,1,2,True,False
1c0af88e-87a2-4b62-adb9-6ce4e6ef6806,1,6,True,False
1c1fa331-5010-47d1-8cfe-f86279d0fa2c,1,2,True,False
1c2466b0-9aa6-48ed-930c-913d7b7888dd,1,4,True,False
1c27c34f-5661-4c77-8b5a-8de2e78f7de4,1,6,True,False
1c2e6819-373f-4385-b562-de5de95468ea,1,9,True,False
1c4767a0-7820-4786-82dc-29fa5336870e,1,2,True,False
1c49b8b4-4271-4856-8d9c-04109fc9e68e,1,1,True,False
1c567e5f-7fe8-42da-9a22-910dcf1ab2bd,1,11,True,False
1c58eb2e-10bd-485a-8ea0-2de9e63c909d,1,8,True,False
1c83b43d-4d6c-470a-a27d-abdff3c3ffed,1,10,True,False
1c8fcbd7-3f57-4c69-b973-5e2443f64a5d,1,11,True,False
1c9339ed-ae58-4745-9eb4-f86e6d8c6b02,1,4,True,False
1c95c8ab-47fc-4318-937b-e4a04cd59580,1,6,True,False
1c976393-2c3d-4a42-af5c-23b348876d47,1,7,True,False
1c9e6917-8c4e-4f5c-9411-dda00db20a95,1,9,True,False
1ca79a06-1257-44c9-9c70-73a55e60bcce,1,6,True,False
1cbb00f8-b081-434d-9272-1b3f367d9017,1,2,True,False
1ccaab07-4323-4e97-b0e9-65975b962f34,1,5,True,False
1cd1be9e-e18f-4398-b6f9-9cdfc01c448c,1,2,True,False
1cd617d4-e3e9-4faf-a839-48f1a55042fe,1,6,True,False
1cdf92a5-5dd2-42cd-8625-59d9acdc4783,1,2,True,False
1cefdac7-d052-4ad1-bcd5-ae1e08806dff,1,5,True,False
1cf0c6a7-9f6c-4a32-9732-29cfeab8101b,1,2,True,False
1cf60c7e-c79c-45d1-b153-6a400b47b519,1,2,True,False
1cfea3c5-0969-48c8-969d-1be5e60475f6,1,1,True,False
1d020a19-24e0-4557-b4cf-e600bcec17d0,1,3,True,False
1d04a3c1-6df0-4cab-9c42-393868ca9c27,1,6,True,False
1d178104-a999-4ee4-84cf-2f67f2fd0e51,1,5,True,False
1d19a40c-c1b9-4d33-b38c-f8b01c7f6d54,1,11,True,False
1d30f040-640f-4e83-923f-8c826767fc98,1,10,True,False
1d324172-16d2-4dfb-a9e0-59af1806ef03,1,7,True,False
1d33c352-4eef-48cc-be14-343d64c7a541,1,2,True,False
1d35db28-01dc-4872-96e5-aef284df3aa7,1,1,True,False
1d3a2179-49f7-4256-bcd6-8d468bd78e81,1,4,True,False
1d3d46de-c825-4626-b293-76ae9283b432,1,1,True,False
1d4b777a-4592-4281-9a8f-5ab02b82e228,1,5,True,False
1d54d1e0-2659-49be-a271-0f6780df9fc7,1,11,True,False
1d61a5ae-092f-46bd-b3f6-57da6388cd8c,1,2,True,False
1d6cef75-a27e-4c8e-9aed-14e621aa8714,1,4,True,False
1d6d7aa3-d30d-41e9-b3fb-f4e53ae5acf8,1,4,True,False
1d6f6c5a-4c81-4242-84fd-47e38d295fc2,1,2,True,False
1d70f9a2-882e-4907-bf5f-0bd74e527efa,1,5,True,False
1d77f8f1-aa8a-424e-9ec6-1a0e2a07bdc4,1,2,True,False
1d84e4d9-c2e3-4598-8c1f-6010c79cbd4a,1,4,True,False
1d8af331-8d3f-4791-a98a-189d71ca7e96,1,11,True,False
1d8e3f2b-146c-48b3-ab82-00ee01ed2098,1,7,True,False
1d943820-e0b0-4f05-a735-7e584c7e32d1,1,5,True,False
1d94bcf1-0250-42d3-9db3-240747ad85bc,1,6,True,False
1d9538bb-5954-4801-889c-1d61085ca95d,1,10,True,False
1da05893-bae6-4b25-ae3e-772ffcc1c3a4,1,10,True,False
1da18db4-e18e-47e0-8bd5-474c2180563e,1,6,True,False
1daf926d-a3e8-4da5-869e-128626fff853,1,6,True,False
1db664ba-1366-4042-a461-97111abc0b85,1,4,True,False
1dbb5275-0477-4367-9137-343bbde552f8,1,5,True,False
1dbe3139-1d42-4a1e-80b4-d0086543503e,1,4,True,False
1dc3c86a-9912-4cd3-8153-28c0aac282fa,1,4,True,False
1dc63b58-59e9-4ca3-a4f6-6454d88a8402,1,8,True,False
1dc78ad9-fc6e-4496-af45-1a390c040e9b,1,9,True,False
1de14134-7a31-41e8-8c44-744ef8cfccd0,1,4,True,False
1de4ae3b-1e87-4631-b3f0-efb0ae576693,1,7,True,False
1dfbfee9-7342-4a7d-a6c6-051376f72b2c,1,8,True,False
1dffaed9-2e66-4196-a2be-febdfd5c5cba,1,9,True,False
1e037d7e-4d1d-4835-bd25-2a74cbbfdb25,1,11,True,False
1e08a040-4d83-45bd-929e-c89d7841bade,1,7,True,False
1e0bb2f6-8368-4322-b939-16f8372e91de,1,2,True,False
1e163dc3-4be3-4b62-8dac-36e7419241ba,1,2,True,False
1e399b74-996d-43b5-9191-fb8017af7392,1,10,True,False
1e3dc85a-ccae-4a7c-9895-1c568399f038,1,2,True,False
1e3f169c-ceaf-4aee-9f32-e7eae7b6aa41,1,11,True,False
1e429368-785f-4e41-b3be-0400efedf808,1,2,True,False
1e580705-0d73-49e7-a202-4610c2fa01cb,1,1,True,False
1e5c0b3b-0b9a-4afa-a27f-b469d55034f4,1,1,True,False
1e5cfb8f-626a-464d-aae5-6bf873b611ec,1,2,True,False
1e6ff662-aae6-44e9-92c8-d601ce9b67e1,1,7,True,False
1e749205-c9a6-4d68-8266-5d0f407225b4,1,8,True,False
1e92eb13-f3d6-47c3-a149-e03fc3ec1628,1,4,True,False
1e984c3b-b3c2-434e-9f73-7d0185c184e1,1,8,True,False
1e9de00c-7a4e-44d9-ae26-2cebec5dccdc,1,6,True,False
1ea0a464-ea1a-4c6d-8942-f5052cab716b,1,5,True,False
1eb6bf49-33dd-4cc9-b412-1f30e7822c60,1,6,True,False
1eba2ef1-3463-4f27-914b-e89d0d220d0d,1,2,True,False
1ebab1b8-eebf-4818-8e07-a36119050bfc,1,3,True,False
1ecd8c25-423b-43cd-9591-96bff341e1da,1,5,True,False
1ed3e66c-ae8c-4800-917d-dbbdbe850241,1,2,True,False
1ed55061-ed02-459c-a624-e169384d8197,1,5,True,False
1ed6297f-0e52-4455-8e11-41f9d884e8c1,1,4,True,False
1edb8700-949d-4436-8d30-54b5077ac585,1,5,True,False
1edebd36-0cca-4967-a940-024cf1ecd273,1,2,True,False
1efa080c-f155-4dba-aea6-1097e551697e,1,2,True,False
1eff1e1d-b0c7-4672-a7ba-d59462735479,1,7,True,False
1f004eb3-84df-42a8-9320-c79e5ad5add5,1,10,True,False
1f00d513-99ca-4f9f-98e2-8613c7d5921e,1,5,True,False
1f00e414-7545-4ec1-a034-d52ec89897cd,1,3,True,False
1f01ae0d-38be-4b17-9157-6d3ba7de2c89,1,3,True,False
1f0509ab-3a1a-4116-a87d-ce4fe127104f,1,10,True,False
1f2182aa-6a29-4c92-a571-4952b3b9bf58,1,7,True,False
1f24a911-14aa-4451-a8a9-e5e949548579,1,10,True,False
1f3a55fe-5fef-4632-9a1a-f716654b64b4,1,2,True,False
1f3cdffc-1e8f-4825-b4f2-571ce8eebe4d,1,7,True,False
1f42f899-a563-416d-95c4-4e53bfa58cd8,1,6,True,False
1f4b48f4-4097-4d06-a569-a81acabef5b7,1,3,True,False
1f4e2961-2a42-4874-aff7-1709fc84ba13,1,1,True,False
1f5011d6-14e9-4ae8-bbfe-e9c611525cea,1,5,True,False
1f51c382-bd74-43db-aa68-baed58b36aa3,1,2,True,False
1f548d1c-a5ea-49cf-b8cf-c13c843c3c07,1,9,True,False
1f59e2e0-8bc6-4e6f-84d0-c5b75604792d,1,1,True,False
1f734e49-048c-44ad-b28c-6ad2657cfa1e,1,4,True,False
1f7389c1-2fa4-4d9b-b12f-ea1458c4be7d,1,5,True,False
1f75a6f6-f004-49ed-b7c7-ff39b524ec36,1,1,True,False
1f75f820-51b6-4ad5-8073-f2eb93ffa8e1,1,2,True,False
1f7f142c-6725-4bf8-a9fc-3503457b8aea,1,4,True,False
1f82a391-0692-4851-9cc7-e4c5762a6215,1,11,True,False
1f87beb9-ec64-4a25-8ab1-9a45d3e283e9,1,3,True,False
1f8efd81-a29e-43da-91c0-db1ef822f50f,1,5,True,False
1f8fffee-2c3f-4ded-b5d8-38b6df0f94ef,1,11,True,False
1f9322d5-3b30-45a7-938f-75bbdfec459b,1,7,True,False
1fa35fc7-52bb-44a6-964a-9134eb309243,1,8,True,False
1fa519d1-6437-4ed7-92d5-aa4252bd5854,1,1,True,False
1fac754a-a8a4-465e-85f5-70f9b0e18cdf,1,8,True,False
1fb018f2-8fa5-49fe-8ca8-75cf53d6aa85,1,1,True,False
1fb5372e-1249-423d-aef5-e98135b01b74,1,9,True,False
1fba0a11-a8c9-4287-b4b3-19cd51513673,1,9,True,False
1fbc6af7-de5e-4108-adf0-60803bfd9a8f,1,8,True,False
1fbfbaf6-bd2a-45b4-b0ac-c8a640675406,1,7,True,False
1fc4d2e3-ed67-4008-a7cb-bb882d1e283d,1,8,True,False
1fc66428-beb8-441f-a13d-279fcab09f0e,1,2,True,False
1fd614e2-c048-4c7b-a447-1cdb43af0e89,1,5,True,False
1fe4c506-be09-4681-83e9-45598d9b7ad3,1,8,True,False
1fe6d835-db60-4ec3-a1e7-28192642b99c,1,6,True,False
1feafc31-d7b5-409c-9cc8-569f2048418c,1,9,True,False
1feb9e51-f068-42dc-9a63-378f69091a41,1,9,True,False
1fecf8e5-9410-4302-a831-720bcc5a61cc,1,9,True,False
1ff43c7d-4760-40de-b87d-fc0c6bdacc8c,1,9,True,False
200347d6-ea88-4559-9368-3e5c94eef27b,1,11,True,False
2005e433-10c2-4b18-9248-f546394bd86e,1,11,True,False
2013ff67-48ec-4030-abe2-50846395c155,1,11,True,False
20141751-8627-4be2-8323-998c8ad00b2c,1,9,True,False
2015c3c6-6385-493f-8594-e8e83b32f6cd,1,4,True,False
202a1114-dbca-4250-8098-ae01efc2d148,1,9,True,False
202bb285-eadf-4324-b0f2-acb6ad48cefb,1,5,True,False
2036b621-f261-4147-a2ca-6f891ca27a25,1,3,True,False
203ae70d-0c9e-4405-b5bb-4a8cf5ddc3a4,1,5,True,False
203bb9ac-8bb1-429e-bc15-254beacb7c69,1,5,True,False
204072cf-c99a-40fb-88e4-c46c0099b055,1,7,True,False
2048d527-4cd9-47bb-a266-41e6ece8d9d8,1,3,True,False
204a2a7f-a4d9-4199-bd66-bff06bf8a2ae,1,2,True,False
206c0aa6-8443-4194-8997-f6a8fce4c8b0,1,9,True,False
2070a840-057a-4df7-b463-cb6a3c71bec9,1,3,True,False
208cc87d-b76b-4571-b972-3d47aa87c609,1,4,True,False
209023a1-6e0b-490e-9b5c-24eca9bd11ba,1,2,True,False
2092bfdf-b1d5-48a8-972e-7aa6f8be3040,1,6,True,False
20935cf1-56b5-465f-b256-07739f81c6c2,1,3,True,False
209b821e-ff96-402d-bfd0-ff3cdf915350,1,3,True,False
20a814f4-27a1-471a-bb08-6da3d98e3cea,1,7,True,False
20ac5dbe-f183-4a7d-a9d8-b77eb8ee6a83,1,8,True,False
20b0ee33-bc3e-4b42-b788-54ed777390a7,1,4,True,False
20bdf3be-b957-406f-bf78-7b795d934f02,1,9,True,False
20c71100-2827-4d27-a1ec-4326ec40b1ee,1,4,True,False
20d6cd2b-fe21-4395-a121-2819eb075aca,1,2,True,False
20e7eac4-753f-4ba9-a65e-7194abbd8b64,1,1,True,False
210b6258-75bf-47bf-a80f-f463e619adb1,1,2,True,False
211a6e87-5e50-48fa-8920-f9ba6c31967e,1,6,True,False
211ef2e2-74b3-4f97-83e5-c269a8c277f6,1,6,True,False
211f0c6b-8149-4051-9111-da1f63e83be4,1,8,True,False
2121765c-6d47-4af1-99ac-581f58f86627,1,6,True,False
212eec08-a414-4de2-8235-c8f60ac87374,1,8,True,False
21309a78-ed1d-4e52-87c0-e1975984d143,1,5,True,False
21361bcf-5e55-4ded-8fd1-2baaf9c649b2,1,3,True,False
213829bd-c38d-4a71-9400-cf16e3c1a79d,1,9,True,False
2146f310-b816-479f-b55f-c469330a6d43,1,11,True,False
215056cd-3197-4f32-9a4f-4b2e7619bfad,1,11,True,False
21520671-cd81-48d5-8033-c2eef6e9da1e,1,1,True,False
215d0fb8-84cf-4cd0-9ef3-5d11c845422c,1,2,True,False
215f4804-161e-4a99-8165-6b6db3d07e8d,1,5,True,False
2164e2df-6113-4588-aa6a-4f69cc60864f,1,5,True,False
216629cc-7d95-4b18-b739-ae1db22bdd41,1,11,True,False
21674192-6219-496b-acc0-0e8a69a12981,1,3,True,False
2167f7db-a68e-41a9-8c5d-2b001196b99b,1,7,True,False
2181e09a-db4b-45ad-b4f8-c0fc992c7d31,1,8,True,False
218b195b-efaf-4728-b16d-a806536df9a4,1,8,True,False
218dcb1c-1f63-4e73-afcc-3e6bbbf91394,1,10,True,False
2199452c-e76c-4592-b3ed-11d0e718faf5,1,9,True,False
21a33894-196b-4229-8fdb-ee26511c9f0c,1,8,True,False
21a3424c-78d1-4ecb-b49e-52d9032ccd93,1,7,True,False
21a86150-2e68-4914-880b-41deea6bc518,1,2,True,False
21aa38b0-98bd-496a-91f7-0895f40a992d,1,11,True,False
21b3c2dc-beb3-4c48-834a-184e1803caa0,1,11,True,False
21b60d4a-7a47-478d-942a-9600ddb2ea19,1,3,True,False
21be0d1a-a1c1-4815-b8c3-7576339fbe49,1,5,True,False
21c94f4f-7132-4c5d-985f-56141668a12b,1,11,True,False
21deafff-430a-4e47-b238-59c851686605,1,10,True,False
21e1e80a-d6dd-48db-96ef-d4fcdb094653,1,4,True,False
21ea3366-d874-4b13-a121-2c3b2095f824,1,10,True,False
21ea6344-2d2b-4bb0-9575-0fc8783b003b,1,1,True,False
21ecffcf-16f7-4628-93fc-99de9ee4f46e,1,8,True,False
21ed5998-b8d1-43fd-a88a-4663f04eb44a,1,5,True,False
21f1c0ca-a129-4563-bad7-55f0c95aefd3,1,2,True,False
21f76a3a-4f52-4c65-b374-b12c90c9a31a,1,8,True,False
21f9d2bf-0a81-4588-b563-8f47ddb4a60c,1,3,True,False
21fa0b28-e905-4035-96b1-086eb92c7da3,1,2,True,False
220b516e-186d-4a32-9b9f-b748586ebfe9,1,1,True,False
221c539a-3bb1-4e41-a8a9-2eeaf5146da2,1,7,True,False
22243f8c-9527-48a5-8061-1d70363d5345,1,5,True,False
222565e6-bb53-47f0-9129-8a9df9b970f5,1,9,True,False
22284a2d-552d-4607-97da-609ab9633124,1,6,True,False
22446fc3-9c0f-453b-94b6-5854d8d08f7a,1,11,True,False
22555f8f-686b-4da9-bc67-41706603ea63,1,10,True,False
2255facf-6a76-4d49-a3ec-6ba03948e25e,1,7,True,False
225cc934-f859-4968-a899-ceb8a93d1edc,1,7,True,False
225d8c15-8609-49e6-94fa-0ee8fb9a11d6,1,4,True,False
2269c0f8-b0bd-4be3-8dd7-aa8be1a507c7,1,7,True,False
22711e54-b4a6-44ab-a12b-7c82df81fbcb,1,11,True,False
22824881-a2b2-48cd-8015-ddc9c8b4bdfa,1,9,True,False
2288ebdc-16c3-4bac-9011-d042f3090d6b,1,9,True,False
229b0a50-fd91-486d-a50b-ce1dcf867d71,1,1,True,False
22b306fb-31cc-4b8e-bcce-caee57dfc1f8,1,5,True,False
22b4855b-c3bc-4aed-8a2e-2ceb09b3a6bd,1,3,True,False
22b82b84-82b0-40d0-9964-0d04c6bc8a21,1,6,True,False
22c1132a-b9a0-4ca1-b6f6-38919178d133,1,8,True,False
22c4a2e5-99a3-443a-bdab-ebeb53f9c8d5,1,3,True,False
22c6ab1d-4430-41e3-9e76-045ac48c5b88,1,9,True,False
22cc6fb3-c9dc-4b27-a37e-395044363755,1,3,True,False
22d3c95d-32c4-4586-85e4-8099578d89d7,1,3,True,False
22d6a5d2-3f64-46db-b1f3-20811f8f80d8,1,5,True,False
22ec77d0-0db8-4cfb-a009-7d9ec04381b5,1,4,True,False
22efc26d-1380-49cb-a3cf-14bb25813a7c,1,5,True,False
22f37b60-8996-4907-97c4-adaac8e9d515,1,7,True,False
22fcdfa0-f699-4de2-a929-a05edbe2d404,1,9,True,False
23010cd9-0a85-4edd-bf51-dd89b6182e2c,1,5,True,False
2309d069-e6a2-4a3e-b4b3-210ef25d1c6d,1,1,True,False
230e4820-ada6-47b9-8b4e-2f8ecd39a837,1,6,True,False
231dfca0-828a-4403-b2b5-f4413b57d021,1,7,True,False
232a3b19-ace5-45e7-92b9-80435b8007ec,1,7,True,False
232d0c01-734e-4580-b2dc-bac91e0b88d1,1,8,True,False
232d6c4e-5270-4d4c-bda0-3aaa00f9d6a6,1,11,True,False
23304a1b-6196-4b6f-baa8-882274725d04,1,6,True,False
2340f6b6-1992-4a65-84ea-5408ef21de91,1,2,True,False
23419852-d888-48cb-96c1-a783bda3cb67,1,8,True,False
23442bef-13c6-41a6-a806-d8c862449cb7,1,11,True,False
234d5e8e-08c1-4e44-a02b-831f2afb1045,1,1,True,False
2356e3ed-8710-4d18-9e7b-9fc5dc334326,1,2,True,False
2369f5f2-9b19-4fda-98a1-755a52ea106c,1,9,True,False
236a68aa-b0ec-4135-99b8-35d000631d30,1,10,True,False
23713d3f-ec68-45bd-9f29-5a93fd20f786,1,3,True,False
237806c4-7f93-49de-ab1f-bad24a5b2fa2,1,11,True,False
237b24ce-7ea6-4efb-9d1a-101d9e45e8c5,1,1,True,False
237f96df-8e70-4b95-bbf5-0b5cc84b758b,1,3,True,False
2380815d-dc01-487f-8e7f-1fe11f270fa3,1,2,True,False
23815871-716d-4578-858f-68075235cad7,1,8,True,False
23866f5d-88d6-492d-81e7-c1cd5270d214,1,11,True,False
238f1103-96ca-44d9-b6f6-0d33d7252a71,1,6,True,False
23966351-6c36-4824-8a63-8090c4f8e5cd,1,1,True,False
2399048d-00ec-4c4e-88f4-4f218c0a560d,1,3,True,False
239e0225-2e44-4e2c-b3ee-58604a05cd83,1,3,True,False
23b70e62-17cd-438e-84a2-097ea2224251,1,6,True,False
23b80ab4-940a-4eb9-8ab2-fd7d5b1034c8,1,1,True,False
23bae1c6-2d93-4cbf-825d-e2e20b9240a9,1,11,True,False
23c0e67f-6731-4691-a12d-35189d99e328,1,1,True,False
23c9ab65-eaae-407f-b066-c346ff76adae,1,6,True,False
23ca555a-fc21-4294-b1f3-13b6106eead5,1,10,True,False
23ca9426-e2e6-48f1-8bec-4a6826e49974,1,1,True,False
23da4168-d9c8-4c32-b983-62f8bd9834c4,1,1,True,False
23dbff20-c2a1-4f6b-9fed-91b41012ea15,1,1,True,False
23e37906-a1e6-49e7-ae21-bfe92ed06e81,1,4,True,False
23e9c410-4817-4174-9612-3a3ee69b0725,1,7,True,False
23f0e479-648a-4236-bbaa-b3dcb430be19,1,5,True,False
23f1b465-6b89-42e6-868f-999c56a9d259,1,11,True,False
23fd25da-1115-49b1-ab9a-bea741359041,1,11,True,False
23fde7fd-5fc7-4659-bfb9-f693e98be17d,1,11,True,False
23feee57-2143-4c97-aa5a-e03f0f335975,1,8,True,False
24112e3e-7b04-4760-b6c3-62e95240f8b8,1,7,True,False
24118419-1f3d-4b87-bea7-eaba6b18f594,1,10,True,False
242aa0e8-2ef8-4d58-94fa-30b5a4ac9e42,1,3,True,False
24301918-d65e-42d1-865e-87f24d7fee1b,1,6,True,False
243b6a47-4118-4fdf-bbad-312bf2d7cfa6,1,2,True,False
244021be-d16d-47f6-aa0e-63c33e9521ec,1,2,True,False
24443b7e-ac77-43fb-a9e9-572e171913c5,1,1,True,False
24653b8f-1bbd-4868-8b74-b98be90a2713,1,7,True,False
24656339-7c9e-45c2-a7a6-6badb46110e9,1,7,True,False
24697b26-1187-4efd-a235-3c5c4a63f47d,1,1,True,False
247bc54d-9b4f-41a7-a63c-9421b5132875,1,10,True,False
247e3239-0a75-4984-a863-89f3f64c7b2d,1,3,True,False
24832f20-fe30-4ee8-9065-92dd5b68b02e,1,9,True,False
249ac877-6733-4a30-b0c8-8e66f7b91593,1,10,True,False
24a055b2-073a-4b4f-b79e-25eb0c4672ee,1,3,True,False
24b24c1a-7d31-497a-8555-28adfe5511dd,1,3,True,False
24b80cc8-6bd2-412c-a910-b0566b4624ee,1,6,True,False
24c182b7-018c-47cd-849d-ae04c0a89327,1,9,True,False
24c40637-6033-4f7b-9d4f-ffe447114ade,1,4,True,False
24c73e48-43bf-4233-a17e-dc9537e234ad,1,1,True,False
24cc1ba0-ce99-4478-83fe-c8911dd69ddc,1,5,True,False
24cc4d54-2efa-470e-b7b0-3a488bde4aeb,1,7,True,False
24da96d7-9b7b-4607-98e4-e93a07234b1c,1,11,True,False
24de0b9b-d817-4da4-8e86-083eed74f1d8,1,1,True,False
24e779c0-2209-4f96-873f-8f8f44b22a11,1,3,True,False
24fa75a1-961e-4931-b007-9a6af7aecf1d,1,6,True,False
2501ed12-d47d-4011-80b2-c5d5d9a02149,1,9,True,False
25087914-9a10-42f3-9aaa-f4d0dcc97ff6,1,1,True,False
250924fa-bd9f-4d35-855f-e717f3197fb6,1,10,True,False
250abee3-8129-43ab-8903-5da1ff7bc99a,1,5,True,False
250af055-6091-4853-86f6-6635e58a5c4d,1,1,True,False
250b1c3e-a0f6-446b-a118-059db49f91e5,1,11,True,False
251ee18f-7ce4-45b5-a28b-4012ee3fea68,1,6,True,False
254178c4-f764-4e5d-b140-6c22ec26d076,1,8,True,False
25496b29-ed76-4254-b0a9-d026d3b9be35,1,10,True,False
254df15d-47ae-4e24-b446-7ac050da2a0d,1,11,True,False
2563690d-162c-40bf-b3cf-930ce863d837,1,3,True,False
256ab8b5-c2d1-47b2-9a96-fc67d7377228,1,2,True,False
256f5301-36c8-4723-a7e9-34bb3f37f122,1,8,True,False
257fcacf-8aea-4dab-96cf-402c2e6b76e9,1,11,True,False
2580c399-916a-412f-8156-fcd0c1696e86,1,6,True,False
2581c837-a9ef-4819-a3a9-1833ab1f9b83,1,7,True,False
258551e2-6878-4f3e-b161-9b69cf8ef0df,1,6,True,False
2595f172-6457-4f4d-ab5c-9968d1abd7d0,1,8,True,False
25a6ca4e-4abe-4352-8ee7-2ef984842a8f,1,7,True,False
25a90c9f-cfb2-4ea7-8cb3-d6cc8c566b2b,1,4,True,False
25ad8c86-bc99-408d-8634-d3c1c9e3e942,1,2,True,False
25b18209-8d6a-48d3-9e71-e55c67e6fbfd,1,6,True,False
25c15cbf-9c31-4aaa-86ee-12855f157ba8,1,2,True,False
25c579f4-186c-4d33-8171-12eef2e78c79,1,1,True,False
25ca6602-ec10-4a94-ae63-f080816257bc,1,4,True,False
25cf98a6-806e-436c-ba5a-2e2f815ac58a,1,11,True,False
25d3f6b7-a1f0-4a68-ae50-f065e87b9a2e,1,1,True,False
25e3e231-5efc-4032-abe9-794c0cba8295,1,6,True,False
25e5cd51-5529-4528-978f-9c4d2b4386db,1,2,True,False
25e76ce4-df70-4111-bcb1-7ed1abcc2c7b,1,3,True,False
25e85936-13c0-411f-8428-db9ae3f87f3d,1,1,True,False
25f43ac7-0fe5-4e10-8a2a-ced5e96ce022,1,5,True,False
25f47202-a7fe-4511-8cc9-b953436fd1a0,1,10,True,False
25f7b418-1527-432a-a417-add99c411aa3,1,5,True,False
260a12c7-fbdd-447f-986a-d8a760fc4986,1,3,True,False
260b02fd-3dd2-4c83-94ae-6d50dc15361c,1,4,True,False
260d757b-0fe9-46fd-9aa5-370b4297ac0f,1,5,True,False
260f373b-2821-4fbe-8b30-84576010cd94,1,4,True,False
26147aaa-bab5-431e-9934-3a27ebbab9c9,1,6,True,False
26181eda-c45c-4b76-881c-910f7f8bfbfd,1,4,True,False
261fe5a4-b39b-4e3f-bae9-ee7a00b046b0,1,8,True,False
262ae705-f907-4631-929e-d7c0693ff179,1,4,True,False
262e686c-f15c-44c6-b8f2-28e08c11ff73,1,5,True,False
26317de3-a529-4fbd-8b06-4911057fc25d,1,8,True,False
2635fd4c-64fb-4af9-a6bf-ab066591ae16,1,8,True,False
2640c55a-44b3-402a-8c9b-709d126c07a8,1,11,True,False
2644a37f-fd45-4038-bb10-4065d30d4e49,1,11,True,False
264a81ad-4c07-4ed0-8653-1665886d3afc,1,1,True,False
264e8692-e368-48ca-bd44-807b8878090c,1,10,True,False
264fbea6-913c-4ebc-a8e8-c8cc4d388bfa,1,3,True,False
2653c7b2-373d-4bbe-87d5-f226e4b4409d,1,2,True,False
2655c013-5c8e-47b7-8193-2b20660e298c,1,4,True,False
2656ee39-fb67-4f6f-ae5a-07539f906009,1,2,True,False
26574984-b471-47b9-a825-3a4d8d7f587f,1,11,True,False
265d2f12-16b0-41b6-8af1-e17a6a5e3ac5,1,1,True,False
26705fb3-d5f5-494a-9472-53a5b2717d8d,1,1,True,False
26741731-af99-4143-a006-1f9c9fd7cac5,1,7,True,False
267dd1dd-6a06-48eb-9a93-fa108d402cc4,1,3,True,False
26891414-f322-4771-948a-983c953bd4f4,1,1,True,False
268dbd17-8e4e-4158-9b37-612590d349e7,1,8,True,False
2690816f-a5e6-44f1-b893-3e54ecf74ed3,1,6,True,False
269163cb-bdfa-40da-84f7-c50c66d50b3f,1,4,True,False
26971db1-1111-4394-b748-2ba0dd88a039,1,4,True,False
26984414-a083-4417-a885-f1076f76af07,1,8,True,False
269af2e7-2b3d-43c8-88c4-7294c26fd73d,1,2,True,False
269badcf-7c84-471a-b542-0b18a4f3ed52,1,2,True,False
269ed437-cd29-4641-9762-f2938953d6c5,1,5,True,False
26a02a7a-d00f-4bfb-887b-bf6646685d8e,1,9,True,False
26a6eaea-1429-4c52-9463-d7d930fe05d7,1,6,True,False
26bea036-1d16-4884-a8ff-880e0e1904d2,1,2,True,False
26cab68f-eda6-4dbe-bdf4-40918f1efebb,1,3,True,False
26d0a3f3-0cd8-40c1-8a73-05af290c26a1,1,8,True,False
26db6799-e06c-4be1-a130-abe6c65b9a84,1,2,True,False
26e25c61-9d1c-4334-8561-10e1b1d47cba,1,1,True,False
26f04b58-0848-45c5-b340-3da781524a8c,1,1,True,False
26f37e76-6372-4ce3-b426-f59d2f745573,1,4,True,False
26fc5dda-e45d-4af0-aa81-6e801bdc82f0,1,11,True,False
270057d5-d2df-4de1-ada9-ce3b8d3b5b56,1,9,True,False
27047203-e333-4661-97ea-5863f216ea46,1,11,True,False
2704d248-7a4e-405d-994e-5d6f883a3a46,1,9,True,False
270f86a1-2477-4b2c-9a07-f4e64374703d,1,2,True,False
2712e86d-3ab1-4cf6-8539-e6708f5bf241,1,8,True,False
27172aba-41df-4c7c-938a-11c2afe1655a,1,11,True,False
271ad37a-42e2-4445-8d5a-8a9582b1f663,1,6,True,False
271f87d1-13c6-4747-9ea4-4a6a31e1f54c,1,9,True,False
271fa5a2-1d52-453c-8819-328ebc71f782,1,1,True,False
2720535f-4317-4510-aed3-e16701f6b512,1,11,True,False
2728cd1b-0513-4c70-ace9-b97c9183ea23,1,4,True,False
2736a5ad-851b-4e1f-85a3-e4e7914b21c0,1,4,True,False
2751e251-2d76-4582-a562-1488400aeecc,1,4,True,False
275d9672-e5db-4222-b41b-94655c0d2f5c,1,5,True,False
276407ef-25c6-4efe-8d4d-c8c3fb8f07da,1,6,True,False
2766b5cc-0b61-4795-a2f7-11f06d23ff86,1,6,True,False
2767618b-4a16-445c-8aed-c667b4f24481,1,1,True,False
2769b65b-1c0a-42e7-8017-0989c8ebcc6d,1,3,True,False
2769f0d6-31bf-4ded-b697-5f69d804a818,1,11,True,False
276d3e73-5028-44a0-82d5-49f6973e544b,1,3,True,False
27734516-ec6b-4563-8584-9c6b791fec27,1,5,True,False
278cae59-6742-4715-b8cd-89be2b3fa625,1,1,True,False
2799a0de-40e0-4597-8fe2-d38055007400,1,1,True,False
279fbf77-9fe4-47cc-aff8-81b78d2eac1a,1,10,True,False
27a33707-3acd-4979-ab1d-068790761ff3,1,3,True,False
27a6f050-4765-4ce5-8093-b955e4898f24,1,6,True,False
27abae17-a1be-4a0f-93ab-a0f98a4e9b3c,1,10,True,False
27b01364-f2da-4360-a2ea-26a5a6081f7d,1,2,True,False
27b038bc-bdf0-4776-89c4-7c9226b934b0,1,11,True,False
27c0e1e5-5821-42bb-b94b-4be18dc769a7,1,4,True,False
27db2d69-720f-4819-b9ed-d25bb0eacb8d,1,6,True,False
27e31549-8f07-404c-afba-6f2064d9d3c6,1,1,True,False
27ed792e-9250-4cfe-805f-fb96c9b3a976,1,9,True,False
27f5066a-6e12-42e4-bca0-215e326d604a,1,11,True,False
27f825be-3ba3-4084-a560-d471ddd45f49,1,11,True,False
27fa115e-68e0-449e-af79-644447961ef6,1,4,True,False
2805fb08-b056-4374-9c83-bcb9da62be30,1,10,True,False
280ba764-e9f0-4be1-a52f-a0ea20ff0043,1,2,True,False
28412d66-3c72-4a70-bdf7-2927540691db,1,8,True,False
284e2705-11ea-4cec-823b-2103ccd1baee,1,8,True,False
28567f63-180b-4cb1-98cb-cbc242161d56,1,3,True,False
2859d7b1-c955-4b89-ab84-7ec8a693dd19,1,5,True,False
285e7288-59f7-46d7-ad6a-9891b423087f,1,2,True,False
286c6c8c-70d1-4138-ba6f-4bc0f6fdfd26,1,7,True,False
286cf702-2550-4548-94bb-d8b403a3b1c4,1,9,True,False
2872f6b5-a1c5-4b89-9e7e-65ba15ed22b3,1,8,True,False
2879023a-112b-433a-89fb-b5ce3cb42bbc,1,10,True,False
287ba017-e396-4025-ac9c-cd5244a352d6,1,10,True,False
2886a0a1-6045-48cf-9325-a434a1f14c76,1,1,True,False
28b0d53d-0a19-45da-9e93-e88081abe4be,1,7,True,False
28b7fc0a-7b67-4374-9e46-7c5dd96c2ea9,1,1,True,False
28ba1e79-2001-4cd7-8744-3c80b826efe7,1,6,True,False
28c2bf38-c846-4325-8144-fa1af56e4224,1,8,True,False
28c31ccf-1943-4bb4-8944-938a714658a9,1,7,True,False
28c69f3d-7acd-4eb0-8e53-23f3e6ca75cb,1,5,True,False
28c76ac8-87f8-4096-88e9-727653ac135d,1,9,True,False
28d3ec7e-3041-4cdc-b559-5364d1b42507,1,4,True,False
28e34aab-f1bd-47d9-b947-af46566f270c,1,4,True,False
28e53548-dd1a-423c-a2b8-21f5407c19e7,1,10,True,False
28ef396e-2c20-4cf2-bee0-6d800af71bb0,1,4,True,False
28fa0db7-2fe1-4ab1-9b22-3bd8cc86c951,1,7,True,False
28fcef04-19f5-4921-be8b-78e1fb8b0be7,1,2,True,False
29094bf8-adb3-42d8-9e9c-2eae7db79e3c,1,4,True,False
2927487c-a96c-40c4-a34d-c1990cc6f18b,1,11,True,False
292ef9fe-98b8-4382-82dc-851873ef65b5,1,4,True,False
2933a929-d67f-4e36-893f-1e9063537107,1,9,True,False
2937aaba-2392-4754-b938-73536bb66911,1,5,True,False
2939d9df-cd8f-4457-bf72-8400895e1096,1,1,True,False
2946f973-6f9a-45a8-af51-afab1e3b42ea,1,2,True,False
294cd723-dcb8-4904-aaba-dd9c3c3881d7,1,5,True,False
29616e9f-2b0b-4453-8fac-69d2526cfd48,1,4,True,False
296215af-1f03-474c-8dbe-e6c4da6c5354,1,10,True,False
2966965b-29ff-42b9-abe8-7244dc984c05,1,10,True,False
2967805c-f5d3-400a-9c8b-f64e5e41e2fb,1,11,True,False
2967b4bc-f936-4105-ae0c-6308a3d66f19,1,6,True,False
297a2211-c502-4f8d-8a2a-018851c44ace,1,5,True,False
2988ba32-eafd-449f-9a66-443bd4e7072a,1,10,True,False
29999321-f72d-484b-b60c-5d2fd7f60bcf,1,5,True,False
29aa2dfb-d8ac-4a11-acc2-97546ea60b1e,1,1,True,False
29aa7f88-0b44-4b59-9465-e9797064c693,1,6,True,False
29ce9761-2e07-49e0-ae79-3368e54a8180,1,2,True,False
29d404e6-2fcd-4ff9-9e5f-6292171b6f24,1,7,True,False
29dc8788-cc00-46de-9f2b-dd2a791e9b77,1,11,True,False
29ddfe20-1f20-4e4b-9f80-9e6aa590c18f,1,9,True,False
29e9ebf0-60da-4450-9f16-d31653f7ad16,1,10,True,False
2a018f42-3d28-4eb3-b066-e454416917f8,1,1,True,False
2a03bac3-cde0-4fed-8a2e-9739d8d254f0,1,11,True,False
2a08a26a-4053-473a-a2a1-f53f219360dc,1,3,True,False
2a0dfd74-a3f8-4ee0-b811-3be0181e1095,1,11,True,False
2a0f684b-195f-4a72-937b-20649b838802,1,7,True,False
2a104806-3296-4b4f-82cf-08d83cb49910,1,9,True,False
2a11bc28-9886-47a0-a9fd-226d38955916,1,10,True,False
2a1756ed-6807-437a-a741-d93780db95e7,1,4,True,False
2a1ce2cf-7b3e-4749-926d-789f3bb09011,1,6,True,False
2a288f7e-8d33-49ce-939c-f74690c86639,1,8,True,False
2a32becd-885e-4010-8d66-c8f08199e6ae,1,2,True,False
2a3dff78-f352-465f-8a63-5f6e1ebf55ac,1,10,True,False
2a43be98-021f-4351-8217-681dede00bea,1,6,True,False
2a546254-817d-4229-8d42-49b067c7498e,1,4,True,False
2a5e1ae5-8316-4dd3-92e8-f2237f0ed517,1,11,True,False
2a5ed6e4-5566-45d3-a8a9-10d236bb00a1,1,3,True,False
2a683930-b2e3-409d-8adf-f660b48c25c6,1,4,True,False
2a7367db-7260-4a23-b05d-b644e373b04d,1,9,True,False
2a77c109-3954-4166-8b25-91f3ab237744,1,11,True,False
2a813e1f-10f5-493b-9c56-1c6cc2f08dac,1,2,True,False
2a8560b6-17b0-41c7-84e3-1231af0314f0,1,2,True,False
2aa78cb7-de0f-45c4-9380-a1c2101f94ab,1,5,True,False
2aa96026-da26-49b6-aa15-ed9f6878598e,1,2,True,False
2aab6854-d2e1-4a34-a70d-f24f47856648,1,8,True,False
2aab7d6a-74be-4c04-b6c4-544f4e346e78,1,1,True,False
2aac1792-4a88-4977-9855-394ced85c2f8,1,3,True,False
2abc8f8d-9aa4-4841-a135-8696d1e548c1,1,2,True,False
2abd7d4e-9256-4a1f-9d18-3c5de08d6c9e,1,9,True,False
2ac53f84-0542-41fd-9e1d-61f11a737dd1,1,3,True,False
2acafcaf-c216-4cf5-87e6-7b159726af3a,1,10,True,False
2ad4f3a2-712c-4366-bce6-b13a480fc5e7,1,3,True,False
2ada1ca0-6460-40f4-ba7d-1978dd00174f,1,4,True,False
2adcdf1b-8dc1-4270-b8c7-6682e1508c57,1,3,True,False
2aeb0edf-cf9a-40a6-95e1-bce8e4edbe21,1,10,True,False
2af14c07-11af-4796-9b7c-d5c8963d06a0,1,6,True,False
2af22b73-11e7-4b9f-8ad8-43d06f71247a,1,2,True,False
2af3ac6e-f009-4e91-9a3b-fb58db955ec2,1,7,True,False
2b04128e-f9ca-4dbf-a021-efe6c177017f,1,8,True,False
2b0696f8-1959-45a6-b965-dce828390b10,1,9,True,False
2b085040-7d20-46f8-bc66-8a1ca8e6be7a,1,10,True,False
2b117b74-f440-4737-9ed8-d67bd7c6ecf2,1,6,True,False
2b1405c8-10e0-43cd-a848-66c22d81308c,1,2,True,False
2b1f7019-2ae8-4621-9edc-e00b76b5cc9c,1,6,True,False
2b22b8cd-f328-4380-b863-b2796d12f55c,1,5,True,False
2b24dc66-244f-4e79-809d-94f0196dad61,1,3,True,False
2b2d57ec-da1a-42c0-94bd-8757fea1c2a4,1,5,True,False
2b40b4f3-e988-4451-84c8-9c44ef80797b,1,11,True,False
2b4585c9-6ba8-4f82-9a96-5c8ebbdb5cd3,1,1,True,False
2b620dbf-3921-4345-b7f0-db599240b5b8,1,5,True,False
2b6a2005-1492-4add-ae25-1dc1d0dd43ef,1,9,True,False
2b7407c0-32a7-4d69-a9e8-e5e3e2145d3a,1,6,True,False
2b77b88c-cc05-46c7-a690-da37f9f61381,1,10,True,False
2b7ea87f-9d08-4a4d-bfb4-925b653448ba,1,5,True,False
2b89cbec-30df-4a06-9396-b82bdf4f15d7,1,11,True,False
2b947b11-e3f9-47b1-97db-2059121004c4,1,3,True,False
2b95ab9f-b9d5-4fe6-99d2-c27be5d92d89,1,4,True,False
2b964657-6253-4ef4-8146-58c0f6b53106,1,1,True,False
2b97632f-92d9-4997-b051-b03e48a1bc45,1,2,True,False
2bba28c5-7c86-4093-aad9-063cb4a7f202,1,4,True,False
2bde981c-727a-4b07-b51f-f5c8fa5b3edb,1,9,True,False
2bdf6670-6ec5-464d-9792-bb9abbef3bc0,1,4,True,False
2beaec1c-fdda-4c2b-a3b3-ca712ad1dfad,1,5,True,False
2bef7a24-6a40-42a3-9d0f-1b49625a494f,1,1,True,False
2bf3cb8d-995c-49de-a49b-f0ea44655f72,1,5,True,False
2bfbbd4f-e7ed-4224-b081-374240e79921,1,10,True,False
2c0c0a26-02c5-4818-b7ac-3ff430db1fec,1,3,True,False
2c11eb0d-3aa4-42b9-b77d-7fc1eecc4f46,1,1,True,False
2c1f9e6f-4cb3-4b3e-9162-8952a0e5bea1,1,1,True,False
2c3b995f-09ea-411a-90cc-7e7cbf512788,1,2,True,False
2c47e5d3-aeb8-449c-b753-4b481258259b,1,11,True,False
2c510de7-b00e-46b5-b845-a55622861bc4,1,4,True,False
2c5e78af-4e8a-4e59-95b9-d1b2d74a1196,1,1,True,False
2c7078e3-57f2-408d-8ce6-12d432c63fda,1,11,True,False
2c814df5-4ff3-4e54-bea4-ee5d7abcf692,1,10,True,False
2c81f37d-9761-4aea-aa8b-424cc6d6fc67,1,2,True,False
2c911bde-156e-4712-a117-c5e831035e8d,1,8,True,False
2c9ad946-47b3-4c54-b106-7b217f0f3d1b,1,7,True,False
2cad2157-fc0b-4cb3-aa87-e9918a8e5abe,1,8,True,False
2caea25b-8b21-4bae-a9d1-7c04d7c414d6,1,1,True,False
2cb43fa8-a18d-4672-b83e-40ab54dbde19,1,10,True,False
2cb894b7-055e-47f1-afc7-b18ce766fba3,1,1,True,False
2cbed3dd-6512-41c3-89ff-b5403bf780f9,1,9,True,False
2cc1d17b-6eff-4da1-a966-46f624d1251e,1,5,True,False
2cc28561-c6a1-4b0d-beea-c8cafcd99cdc,1,8,True,False
2cc9011c-644a-4895-9f1d-67a0b26c2188,1,6,True,False
2cc9d8b5-da48-4eaa-b961-abfe66c78db0,1,6,True,False
2ccd2a53-71cc-4240-9d90-231cf8397fd5,1,1,True,False
2cce1559-f64c-4c9e-893e-aec69754ac94,1,6,True,False
2ce34b66-8b57-4937-88c4-5fbd106ff125,1,4,True,False
2ceb9a91-19ae-44e6-aa2b-59052a143fae,1,7,True,False
2cf83454-6d92-47af-9eb3-b414268f0254,1,3,True,False
2cfb7148-6411-405d-82af-59ea0bd3ec7b,1,6,True,False
2d0fcf16-29f3-4335-bd23-541ce1754f7b,1,9,True,False
2d17d0d9-79bc-4df0-ac0a-e87f1160da1a,1,7,True,False
2d1aff79-04aa-4b81-96c3-229c715a6c3c,1,11,True,False
2d1d8ebc-263b-4f48-86c1-5a90e6e8f496,1,8,True,False
2d3a62cd-d23e-4f80-a1c8-e96578fcd211,1,2,True,False
2d461c55-c5b4-43a3-ab5f-7b6f65b6386d,1,7,True,False
2d471dbd-0d9b-402f-b2b3-3dfa1886d071,1,5,True,False
2d4b5430-8847-4396-b765-43c63c1f0659,1,4,True,False
2d5189f0-a95a-46fe-a7d3-c788869b72f2,1,9,True,False
2d51dd8f-7dd3-4f80-8df4-905cb33278df,1,10,True,False
2d6da0d4-fcad-438b-9365-05a457cc8b50,1,5,True,False
2d70f385-2b74-45a4-88ca-90a8689464c4,1,1,True,False
2d90dad7-f783-45ce-a748-090349b258c7,1,7,True,False
2d96fea7-71f7-4279-bb16-10a8e9327fee,1,3,True,False
2d98cfa3-d807-4674-a390-b0f4d498a87e,1,7,True,False
2da7b06a-7d19-4cbb-864a-5a4e0ebe841e,1,9,True,False
2da9325b-0614-47e9-ba88-9db49bf1c4a4,1,9,True,False
2dac2fd1-7022-4e9e-8480-2b3e958d6003,1,9,True,False
2db12b92-5c5f-4614-be17-714477068af4,1,8,True,False
2df966a9-7355-4bd3-9397-435bff13b3ba,1,9,True,False
2e08518d-2c56-4c81-a037-680c8eda3f90,1,1,True,False
2e14f605-2fc4-4928-a2d9-dbdf30710fa0,1,5,True,False
2e16be17-9186-4be6-bde6-26c2015d5252,1,5,True,False
2e1c46db-7127-4326-bf8e-9aaff1beee9c,1,2,True,False
2e25c590-a153-4202-8b0e-02914a1629a3,1,11,True,False
2e34f300-9be1-4d98-9dfc-32ed969a29d3,1,6,True,False
2e4850c0-55d9-4d65-a769-4614e07d1fd2,1,5,True,False
2e4df4e1-92f8-4254-b0d7-4637afca60ff,1,3,True,False
2e4effca-ff7d-4190-9ed6-f3125d445321,1,3,True,False
2e502235-6e78-4220-a5c1-539e20a8b8ce,1,3,True,False
2e58d192-7fa5-4aa0-8b73-a80a4d5b7576,1,8,True,False
2e5a64f9-1a46-4e7f-ac3b-53a505e561d2,1,4,True,False
2e5e40c0-cf4d-45d0-b3fa-0c882a1cb525,1,8,True,False
2e67a755-6d25-423c-9e82-322faec66eec,1,9,True,False
2e6b155e-c751-4c5c-85a8-6a316770a99a,1,4,True,False
2e6d42a2-ad9e-4514-a4f5-4dc358687d19,1,10,True,False
2e719d67-dbd1-4dd3-84ca-2394975cbbed,1,3,True,False
2e7bdb68-bba9-491e-af05-025ae90bef44,1,9,True,False
2ea37473-ca12-46e7-98d0-345f0913fc00,1,2,True,False
2ea402aa-713c-4fac-97e5-775e5a123bc5,1,1,True,False
2eaa3f68-cf15-40f8-b0e6-5cad96a79aef,1,11,True,False
2eb3393c-9d47-41b8-b889-b65fee376d1c,1,4,True,False
2eb49d60-b534-4af6-91b2-bfa74963a6e2,1,2,True,False
2ec0dd4b-13f6-4d47-8c87-b57d12a48db2,1,10,True,False
2ec30c67-4350-4d68-b1fd-ae075ce7db36,1,2,True,False
2ed59203-e0ef-4d40-b57e-19e0cc5f1cbe,1,5,True,False
2eeab4a7-7eff-4c6e-a295-71ea7182144c,1,1,True,False
2ef209e8-56d5-4fbd-87b4-1ea1a32fa50f,1,2,True,False
2f0670c0-811d-43f2-b2ef-3a1e11467afa,1,10,True,False
2f0fce43-da66-4720-8832-8f17d47e4567,1,2,True,False
2f10394f-6e54-4877-9ce5-6a0cfc004030,1,4,True,False
2f2133c2-3ca1-44b4-99c3-583c1756ba1e,1,2,True,False
2f2d1a5b-870b-4583-9ee1-e245fbe937a9,1,10,True,False
2f412a01-375d-4097-b7b7-b3f4e5c8b0ad,1,11,True,False
2f42ae28-3cd4-481a-8020-0b77c6ce6a41,1,2,True,False
2f43235f-44fd-4806-bd01-0b254abad4b9,1,10,True,False
2f43dbbb-3760-4d8c-850b-9eed5f43d357,1,6,True,False
2f465ca3-99d5-4c41-ac57-13035ad25e1e,1,1,True,False
2f467a79-d973-4a11-9817-bbceaf39ffe4,1,3,True,False
2f5013d1-e36a-432b-a6a2-724d88588b82,1,7,True,False
2f582f1f-f547-4b0a-bf19-9d1d8a565bfd,1,3,True,False
2f60c072-3a23-4b45-b8b7-189adfde0250,1,6,True,False
2f84f5ed-dd1f-4784-b6da-1e561aacabdc,1,8,True,False
2f85cc8d-8610-4dd9-a4e7-1c771a38d40d,1,9,True,False
2f86d4dc-f943-49b0-ad58-4c4fb8a750e7,1,9,True,False
2f8b0fa6-9724-4386-a0fe-17d93022c0e7,1,2,True,False
2f8f9509-186c-4caa-9cab-0fa908399867,1,5,True,False
2f9bf5dc-f4d1-474e-8b5e-1ffb62cc654e,1,2,True,False
2fa1529b-8bcc-4bc7-8d36-483764b4de2e,1,7,True,False
2fa5628a-3142-4bf0-9599-c4e5b3d18a35,1,1,True,False
2fb11cb1-e619-43d3-b00f-6c3852e5f5c4,1,1,True,False
2fbfeee6-1411-4679-92c6-a7abf48499fd,1,1,True,False
2fc13549-2c45-47a9-a827-7be42f3a2996,1,9,True,False
2fc4f448-02da-42e2-bb56-23d729d86092,1,10,True,False
2fc50209-37c0-4ef8-a07f-139e4e9a42e6,1,1,True,False
2fcd71e7-2c2a-48da-bb24-a20ff15222e8,1,10,True,False
2fd7a461-a857-4e78-ab82-3756eb5df9db,1,9,True,False
2fde7bd3-3acf-48c2-9055-c36696822736,1,11,True,False
2fe4d5ef-250d-4774-aae0-e0b1db9708dd,1,10,True,False
2fe7f6f0-03a6-4842-b84b-473ce581a92e,1,9,True,False
2fe8f969-ae30-46a6-a110-88f0f24f370a,1,1,True,False
2fecdc12-6a67-4ecf-a63e-113a5ca258d6,1,6,True,False
2ff0a013-3a5d-4bd4-9122-e59a373d0841,1,6,True,False
2ff7c640-9d8c-4413-b439-04bd60135625,1,1,True,False
2fff46ee-091e-4369-9ae9-81f33f9b1f1e,1,8,True,False
3001af6e-b6e6-4d62-9c46-5a393bedc9a7,1,3,True,False
300e81b9-f024-4b4c-9cb9-5c4c6a07d800,1,6,True,False
301561ac-4ed7-4a7b-9d48-b5fae52d6d62,1,9,True,False
30186f2d-45b7-4e8c-8ab8-db4ffd071c4f,1,1,True,False
301dbcbc-9095-4a72-9014-ba8338dec49e,1,9,True,False
3020b5e1-5edf-4a57-a02b-d369e24cfa99,1,9,True,False
30213894-9c07-4562-b059-4fb8bd16483d,1,1,True,False
3021b178-d376-46fe-af52-e353ea10f79f,1,9,True,False
302a0b83-2e46-4bc6-82aa-d97937e6351c,1,11,True,False
302d0371-067b-4766-9ff1-71e6626ea6cf,1,9,True,False
302d1721-0504-4db2-953d-22427713d324,1,9,True,False
3036a2ce-f955-422b-b7d4-374d2405c9f3,1,11,True,False
30385589-0d51-462d-9d15-0a1518823ea8,1,8,True,False
303d863c-76f4-485f-84c9-8a7274fc7130,1,5,True,False
3040d91b-ac53-42a5-bd18-1ce4862aa450,1,11,True,False
30488189-1639-4185-9383-e43102d911f1,1,1,True,False
304eb4f3-8a0b-4230-8f1d-b38e2f2355b1,1,4,True,False
304fcf75-fdc5-4ef5-a180-671988c574ed,1,5,True,False
30549af1-c369-45ea-be42-66ae6a9aea7e,1,1,True,False
30636120-d636-45c2-aa63-319fb5dd8435,1,9,True,False
30698ed7-0d73-4114-9a93-cec454709a8f,1,7,True,False
306e0a85-d8ed-420e-a196-f0597d5aac83,1,4,True,False
307318e6-c590-4c2c-a706-bade4e9e4a7c,1,2,True,False
30733bea-40ea-4cd5-8de7-ea54749c0a58,1,9,True,False
3080b1de-a699-4c79-b89d-2b975344f3a5,1,7,True,False
30875b2e-2037-4d0d-bc8f-5ccc22c87645,1,4,True,False
308d4e05-4b81-4042-b72b-3eca5c4855bb,1,10,True,False
308f0ac3-8949-436f-9b60-12c5a803c281,1,10,True,False
30951466-a69e-4b03-9507-175e2f709f4c,1,10,True,False
30b264e3-31a3-4584-bf60-f7cfc0cedec6,1,9,True,False
30b44035-d529-4e4b-9137-37bf65d5060c,1,7,True,False
30c1a5fe-7f0b-4b12-9d57-bde4fe14de3b,1,3,True,False
30c2836c-c4c4-46aa-89c5-16dda4567b00,1,6,True,False
30c90b30-8994-4a4b-ba53-796e649c002a,1,9,True,False
30d77687-9bb4-45a2-8931-2e91cdd00cc8,1,1,True,False
30e1fa5e-13f0-4b95-9e87-2ff7d4709571,1,7,True,False
30e24666-7292-4fdf-8269-d1e8c2d9ff54,1,1,True,False
30edd997-f48e-47bc-91cb-2b8e3adc40d0,1,3,True,False
30f2ede7-c97e-4bcf-8b76-f417cef86aa3,1,10,True,False
30f32c18-ff9a-41b1-8bf0-3b6156f2c042,1,6,True,False
30f5014c-f864-4af6-816d-6bd7c1066acb,1,9,True,False
30f95593-968f-4bb2-b60f-47869bfa177b,1,10,True,False
3107ef09-638a-4ede-97be-6d86762851d4,1,10,True,False
31095597-713b-4f2b-91d1-761f419b6829,1,5,True,False
3115c2b3-803d-49d6-9cea-ab49cd0d3522,1,3,True,False
311b4de7-a94a-4bdc-98da-d8c7ebb75615,1,6,True,False
313277d3-ea0c-4a77-b4d6-d66c170567bf,1,11,True,False
31366273-fd45-421d-894a-c8ca16bf6fe9,1,3,True,False
31378cc3-9727-4017-81e0-1e148cde2f24,1,5,True,False
313ad8d2-e029-4eb7-a7bf-85c00c6b5547,1,4,True,False
315c1d37-1b4a-4bf7-931f-b902337de1bf,1,5,True,False
315e0bdf-eb99-48ce-a029-a65aab9604f0,1,1,True,False
3168d843-e53f-49de-a280-f05326247370,1,8,True,False
316aeff0-0685-4d88-b687-60612c392760,1,2,True,False
317881b4-27a4-41ce-aae8-6bbd9dde9091,1,7,True,False
3181c3de-f6d8-4c36-b945-e38410b27643,1,11,True,False
318a43cb-bbb0-4d3b-8224-df6485ad5661,1,2,True,False
318d5f86-53d5-4472-92b5-840e7f75021e,1,2,True,False
318d9c33-c8eb-4485-9960-a8b7412e6679,1,11,True,False
31910fd4-85c0-42da-b7ae-bc44583dc66b,1,10,True,False
3191d57b-3a53-4245-a483-1f83b91db511,1,1,True,False
3196647c-12c7-4f28-be2c-df5ce100eca0,1,10,True,False
319c43f2-e435-4cd8-abdb-d66cdf975f2e,1,10,True,False
319ddfe7-66e4-482d-9ee6-aa7ae869cc32,1,1,True,False
319eb51c-2275-4e01-ab85-25a1f6b8adc2,1,2,True,False
31a642bb-a946-492a-9784-419cd82e21f0,1,5,True,False
31a937c6-c9fa-499a-8653-f6c87d81aab0,1,10,True,False
31ae04d7-dfe1-4ea6-a7b3-1fe8ce21ff24,1,4,True,False
31b4df51-50a3-46ab-8251-694321fc466d,1,11,True,False
31b8827e-a0ed-4bdb-afe7-7fb51354dc70,1,8,True,False
31bf4dee-4923-4028-a374-ca7958edfdf6,1,3,True,False
31bfc8d0-421c-4a4e-98e5-2f0cad7451db,1,4,True,False
31c1c174-e685-4411-a5f8-988a12417c4c,1,6,True,False
31cc32bc-a7ec-4736-964c-6c61c236975f,1,1,True,False
31d20cce-60c9-4dee-bada-7b012246cb8c,1,8,True,False
31e0f469-f2d2-40ac-b74c-f1378105aff3,1,2,True,False
31e1e2cd-c477-47ae-b4b3-c1143f4ea550,1,2,True,False
31e38abc-72ca-4cd5-a03f-d54730e5f11f,1,4,True,False
31eb503f-171b-4c36-a44f-733036245acf,1,11,True,False
31f0d76a-9dd3-4330-b603-746af9364f70,1,11,True,False
31fc6495-9c6e-455e-a74e-3795767bb96b,1,9,True,False
321184db-934f-48c4-8721-06eee36efb16,1,4,True,False
3219a703-6d97-439a-970a-dff3cbb47d27,1,10,True,False
321bf3c1-a700-43fb-b300-a4c1b2e88771,1,4,True,False
321c2a64-5708-4d81-95a2-3c9de0ef1a59,1,3,True,False
323b5d7b-3411-4bac-bccf-ea6f9b193ee3,1,8,True,False
323d206c-89aa-4fa0-b21e-c52fe59ede28,1,7,True,False
32456bc6-a15c-4de9-b423-0595dbe41efa,1,3,True,False
3246f38c-7f88-4aec-9494-ab410ac680f0,1,9,True,False
3247ac91-32ef-4ba2-bfb8-36418cd63e18,1,8,True,False
3249fbae-9570-45d6-9793-c4cad5faa980,1,5,True,False
3250d444-254a-4fe9-8156-e7405cb2c4c8,1,4,True,False
325d9014-c343-4b42-8df0-46552851c0ae,1,7,True,False
326f9763-2330-4c56-9e0d-99aa26b4b2c6,1,2,True,False
32891897-79f2-41ee-8d1f-1a787f0424cc,1,2,True,False
328b7473-a985-4494-800f-6f1668891d17,1,10,True,False
329e76dc-64d6-4aa4-92a9-6f6d3e56d3ba,1,4,True,False
32a726d2-a260-4c74-ba96-6e4dc16386c3,1,1,True,False
32ab1e9b-d5b3-4af8-a31e-f44eeff04490,1,9,True,False
32b2a8ef-2a6e-42ef-97e2-3265f300ff7f,1,8,True,False
32b3b3a3-4256-48a1-bfb1-ca9bf78e3d0d,1,10,True,False
32b80ed9-61a6-4d86-9226-2855a8b558bc,1,10,True,False
32bd450f-c93b-48f2-a3b3-8ae91ea297c7,1,2,True,False
32c22eaf-a93b-4561-bad8-3c1da6b955e4,1,8,True,False
32c9a3fb-fc6e-4b36-a480-bc1aa9d4a238,1,7,True,False
32d98002-7bb1-4a73-bd2c-f2e810025319,1,3,True,False
32e988c7-41f9-4936-bac0-3d69c1dff62c,1,11,True,False
32eaf812-7bc7-4f89-a61e-009bf08ebfa2,1,2,True,False
32eb6c39-b1bd-4fbd-b9c0-0e04ecbc0a74,1,4,True,False
32f0e504-4280-4e27-b5f9-a37c2dc03e60,1,8,True,False
32f1ed98-20ff-49cf-8198-db5bfe46aae0,1,6,True,False
32f74d77-9334-47a4-9e06-af87e72c392e,1,1,True,False
32fa4dac-b707-4e81-b464-3b930218f3b7,1,3,True,False
330aa996-6bcd-425b-bfcb-934105664372,1,1,True,False
330b557e-be54-4145-ab70-4180fb0d8f71,1,6,True,False
330e4c2b-6993-4d94-bcaf-9db0e2c96c76,1,1,True,False
331006ba-098d-4b5b-9f05-3cf9544c30ec,1,1,True,False
33206d0f-0d93-45ad-b046-c6eff5aaeebe,1,7,True,False
332ac3a5-dfc4-4689-9f14-f306bd3b6f82,1,8,True,False
332fbc3a-9472-4a1d-9440-024c76eeaaf9,1,4,True,False
3335c548-a019-47b7-8a51-d503c1b38c8b,1,1,True,False
333d0567-db62-4d52-b49e-81dd4ffbbc56,1,2,True,False
3359287d-7df0-4425-9d10-330656aaed1b,1,9,True,False
336c77c7-0208-4906-8c2d-6520f72e77e4,1,3,True,False
337ec357-c100-4bd6-90e6-d0ff553726a7,1,3,True,False
33831448-8dae-43ff-8746-68848739bce3,1,4,True,False
33974daa-ff4a-47c0-9271-dce8faf6699f,1,4,True,False
339ec0b3-8486-40ee-a32b-f2c12b8c6e1d,1,10,True,False
339f67a6-ae86-4597-bfaa-7676df7270ae,1,8,True,False
33a47c33-424f-459c-967b-d8fb1e4c3af4,1,5,True,False
33a98691-5877-4486-98eb-23e209dc4bf3,1,4,True,False
33aeb3e0-4628-4ec5-aba8-6f292a694cda,1,2,True,False
33b10d8f-1bf5-419c-8851-2422c6dfe3e6,1,7,True,False
33b36d79-f2ec-40da-aeb6-22898a1cfe57,1,10,True,False
33cb886a-9db5-4e66-b60c-04cbe68494d3,1,6,True,False
33cc80cb-a349-4bb2-bdf3-5f57e1ab7d48,1,1,True,False
33d1f443-6f05-40b2-b8b1-dfbf423f7d0f,1,5,True,False
33d30b15-7d42-4ded-96d1-a0cdd1cb9b76,1,10,True,False
33e16b75-2a79-46b8-8496-7d2c0d2c2715,1,8,True,False
33e4cd03-1fa7-48fa-99ea-8b8c03ee114d,1,5,True,False
33e6757e-6385-4e34-b6b7-2c9da4bbeec7,1,11,True,False
33ef5bc1-4866-4bc5-9cea-694640b53912,1,7,True,False
33fb7afb-dd8c-4256-9e22-113cc7000fdd,1,10,True,False
33fcad58-849c-470c-a8b0-28c97eecdf38,1,9,True,False
33fd9a07-9085-4a2c-96a9-9dc4513b8906,1,10,True,False
33ff43d7-094b-4881-8294-e1dea1129468,1,2,True,False
3402be1a-4ef0-471d-a2a7-d10dd9ea1b56,1,2,True,False
340458cf-1dc6-4691-a17e-0bc626f71975,1,2,True,False
3405a320-e106-40bb-9f55-bc40bbc30195,1,4,True,False
3415fcb8-cceb-4fc4-86ad-75fa2f2d3abc,1,6,True,False
341cc8a0-fc5a-440e-87b4-2765bcc964ee,1,1,True,False
3420ce72-0073-41f0-8be6-2abfd3ce31f0,1,7,True,False
342a39af-4408-4572-b1d2-7d8a0654130e,1,6,True,False
3430b8d8-a35f-4759-88e4-dc94304e10a7,1,5,True,False
343b1949-b5a7-4929-90ce-aa03e6dde591,1,7,True,False
34402cd1-7acf-4bd3-b4ec-01d3ae87adf2,1,11,True,False
344399aa-338f-440f-9448-60797d5d7d45,1,2,True,False
344ca298-948c-4a2c-9884-1e71a9a2f00e,1,6,True,False
344ff78e-69a6-484b-9821-43c94585fd53,1,10,True,False
345e04c2-04c7-457f-b98d-d2bcbe8aaf12,1,4,True,False
345e2130-68d4-4174-9bcc-992aab0aaebf,1,2,True,False
3464095a-d300-4512-801c-395502ae53c1,1,5,True,False
346634c0-c6c1-4c8f-8543-53d1bb37aba7,1,9,True,False
34705bec-4960-4be4-9232-1267f0406889,1,8,True,False
347b55d7-5dfd-4f61-af4d-d9aa8355b037,1,10,True,False
347cfa97-94b3-4e87-8890-c80fc9577ddc,1,5,True,False
348738a1-70d5-4eb4-b969-a0846d7a6d24,1,1,True,False
3498ca93-2a5d-40ec-a339-c81bdb549081,1,2,True,False
349fd07d-c75a-4685-bfec-189adc0d5300,1,2,True,False
34a04b21-5c2f-4252-902c-4e731e943c36,1,3,True,False
34a851a3-9474-443e-b04d-2f8a703748eb,1,3,True,False
34b10c07-e3ef-4660-a69d-af7c15b7380c,1,5,True,False
34ba1cb4-1d5e-4929-80bd-d30a943f8968,1,4,True,False
34c2b77a-8fd0-479b-a529-55ed439bbd35,1,11,True,False
34ea4d0a-d4b6-4c0c-a9ca-2ea568eca6e2,1,11,True,False
34ee68be-cafd-46df-8f11-31850493b594,1,5,True,False
35102c92-70f2-42e7-8a53-977bcf2e1dc0,1,2,True,False
351503b3-9a37-47b9-a8c5-d15550c89bfb,1,1,True,False
351710f6-9519-49e3-86a3-1cb9b5187361,1,2,True,False
3517b7b8-2d47-48c7-b8a2-e19920924436,1,1,True,False
352a3133-d280-4372-b215-f7893e97d52c,1,2,True,False
3534ed3c-c18d-44c0-b10d-dd0792d67f95,1,11,True,False
353a3896-62b1-4884-83e3-465e171ed579,1,7,True,False
353a9444-ec72-42f0-9f33-6edf15327df8,1,2,True,False
35432885-454b-4a5c-8144-165f2219f2d0,1,1,True,False
3544759b-f530-4832-8175-7be2566aebf0,1,5,True,False
354c27d3-6e26-4c4f-a04a-3f828e332e6e,1,7,True,False
357a4f31-6049-4773-a60c-57c44d85684c,1,9,True,False
358642d5-41c5-4987-9491-7e18ef1fe4ba,1,7,True,False
358cbd9d-b75c-41a0-86f0-158d578ada74,1,3,True,False
35989a6c-e6d4-4f76-8636-55e30cc9c485,1,4,True,False
359b9ebd-0b5c-487d-bd80-e14817f92d71,1,4,True,False
359ec73c-2c23-46dc-968a-f5adfdb1f9b6,1,3,True,False
35b92aa4-d41e-4ce6-9626-3c25460816a0,1,8,True,False
35b9e1a0-53e9-4ba5-a33c-c764908d37b1,1,2,True,False
35c1af9a-2307-404f-ac79-1be3e7077cb7,1,1,True,False
35c85876-64ad-4239-a84c-73640dbcffec,1,6,True,False
35db0825-b2d3-47de-9c7d-fff616ee7378,1,8,True,False
35dc84e2-c829-41a3-bd28-dbd0015e5492,1,5,True,False
35e306da-df1d-4a01-a257-4bab8e1a2e25,1,11,True,False
35e66938-afc7-4d3a-9d65-aa64588da86f,1,5,True,False
35eb141c-24b0-4694-a46c-89956bdcc548,1,11,True,False
3609ca0b-402c-4882-9628-aa482554caec,1,2,True,False
360da66d-4fdf-4ec6-854f-ffaaa0262aa9,1,9,True,False
3614a3d7-22da-455c-9aa7-7b4dee77a1de,1,11,True,False
3619b14c-03a1-4d49-999e-dbec9688a43e,1,4,True,False
361e3445-c651-4f3b-8761-b9e96069d4a3,1,3,True,False
3620c019-aac6-48ba-b3b3-701c2b636b8d,1,6,True,False
36220707-788d-43ea-aeb8-44720dd7c569,1,1,True,False
3624f20d-5709-407c-9ddf-ddfd32115653,1,11,True,False
36264f40-f9ee-47d3-8976-f874d61061ce,1,10,True,False
362b65c0-f230-4138-bcc4-7471c2963b11,1,5,True,False
3636b6de-2449-4987-9864-102731a0760a,1,1,True,False
36392109-24b2-41da-bf82-01226d0a991e,1,2,True,False
36518ae9-3b15-486d-8c95-b87d20f372c1,1,11,True,False
36525830-d9f1-4666-9fdb-1ecac9b31623,1,5,True,False
3657286d-206b-4894-9b94-810d1ff0c27f,1,6,True,False
36687845-83d4-47ff-9cee-a2754d53fb59,1,7,True,False
366fcebf-0752-4352-8390-fa2709a4acaa,1,7,True,False
36744db5-f642-4db8-bca5-71a4352f696f,1,7,True,False
3674f48c-ee41-4f38-8b88-5ff96e76f833,1,8,True,False
36775686-221e-48c6-9007-0fab8ed4474f,1,5,True,False
3678b7a6-6829-440d-bda9-f1ddf8428e55,1,7,True,False
367aaa89-35c2-41ef-aa3a-7c0649e7414e,1,11,True,False
368a7151-510c-49c6-9cb7-17b00888d538,1,9,True,False
369479dc-b29c-40bc-ac52-239dbdcd1917,1,2,True,False
36a4c22b-57f1-4672-af33-d9c376e97278,1,8,True,False
36ab8bd3-ba11-4acb-95df-675987afdac7,1,6,True,False
36c38b72-9ca3-4d25-892b-67d91dfd8bf5,1,5,True,False
36c7af55-1400-43e5-88b9-55e5381073bd,1,7,True,False
36d2a8e7-8f9c-4143-b50a-3ff4eb67dca3,1,10,True,False
36dfdd78-08c5-4ddb-944f-82bff86712d0,1,11,True,False
36e18240-d997-4629-b751-48cc559e765b,1,8,True,False
36ef61aa-063e-48f4-9f62-feaabd63539f,1,7,True,False
36f95095-7c73-4b1d-a6ce-667d39a233ef,1,10,True,False
36f9bb32-d171-4a58-a9ac-b3f02ab87c32,1,2,True,False
36fc7aa8-4256-443d-bee3-e1f58e861a8f,1,7,True,False
3703aa79-696c-4ed4-932d-e2e486791c1b,1,4,True,False
3709ed1e-9527-4944-996b-a076dcfe57fe,1,6,True,False
3714975d-7a16-4c9d-bd31-3335b05754eb,1,10,True,False
371823aa-cd65-4544-89d1-12eef2cb1f5f,1,3,True,False
37264e9c-91be-473d-8e4f-8edb43cee81d,1,2,True,False
372947f1-a902-4f7d-85a6-0311b8f2f8ad,1,8,True,False
37299aca-b1f6-45c0-a5d6-814b952eead9,1,10,True,False
372cfadd-7b61-4b42-8bd0-eeaf829cc6e1,1,4,True,False
373cc8df-443b-4222-91f3-e0d1b77be22f,1,8,True,False
373cffea-642d-44a1-bc3e-aa3acd91be05,1,4,True,False
374370e3-6d69-4033-9921-258d8c2b6fc2,1,7,True,False
374a93f2-ae8d-4bc8-9d30-525374be9d89,1,3,True,False
375facb9-d739-4bde-a741-27d95fdc3f4d,1,2,True,False
376825f5-0680-47e5-9718-ec564f64df12,1,10,True,False
376b1df6-3cf3-4923-b1a2-09612c142f28,1,4,True,False
377488c3-c328-40d8-b3d1-e9aa0716d876,1,10,True,False
3776a7ac-1ceb-468a-a760-d63b5e14eb99,1,4,True,False
3777f797-f41f-4d48-b15e-0a11fe9e43d4,1,3,True,False
37884215-8a43-4856-8343-5808a3de22d5,1,6,True,False
3793996f-e7fb-4f46-95fb-5221d15b0c2b,1,1,True,False
379855aa-d6d6-4395-9080-08da3600a69a,1,6,True,False
379cd8a2-b8e2-4217-9340-d37da3397214,1,7,True,False
37c0a8c8-8ed9-459a-b258-b4ff63c9ac12,1,1,True,False
37c5b341-8948-4893-8f46-360b9f95f332,1,9,True,False
37c6a1a6-ba09-4c18-b0bb-a797e897cd02,1,3,True,False
37e036da-081b-4491-9922-6c570bcd0dac,1,1,True,False
37e07ac1-1512-4fee-9a43-2dee26a69220,1,9,True,False
37ee5e5f-d7ee-44e9-9743-600bf7a219ea,1,7,True,False
37f404c6-1ee5-4a0f-a7f1-62e56e87c6fe,1,7,True,False
37f7453f-ef82-428d-9bc4-f73d9689b194,1,7,True,False
37f80646-49e8-4ddd-8be0-8dd9261e6db9,1,9,True,False
3803ed58-3d6d-48f3-aa3e-c8c7375f4d8d,1,9,True,False
380df4c1-e347-40d6-8455-2c0a2d6a41a8,1,6,True,False
381c0a38-fd43-47e9-ad5d-9837347c04c9,1,6,True,False
381d55e6-ff5a-4c60-84b7-e78b730e59b9,1,7,True,False
382123e4-fd41-4c2d-bc56-c603446dc4b2,1,10,True,False
3826db83-a0b4-43eb-b5a4-23fd5cefeb2b,1,5,True,False
38300d55-4fc3-4467-b4f2-436c0b82f604,1,10,True,False
383470b5-2da2-4020-bf4f-a89337d0f36e,1,7,True,False
383affa3-d8da-4ad0-9bd7-91f48c1c00ac,1,1,True,False
3848ac0b-31d0-44e9-b39f-9fa2b987aaf7,1,11,True,False
384d8b09-2694-4262-8ecd-26bbd3e6acd4,1,1,True,False
384f8a90-0a80-4975-a7de-8d8456c8a654,1,8,True,False
384f9ae0-2bc5-4a3e-bec0-c14a3fd63586,1,8,True,False
385407e3-565d-4c03-aad4-486cd68aae35,1,3,True,False
385a6a28-ce03-4142-a348-b5a89bff7cb0,1,11,True,False
3865a631-7e6c-4b37-8634-ffb6e4a01ea7,1,1,True,False
388544f2-007b-40ad-baa6-e063c383fad9,1,10,True,False
388ce74b-92fe-4292-a49e-2c45b4653c7b,1,7,True,False
388f3d28-342b-4b89-8c27-68f2bfbe4fa7,1,4,True,False
38976368-dfe2-4af4-8e70-7ff5e95bfb24,1,7,True,False
38ae2c38-66d6-4cf5-9b9b-69912c5a4e67,1,11,True,False
38bacfc9-4f54-41ca-88ff-360f61bacb29,1,2,True,False
38bca692-4935-4380-b6e6-b89b3991e9c1,1,5,True,False
38c13ae0-7377-42d9-8503-52e3eb62166d,1,4,True,False
38c32999-7fc7-4621-a0b7-16f4f4ed9190,1,9,True,False
38c7322f-e465-43d9-baae-b3e365f1f79a,1,7,True,False
38cc02b3-b4f3-4cf0-a6f4-9cde678d9e9c,1,5,True,False
38d5e433-a00c-4f8e-9541-1c2d4917ee03,1,11,True,False
38d9fa5e-2edc-46c1-b4e1-4e9222303c31,1,4,True,False
38e03a6f-9b70-49f2-b66e-6040908f6191,1,6,True,False
38ed81a0-5de0-41a9-9ca1-4b8788b88b5d,1,8,True,False
38edab6d-93fe-4737-9823-d831db9e5c81,1,9,True,False
38f0b044-4688-40b2-90bc-f1e8f840429a,1,2,True,False
39034b6e-b562-4fb8-8f5a-12a092fa0a14,1,3,True,False
3909a193-55d4-4b39-9a4b-858133fb84e0,1,3,True,False
39123423-b5a4-40b9-ac52-05a427bd7f43,1,9,True,False
3913ac18-4b3c-4267-89d7-bf76dc8df0c1,1,2,True,False
391e6873-b64a-434b-99a7-16e2ed72c5c3,1,3,True,False
392c9d10-5dea-4286-9469-7cc174f59b44,1,4,True,False
39312b23-bf39-4665-8951-c2c11e5d5595,1,6,True,False
393fbb33-469a-4643-8bd0-617413faf129,1,11,True,False
394649ba-89f3-4920-ad14-1c61332062b2,1,5,True,False
395e24f0-c96a-48d4-9691-18059466147c,1,6,True,False
395f5e25-0ac4-4eb8-b19d-33c980c5c73f,1,4,True,False
396d4f65-0abc-4e54-9209-23234af27a9a,1,7,True,False
3977838f-2090-45ec-8c5b-d45a8c0b48a0,1,4,True,False
3977a06b-8049-429c-800e-7f011384d28a,1,9,True,False
397c3657-e4e5-44e5-adcf-a28d86ff7c78,1,6,True,False
398530f0-23c8-442d-9596-ddfd753a7ede,1,8,True,False
398bd664-da3c-4ff2-834e-522f90a69c68,1,10,True,False
3993f26d-f418-457d-b7c2-2a6b26ce7b37,1,8,True,False
399580bb-6287-4d24-9a17-e6baefbacd41,1,11,True,False
399de090-8fa1-4cee-b588-d84f3d8760a2,1,3,True,False
39a9efb2-31cc-49bd-8ba5-f2b0c952b518,1,8,True,False
39b07f85-575c-4242-ad44-6f868e2fe30b,1,7,True,False
39b0c280-4053-4b50-ac37-3d13ce167995,1,6,True,False
39b3d469-9120-4259-93df-8393bec7cea6,1,2,True,False
39b68926-3a76-4799-b04b-591461a8cf05,1,9,True,False
39b71d8b-da98-4670-9c0f-190086220bd6,1,4,True,False
39c33d73-2a49-44db-84b7-2ca731dce889,1,7,True,False
39c822e1-bb9e-4d4c-84d3-2aeec5096603,1,1,True,False
39c828ce-ca1f-4a10-a6b6-eefe8ff7d837,1,8,True,False
39d02d42-3ca7-4415-85b4-d158fd3d871b,1,3,True,False
39d85a42-4598-4bcc-bf78-1f02dc4cfba3,1,10,True,False
39eaab3e-7053-4ac6-94d5-bd4f49c0c3e2,1,11,True,False
39ec75dd-e3ef-4b89-b5e5-d5b97ac89dfc,1,6,True,False
39f1757d-ab03-47e3-a2de-021016b2708e,1,5,True,False
39f3ef79-35c9-465a-a282-0b9df8e9bd1e,1,4,True,False
3a0b1409-6661-465e-bc54-edf72c428958,1,9,True,False
3a0b259c-00fe-427e-9fa7-940f3a2fcbca,1,1,True,False
3a0b92f4-2e1c-41af-a55b-4f3465c273bd,1,8,True,False
3a1005f9-b950-483a-85c0-8ad828a03684,1,7,True,False
3a189bde-a81e-45e8-b6a3-690b5b243526,1,9,True,False
3a21893b-b6cf-4c25-a14a-56c06ee9e39f,1,7,True,False
3a3fc270-db08-4f21-923e-0c9cb3223a0f,1,1,True,False
3a4aec9b-87ed-42ff-805c-c525ae82f4e0,1,2,True,False
3a4f6a22-d20b-4030-b08b-e25b2c9707f6,1,1,True,False
3a5b9686-5b1c-46e4-bccf-8edd0b7ecb79,1,11,True,False
3a5efb7e-c73c-4a64-98a5-5a6721ac579c,1,8,True,False
3a68761d-b730-4c83-bd3e-139f20237b8d,1,4,True,False
3a6962a0-bc1f-4c25-8972-864b6209ae25,1,6,True,False
3a714645-487b-4cef-be8b-e7d6479c686d,1,10,True,False
3a83aff7-812e-4de9-866f-be9d53b5fbc0,1,7,True,False
3a8cf5fb-a9a8-43aa-9780-7f012eac9666,1,3,True,False
3a95a731-1d30-46f0-90de-5c3cc3d8e18e,1,1,True,False
3a9ad5a6-ebf2-49ec-9326-8ece11fa85c2,1,8,True,False
3a9dfacf-ff51-45ba-8431-7d8a19053eb4,1,1,True,False
3aa816ae-9de8-4f24-b61c-6e20c53ab3a3,1,11,True,False
3ab77181-6ba4-4ecd-8aa7-371b5a925682,1,10,True,False
3abb9ced-63d4-4f42-af1f-0fc5a4862e0e,1,8,True,False
3ac4ed24-5f8d-4a0c-8e66-6b6a639a9aa4,1,5,True,False
3acaa141-ad26-4e95-a774-35cbe77b65a9,1,11,True,False
3acc307b-1d21-47ff-b772-357b04ff0fe9,1,9,True,False
3ad16d2d-41c6-49a5-b6c0-634038c2747b,1,7,True,False
3ad16fb9-c0f9-4120-80a6-15ff4092324a,1,3,True,False
3ad88135-8306-40dc-a490-912e21823d38,1,4,True,False
3ada40a0-196c-434f-88f3-e8df81ea557b,1,8,True,False
3adc24de-0902-4b17-83ac-1188fad1daf3,1,8,True,False
3ae5b6ca-78ee-4fb5-9dd0-46e2898869c1,1,10,True,False
3b08b8fa-c665-4b06-bf56-b6af01cefc71,1,6,True,False
3b0ec43f-79f8-46df-b9d1-f565f4bc2323,1,10,True,False
3b10928e-8a7e-484a-8292-e92e0230748a,1,6,True,False
3b1486cb-de86-47e9-b7e5-9e1fb46b23dd,1,11,True,False
3b1898da-5c4f-440b-a6a9-57324c9a895d,1,11,True,False
3b18a5d6-584e-443a-983d-3e89120d21d7,1,11,True,False
3b1ba892-ebc7-4801-baa0-76976e4ca9ce,1,2,True,False
3b20225b-3c0d-4c23-8383-0e75247c0780,1,9,True,False
3b256bda-563a-4a05-9298-f99723aac4f9,1,9,True,False
3b2e2f6d-39ff-413b-b53f-d68e6d9bc4aa,1,4,True,False
3b2f4fff-d763-4ad2-9480-57dd5650cc3f,1,3,True,False
3b3e587b-ab12-4983-b05a-2e6109b9bca9,1,4,True,False
3b40f9d5-0613-4d8e-b77e-08d15c30b8e4,1,2,True,False
3b423876-3b1e-475a-9e52-d3e779fc4f53,1,5,True,False
3b4856e6-9b8d-4cd0-a2f6-863b5e87dff3,1,2,True,False
3b4b2eaf-7961-47d5-88e4-8a9ce3ad6169,1,2,True,False
3b6243d6-34db-44cd-bfa8-fa152e782a9f,1,10,True,False
3b692251-96ea-4ca5-9ab9-537d190e27f2,1,1,True,False
3b89c611-28b3-4b53-b892-05e684607a90,1,5,True,False
3b964bf4-8f1f-4beb-8ed7-38d59db0f02d,1,9,True,False
3b987d14-311b-47f9-b52e-1516c28e2b43,1,4,True,False
3b9ac625-0f84-432b-a0de-5415b6d021a9,1,10,True,False
3ba23a49-50e3-4adb-bb66-848a0d618995,1,10,True,False
3ba4cb3b-2f51-4712-9c8a-a037294e13d6,1,4,True,False
3ba7f2b8-35d0-4dcd-befe-35bde26116ea,1,4,True,False
3baa5b9f-2d15-4875-ab47-aa77985e1a0b,1,11,True,False
3bb62436-ce2e-4689-b22c-ce89ec70faa3,1,3,True,False
3bb6bf50-0a75-457b-b3fb-6d46eae554c9,1,1,True,False
3bb6bf99-21cc-4749-af07-79fa7d47d180,1,7,True,False
3bbcb47f-6797-4963-8aca-29b592ff7092,1,10,True,False
3bbcc4e8-439c-41de-82bb-457d946bf047,1,9,True,False
3bc3a0d8-5410-47fe-825b-d0e337b6713a,1,3,True,False
3bd2a953-c79d-467b-962b-f715b5d79bac,1,9,True,False
3bd3fb12-65fb-4dbd-9e7e-f13245437cc7,1,5,True,False
3bd99027-2bb5-4a53-bdf3-6a92d4dee2c7,1,5,True,False
3bdd5232-5c2c-4d8a-9ba8-d17d67803749,1,6,True,False
3be25576-371f-4979-9852-3a44490bc924,1,4,True,False
3bea2785-8c44-48fd-be96-5cb22aee5b59,1,6,True,False
3c038ee5-1a63-4de5-9b1e-09f56b452c51,1,8,True,False
3c045ff5-9bcf-4157-8e0f-9b74d68a68f1,1,4,True,False
3c048572-b6f5-441c-af59-6fef2317de63,1,2,True,False
3c063885-1a42-4f7c-9a3b-78654e2b9c9d,1,9,True,False
3c08d3e2-3199-48c7-b22b-6ea2bd308fdf,1,10,True,False
3c15cda5-38ae-4e21-9dcf-4d6346323001,1,9,True,False
3c1c2638-4f79-4627-8b42-288a96701adc,1,1,True,False
3c1e5d8c-440d-4250-84de-9aae94d63c64,1,8,True,False
3c1e9305-2852-4ac5-a865-eb40f404ce4f,1,9,True,False
3c218dd6-2819-4391-bccc-5443eb740995,1,11,True,False
3c36af85-597f-4275-af75-bfdfb749ac5b,1,10,True,False
3c3df1fd-e551-4c92-8010-9b6dfc6de3b5,1,7,True,False
3c46a326-e85e-425e-af5d-bf93420a3443,1,4,True,False
3c477f9a-ce68-461a-bd7e-2e40211e5155,1,6,True,False
3c59e0f1-9dc7-43e1-b1e3-669d5d275a3f,1,8,True,False
3c5d40d1-a6b2-4338-ba5f-d9fb2a333e32,1,7,True,False
3c5d9818-c9f7-446b-aefc-1e96c66f93f3,1,8,True,False
3c6e097d-1e81-4633-9954-ca90efb94053,1,10,True,False
3c70aec7-9b75-4ea4-b784-399acdfe9c27,1,4,True,False
3c829351-8ec4-42ad-82e7-9934ce61888a,1,2,True,False
3c876f4c-12de-41da-8e76-b0db36f0d924,1,4,True,False
3c90d042-b69e-4063-ba1c-6de66382e111,1,10,True,False
3c91cacc-3d5e-44ee-8be6-24c98a74ed53,1,9,True,False
3c984365-2457-4350-ad66-04e448cb3efc,1,5,True,False
3ca3b906-ccf7-4825-a334-fb81ef4a911e,1,1,True,False
3ca5a3b9-bec9-4ad1-b94f-3267def09f85,1,6,True,False
3ca6a2e1-2a84-4593-a761-c18c82325937,1,9,True,False
3cb22a85-34a9-42b6-b9e9-8435cd2271dc,1,1,True,False
3cb99c27-86d3-41c4-80a6-3343db76932c,1,7,True,False
3cbc9bd7-1cdd-46b6-9455-229069262464,1,6,True,False
3cbcee59-2ebe-4b32-9f06-61eb511e3305,1,9,True,False
3cbd0693-b946-431e-b6e1-9b654b22efa3,1,9,True,False
3cd5a148-bb8a-494d-a422-17b7955e13fd,1,2,True,False
3cd5e861-fb42-47d7-b41d-1ecd952eb462,1,2,True,False
3cd85b37-f885-4ca7-952f-165f809049c5,1,9,True,False
3cdfde9c-883c-4eea-abd1-67a0b2fd2976,1,2,True,False
3ce7c802-0a9a-4ccc-a31b-89f5f28c2421,1,1,True,False
3ce95136-4313-4c3b-a5ce-9b9ba1766c72,1,4,True,False
3cffc2ea-dccf-47fd-92a2-8648c42037dc,1,5,True,False
3d0228bf-9d4e-4bb0-97a5-34e72fa1a52c,1,2,True,False
3d111408-4f8e-41e9-96d7-7ba647575d96,1,5,True,False
3d18f8b9-5f64-4df5-b943-d1dc60ff3d97,1,1,True,False
3d1e99e2-4dfb-4f7d-a376-6b2939a51a7d,1,6,True,False
3d240ddb-2207-40d8-805d-c1bbe9afbb89,1,4,True,False
3d32a234-c609-4ce0-a41d-f66c076225a0,1,5,True,False
3d38418d-ed30-4443-9aed-a2f300a4654e,1,9,True,False
3d3a9281-353c-4f09-bd6d-0239ebd8ea1d,1,11,True,False
3d3ad0a9-e3c4-4d70-9a83-41bb2b27c372,1,1,True,False
3d433759-c96f-407e-9451-4acc6949e938,1,5,True,False
3d5220a1-44e8-46bd-9a89-52ebd412e740,1,1,True,False
3d688a8b-3b43-49a7-b079-5dc862e529bf,1,6,True,False
3d6c1ab3-97e2-4f48-86bd-5858521b9c7b,1,8,True,False
3d6cdf63-476f-42c1-a201-e8555bc60fb0,1,4,True,False
3d7df618-e336-43e4-8be3-ed84153c2e2e,1,4,True,False
3d89b99e-6dc3-4339-ba24-4f8b5e34c7d4,1,6,True,False
3d8bd3e6-bcf6-473d-8bca-45bdaf23fdc9,1,2,True,False
3d93e5c0-6717-43b4-935a-74660a52f7e9,1,1,True,False
3d9a4673-9778-4d9b-8afe-52f564c1586e,1,6,True,False
3dac1556-3a0c-4f45-a7b5-f9505d5076ad,1,8,True,False
3daf0d66-3a7b-47f9-8f00-e8f5f5a3d3df,1,2,True,False
3db641e6-3347-4ffb-bd15-6b328795b3c2,1,4,True,False
3dbb89db-f523-4c6d-b218-4e1c98b3887c,1,9,True,False
3dc82bf9-e3ef-468d-b4f5-984abdeb469a,1,3,True,False
3dccdcc9-6357-4eb0-a49b-990b98032570,1,4,True,False
3dcd0dea-a076-4d0b-bec6-6930a1bf3303,1,7,True,False
3dcf22ae-aeb1-4968-a2cf-613f50873262,1,4,True,False
3dd8fde9-d1b7-4068-920b-7eceeada07ed,1,7,True,False
3dd93ce1-8abc-4bf3-ac50-3edda4cdfc02,1,5,True,False
3ddbfea0-098b-4037-97f9-7d7141c995ef,1,5,True,False
3dde2ecc-6cb5-49a9-b8a6-2eaccb3ddb12,1,1,True,False
3ddf561e-044d-42f5-b36b-38494d1c4414,1,9,True,False
3ded835d-6a59-464f-a8f1-f688f1604460,1,11,True,False
3def3606-31b8-4f64-9c9e-0843f7558bd8,1,5,True,False
3dfc8087-6387-4870-965b-e53883e5c112,1,10,True,False
3dfd097e-95e8-4758-b434-047d3feb1ba7,1,10,True,False
3e0a2b9d-ba73-4c80-82a2-68611efa33c0,1,10,True,False
3e0d2295-dccf-451c-8f79-eb11ae53b244,1,1,True,False
3e175d50-a52f-4bdb-9800-ea9df9bf416d,1,8,True,False
3e21f8ca-e02f-4da2-af06-757882c8740b,1,5,True,False
3e25757c-1866-4e6e-869d-d11ebc58e54a,1,7,True,False
3e262ce8-8bb6-40e2-b06c-8c5b2f6efe92,1,1,True,False
3e28e3cf-f45a-4de5-8b96-950ec93ffb0d,1,11,True,False
3e2d3bf0-8938-46de-88cd-4c70111e80dd,1,7,True,False
3e502075-c066-4794-af57-c20eff7e30e5,1,4,True,False
3e612708-9a51-45e2-82de-b724c51fa8c0,1,8,True,False
3e7dda2c-ac5c-4712-b94e-eb156d4b50c5,1,11,True,False
3e7f7d85-37e5-46c5-912a-1b976ab242e1,1,3,True,False
3e853b02-9b70-463a-87c6-383b2e55639d,1,8,True,False
3e86db88-02ed-40ce-857b-af1dd98b2717,1,6,True,False
3e8d6189-a89c-4be5-b065-dbdb3daeee03,1,11,True,False
3e8ecd4c-809d-4ac8-8ad8-34134144b806,1,4,True,False
3e90215c-1487-4e2d-8ecd-2fafb0bf60c4,1,11,True,False
3e98c5cc-3a90-4163-a7be-08aa39155a9b,1,3,True,False
3ea2a7b8-c0b9-4a98-ab58-1985895e6b54,1,8,True,False
3eaa1f42-0756-4b1c-8649-caeb4c2af020,1,2,True,False
3ec69bfd-7609-4990-83ce-23a10290c8d4,1,3,True,False
3ed627cd-0873-4c3c-88d5-52fab7914f2b,1,2,True,False
3edb33ed-b54e-4a8d-a3b8-204b0a65b293,1,6,True,False
3edbf37e-fb92-44de-ab89-71334c2ed0d5,1,3,True,False
3edfd2b6-31c0-4cc3-9254-7f6e37a451a6,1,8,True,False
3eeba08a-06c6-4831-9a5f-8b74102773af,1,6,True,False
3efbd987-46f7-4e66-b936-c2c8beed4ca1,1,8,True,False
3efe4782-2ed3-4db2-8c55-e45a2d6a27d9,1,11,True,False
3f0c45f6-61cc-440c-b205-98f3c6c6977e,1,3,True,False
3f16c101-d3fc-4a62-b148-9447d0eac2bc,1,1,True,False
3f17491b-9aab-42a7-a906-f4405b70b602,1,7,True,False
3f2b7319-9742-4009-8cee-1f96b2c1b84c,1,11,True,False
3f2dde1d-a840-4748-8759-ea8303f4593d,1,4,True,False
3f3ee3b3-9d97-44dc-8255-d6d679bc9989,1,7,True,False
3f4309b5-09f6-4273-828f-fecab8429be8,1,11,True,False
3f43418a-861a-4f2c-a31e-7e5f98984da2,1,2,True,False
3f585db4-d201-4118-ae48-87ed0924481c,1,1,True,False
3f58d5ac-291c-4f9b-ad15-530249d6f693,1,3,True,False
3f5d226d-0242-4c37-919f-a1ca6e2f318d,1,5,True,False
3f7195ce-feb0-4b4c-98cf-a919bfd28a0e,1,11,True,False
3f77356f-8535-44a3-9e61-bab995fe2d1a,1,11,True,False
3f7a54cb-00d3-4757-a76d-9ade6a139dec,1,11,True,False
3f89d04c-6beb-4462-9782-4d1ef93c12e9,1,11,True,False
3f8c9bab-96af-48db-b043-ba04b20480b6,1,6,True,False
3f8dae25-9522-45d2-9b34-e0946d7d300d,1,10,True,False
3f992184-2519-4422-b285-0a2b10574a65,1,6,True,False
3f9bb11c-9b67-4a62-abfb-a82ce222671d,1,3,True,False
3fa43ece-2f74-4826-9f4b-ca9eb98e4f92,1,10,True,False
3fa51751-d665-45d6-a3bb-6f58d3e0bfe2,1,9,True,False
3fa86993-6005-4941-8a70-971f46f519a5,1,3,True,False
3fb1a42c-8132-4754-a444-fd640149645a,1,4,True,False
3fc412ed-5b19-420a-bd42-08aca84da18d,1,7,True,False
3fc491d5-8701-4c1d-87a3-11e3b3682974,1,6,True,False
3fd63945-91cf-4d49-8237-4571c4433577,1,6,True,False
3ffaba6d-68d9-424a-a76c-f49c3ec21ef2,1,3,True,False
3fff39c4-76a9-4b6b-8cc5-c6413e00a712,1,5,True,False
4007c8ab-e8e8-4bce-852a-628b9a7aa785,1,8,True,False
400a24e1-657b-40d9-a8ef-fcbcfe3e1397,1,5,True,False
4013c3bb-6e7e-4d62-87a6-c7fd07327bf1,1,1,True,False
401710c1-8c49-4031-b7ce-b282f071b259,1,10,True,False
40192c82-75a7-4f19-95b9-e65c96b5407e,1,11,True,False
401c545c-b8a2-4e3f-ba89-4138edd2d85a,1,10,True,False
404360c2-8aa0-419b-8678-586b536042eb,1,1,True,False
404f8f6c-8154-46aa-b285-0fa596e72839,1,8,True,False
4052cfc9-918e-45af-b440-452d16e6cac2,1,11,True,False
40544b79-4ab2-495d-b36a-236f71091662,1,10,True,False
4055e6dc-1e3e-4c0f-9127-5adcf56dcb86,1,6,True,False
4069d995-d16c-4ebc-8ce8-c5cae02f08e7,1,4,True,False
407472c2-22bc-4c27-9c8b-7ddd5112a8dd,1,6,True,False
4078ee25-b40b-4446-8f9b-33844e6aad45,1,8,True,False
40792959-0807-4e1e-b562-651472e112fd,1,4,True,False
408096cb-19e5-41b7-9611-5d27ab47362b,1,10,True,False
4081fbd2-352c-4c09-a6c9-e50441b9b948,1,1,True,False
40821e10-3c84-4833-989d-bcec8276f15d,1,4,True,False
40893e3e-39f1-4457-b517-2a2b971835fc,1,6,True,False
4092005f-f782-4097-b2de-679010bd3d7b,1,11,True,False
409c3f7e-8e92-48fe-a118-a226e1ceb14e,1,10,True,False
409cade9-75be-4868-81f2-fe8d9e0552f7,1,9,True,False
40a9fa84-1876-424f-929c-3f023fabe7ef,1,7,True,False
40ae91cd-c49d-482b-a171-4802952f9e5b,1,9,True,False
40ba60da-06fb-448a-a0ae-0ad6afda94ab,1,1,True,False
40c36099-65a7-411c-957c-da50975972ab,1,3,True,False
40c81e27-8877-4308-87a2-1e9fcf2d3442,1,10,True,False
40d1b5cc-2f36-4909-8514-26b05020a71b,1,4,True,False
40d3a5dc-680e-4781-a4ed-fac7c4f51680,1,11,True,False
40e5526e-e96a-419c-8427-b8e31e19548d,1,2,True,False
40e9e737-c143-4d5e-9c24-ce74f6303c8b,1,6,True,False
41010a86-3135-4558-bd02-b8cbcac3a8e3,1,6,True,False
41089c38-2599-4819-98c2-4911f4c7b8fb,1,6,True,False
410b1088-cf63-4e7f-a457-9722bd0e31ea,1,3,True,False
41124839-2ecc-42d7-b7c2-9b72caedb2ea,1,4,True,False
41140aba-61c8-4b5c-83d2-8a73d2240438,1,1,True,False
411bc910-e6ee-40cf-beac-fa4a4ecc3758,1,3,True,False
411d65bc-0cf8-490d-8455-0fbe96dcfd88,1,1,True,False
4125d5b7-f3fc-4060-b923-a23756fd4b9e,1,9,True,False
413300f1-a280-4835-9112-8a84887bafec,1,4,True,False
41396e6e-ef1d-4f66-a3b6-6bdcc74b070d,1,5,True,False
41459bc7-07fa-4212-b980-72996a635a64,1,9,True,False
415f2676-e537-4a7b-8047-e32833627178,1,9,True,False
416d1034-1501-4c23-b88f-c3447ea3c6e6,1,5,True,False
41717f3f-9004-442e-a294-4e73f291b764,1,6,True,False
4175b209-1c1e-4d26-87f6-6471f7ca82f1,1,11,True,False
4181b3c0-7c97-4ccd-9552-cf0d989b0826,1,6,True,False
418e6d7e-1210-4b6c-bd6a-8cd0677659ae,1,7,True,False
418e9410-f01e-415d-a525-85294488725a,1,9,True,False
4191363d-4157-4120-9a10-aed70e66a22d,1,2,True,False
41977c0e-c275-4158-b327-df173e75a450,1,7,True,False
4197a6b7-6e9a-4109-b81e-0eb6dcbf0756,1,4,True,False
41984bda-ce15-400a-93b1-516005e71d1c,1,1,True,False
419be290-06fd-4688-b612-24d6a264bf3a,1,3,True,False
41a07c74-2b8d-4517-a945-5441db1b25dd,1,7,True,False
41b0c806-03cb-4a6e-90b0-e693944382d5,1,3,True,False
41b138db-2dd0-479d-9c09-a1c9339de92c,1,6,True,False
41b49471-b23b-4e0d-a5fe-a81a8b91dae3,1,10,True,False
41c742d3-66db-420a-8794-85fbae76a090,1,2,True,False
41d1bafb-a7ca-49aa-9742-e9f4a44912ce,1,5,True,False
41d24177-64b6-4060-948e-825dbcd71e7b,1,1,True,False
41ddf7ae-5c2f-474e-9dd9-1f4559224d1d,1,5,True,False
41e43d5f-1e3e-4412-a67b-4c8ebbb349c6,1,4,True,False
41ebf10a-7146-4c7a-bf93-cea745492451,1,8,True,False
41fb88a4-72be-45b9-a639-274354170710,1,4,True,False
41fc6143-3958-47fa-aca9-6a0ad24b1d9f,1,8,True,False
42047231-2a1f-4b92-b28c-c2150b5e8dc3,1,11,True,False
4208e139-5c19-465a-a578-377709dce120,1,4,True,False
420f6d8d-8661-4278-adf9-a2fa66913e89,1,3,True,False
4219b70f-95f7-4984-8440-c5e3a942490b,1,4,True,False
42262cb2-1d99-4aaf-a9d2-4ded1da51357,1,6,True,False
422f0348-ab49-4826-92a5-18fe98424052,1,8,True,False
4247b20b-f05d-481f-ac03-748b50a4e65e,1,6,True,False
424ba0ea-c8f6-4b54-bfb0-ae6e544d21b4,1,3,True,False
425175b2-7837-48e5-b547-b887a803bece,1,5,True,False
42526c9f-703f-4649-9dd8-f9243f6dee0c,1,11,True,False
4256250d-2edf-40b0-a2c6-3266444d6999,1,9,True,False
4265cf13-aa12-4c9f-be99-cdf1e4644031,1,8,True,False
426c0422-44a0-40fd-80aa-cac8e9ca64db,1,4,True,False
4271e4db-e3df-4085-984f-02423280d595,1,9,True,False
42725509-099f-433f-8e7c-55b2eb325b1a,1,7,True,False
4277e7f0-4cd5-49bb-ac08-47d9be63140d,1,3,True,False
427b9e4d-6404-47f2-bf89-439141281786,1,3,True,False
4286b0cd-fd22-4378-9201-1234e5a72690,1,9,True,False
4294eabd-815b-4551-a8be-7d7e2f4298d8,1,4,True,False
429527fb-7f76-48f5-ad02-1910018c8556,1,5,True,False
429c8c37-9133-49d3-914e-be92113b3046,1,7,True,False
429d2da7-02f1-4e9a-804c-4dda6ae18a26,1,3,True,False
42ab780b-6d09-4e52-91be-c80d65d5d166,1,2,True,False
42ad65d8-baae-4f9e-879b-55674ab1e936,1,10,True,False
42b307a3-25f0-4500-9269-fccd88fd9f18,1,1,True,False
42b63def-a5c3-480a-bed7-337378b13d67,1,1,True,False
42b8e112-bf2f-48e3-90fe-52359c9aa1d4,1,11,True,False
42bfae11-2b28-465f-9bc3-0dbe627fc263,1,1,True,False
42c3b37f-5b8e-4ee0-bc71-c6ed2c812e35,1,2,True,False
42cfb2d7-1109-432d-bd03-b159aa8b5855,1,6,True,False
42dc1d64-39d6-4bf5-bc9e-b2861734c84d,1,1,True,False
42e2917f-f1a7-43d9-9737-dbf997b85b2c,1,4,True,False
42e2d205-99fb-4d3d-bc68-915e76914a61,1,3,True,False
42e712fa-ea93-464b-8af9-697228b434ba,1,9,True,False
42f3b670-8d17-42da-ad5c-7dfd29a1a096,1,8,True,False
42f91dc3-e09b-4fc5-b97a-5d3e3eca098e,1,5,True,False
4306c642-6989-4ab9-a462-e02764ebe7de,1,4,True,False
4309d803-f6c5-480a-87c1-d5bcbc5a7613,1,10,True,False
4310bd30-0294-4b45-86b7-b4dce2748c20,1,8,True,False
431418db-317e-4949-81dd-283528971b6a,1,9,True,False
4316bac2-7a01-4c1c-b066-b515cd023e0f,1,2,True,False
431d965c-45aa-4c4f-aa01-477f06653eba,1,3,True,False
43239b55-613a-4b2a-be27-579456168718,1,11,True,False
433073a7-8fe7-4db5-b4c7-47e894cbc0fc,1,5,True,False
43325583-8aec-4936-b8d4-6ce19ade652a,1,6,True,False
43501971-d955-40af-982f-8387b1d72ee7,1,8,True,False
43559e87-e59d-4fb9-ad23-5bf2877f0df4,1,10,True,False
435d7a05-2d06-478d-996c-8bbc3cedc828,1,3,True,False
438bd913-9ee6-4058-996f-ac410ffb9d84,1,3,True,False
438f8bbb-267c-460f-81ed-1d43020aa93e,1,8,True,False
4393ec82-195c-4f65-a76a-4203e12d16ec,1,4,True,False
43967ab3-9514-4984-a804-f6b7d0f09cf7,1,6,True,False
4399d3fe-27c4-4e97-a573-e2972045cfd5,1,3,True,False
439d6113-abc1-499f-a11f-14bf4ad5483c,1,6,True,False
43a44ee6-5293-4a42-a04f-faf3bf0967b4,1,1,True,False
43a6ed52-0b56-4b25-b081-44bdc4c008e0,1,8,True,False
43b12778-3a8a-4dd0-8517-3b0b5cba2ffd,1,6,True,False
43b3c618-1edb-44d5-bccf-20e7f5e49d8b,1,9,True,False
43b76faf-9378-460a-b837-f3a676afc489,1,10,True,False
43c483cb-0374-4df4-a857-c88773e09fa5,1,7,True,False
43d054f8-f443-4364-b541-7726e2b70309,1,3,True,False
43d91263-6195-4c55-8db3-288f7cac9d7b,1,11,True,False
43dabcd9-18e7-4afb-9144-278ca395b6c2,1,11,True,False
43ec28da-e0cf-4126-ae0b-d2bbf0bef464,1,6,True,False
43fba260-f56e-4dcc-ade9-8410bb79c08d,1,4,True,False
44027b4f-8bae-42e3-9ac1-9a4f6dc093d9,1,3,True,False
4404f6ec-68f5-41c8-a4f6-e58a8f325f28,1,5,True,False
440614fa-864b-42cc-984d-4d2d14217012,1,7,True,False
440a89a8-acea-41e9-85aa-dc05f2e1a028,1,11,True,False
440c8971-e2d6-41b5-928f-2eff4e67c716,1,1,True,False
4411e876-9c9c-4821-9f43-f742db63fcc6,1,8,True,False
441c08ed-0e56-406d-b2c7-26b3b266882f,1,8,True,False
441ca1b7-d176-47e7-bba7-18405144622d,1,8,True,False
4426021a-d26d-4ccc-8b11-a9abc587a8fb,1,1,True,False
44316b3b-3f47-4a31-a6f7-a396fdae95bc,1,5,True,False
4451a6a3-451b-49f8-af83-f904b30bd661,1,9,True,False
446b2167-7231-4fab-8dfe-6d9eee1f2a46,1,1,True,False
4478e268-6081-40be-8387-409dfadefd39,1,1,True,False
447b98ac-ee00-489a-bf13-aea80edf07a6,1,5,True,False
44872cd7-8a97-4120-a5a0-fef4787ffa94,1,6,True,False
4487e4a4-a37b-4c34-901f-482e7576f455,1,8,True,False
448d57fa-dd92-4f34-8175-b178e71f3e9d,1,10,True,False
44a084b0-7209-4ec1-9f02-5d1db6d80a3b,1,11,True,False
44a5169e-9ba1-4761-a24f-31b8ba8fc607,1,1,True,False
44acb005-011b-46dc-910c-ee1a95a7f2ef,1,3,True,False
44adbf43-e6a0-4294-96b1-c26c405fa7e5,1,5,True,False
44aea809-3f56-48bc-9bcb-2fd4cc846a4a,1,8,True,False
44afe709-856b-4c7f-802d-54a6b0eff2a8,1,9,True,False
44c0e08a-db20-440f-9c6f-87f753d5cdc1,1,1,True,False
44c8e36d-57d1-4255-b365-576d9c749003,1,9,True,False
44ca8d5c-2334-49f4-9268-aeaefb9cf96e,1,1,True,False
44d80153-e019-433d-838e-c3a66aa084b2,1,5,True,False
44d86692-f573-4284-acd9-3b204538b3f1,1,10,True,False
44da126c-13df-486f-ae1a-85f228362b18,1,4,True,False
44e5716d-777c-4685-aa5d-79682c556261,1,8,True,False
44ea4b68-abf2-4734-8c80-b15d668b7c88,1,9,True,False
44f61edc-fe57-474d-852e-4aca3a523e16,1,7,True,False
44fa8a2a-bbff-42c9-accd-143900952f06,1,2,True,False
44fc26ac-9ac4-469d-85f3-50b2b70c6320,1,11,True,False
4508d9be-3da1-401d-877f-8ca14fc5146e,1,8,True,False
4508f70c-2efb-4785-b0a4-6438effa5ff0,1,1,True,False
450b8e62-993b-46eb-b6f1-efd9827b9736,1,2,True,False
450dadcf-f4b2-43bd-8d18-019af692fc33,1,11,True,False
4520ebcd-c504-4052-83f9-7746c76cbf28,1,7,True,False
4524beb2-f78d-4e15-bfc8-0468a119762e,1,7,True,False
4524f79a-44fb-49d9-ba80-5da594c529f8,1,1,True,False
452785d8-d66d-4771-bdd9-0a35d49602ed,1,5,True,False
4529de73-855d-410c-9dfb-5c5f3b984fee,1,6,True,False
452f14ff-0bd6-4823-9d47-22588874c452,1,3,True,False
4530a332-32dc-460a-b8aa-e52c36005535,1,10,True,False
453b25e0-99dc-4890-a106-ed4fa046a77e,1,10,True,False
453b46cf-c4ef-471b-bd2b-6e97922c026f,1,6,True,False
454bbe8b-4eba-44e2-a5e8-3fbe36439a78,1,2,True,False
455782b9-4ff1-4327-a501-714fb14528e7,1,10,True,False
4558e8b7-335c-402b-82f7-7e508493d533,1,7,True,False
455a9942-fa69-4f59-a3f6-bb49f2b16f6d,1,5,True,False
4562fc8c-ce21-43e4-8ad5-68894e7281e2,1,9,True,False
456687e2-d6fc-410f-b564-f6216346e8c4,1,9,True,False
45669629-0c34-4428-8f34-4da8caeabe8b,1,4,True,False
456d6f65-37d3-474f-b4ed-a2da7c53c551,1,3,True,False
4572f3ca-20d0-43ce-89e9-bc9f51ac5eba,1,7,True,False
457d06ae-f442-4b54-a0b3-58904b2ef1d8,1,7,True,False
457e1321-f149-43f5-84ca-80f7d24428d5,1,9,True,False
45833f44-12fb-4df7-b6b6-2d6bd7a25b83,1,10,True,False
45865171-4e76-4041-b6ab-37fa87c318a2,1,2,True,False
45926e58-1906-410f-b1de-6ed6f882d238,1,2,True,False
4592a934-fa41-4a12-9c30-a83b8a70620a,1,11,True,False
45a0e0cf-a891-4322-807c-b9010e2e3346,1,7,True,False
45a3946c-fd23-4049-979c-cd091209bb8c,1,2,True,False
45ac9b28-0a61-4e49-88c5-c0cc9355f657,1,5,True,False
45b6f0b5-16cd-4e9d-966b-e41418f74ab1,1,6,True,False
45ca0324-8a38-446b-b183-a21476c11183,1,7,True,False
45cbcfd7-87e4-4844-9b5c-a67999fff45e,1,3,True,False
45cd12c0-dbd4-4c6c-ba90-402f12cc6184,1,10,True,False
45ce3a35-69cf-440c-a23e-4fcaf61c017b,1,9,True,False
45d07da6-678e-495c-b4bf-48c57296042a,1,11,True,False
45daeeb6-5704-46d4-926c-ff407ad1b02f,1,8,True,False
45e05806-8ccd-49dc-9594-f6944d7bfc17,1,10,True,False
45e433a7-1f96-4235-bcae-3021be3e294b,1,2,True,False
45f2cc7b-36a7-46da-87ef-e1f8a66601d9,1,3,True,False
45f455a5-7fbe-4d23-a997-b866160953d1,1,9,True,False
45f472f9-75fd-4aef-9aab-b2067ac38230,1,4,True,False
45f7c82c-7b61-4749-a90d-cbe3ecc42c58,1,1,True,False
45fd4dc7-184a-4754-9b68-4c6d2ed49261,1,7,True,False
46010600-ca4e-45ad-834a-c941ee984ff7,1,11,True,False
46064c5d-b007-4c0e-ba2b-2d2ad5354a43,1,4,True,False
461841b1-96af-46c9-b861-b20957f4603a,1,1,True,False
461d0b58-4b22-4789-af30-12153c394a31,1,6,True,False
46293e73-fddb-44bf-8361-7245ba62eae2,1,4,True,False
463cccc7-d32c-4382-9fdf-8dcc1d4c8f3a,1,2,True,False
46490a5f-52be-4ad0-927b-299929afdee2,1,11,True,False
46497f4e-710f-428f-bd1e-de3095730cfd,1,8,True,False
46521072-0bbc-4ddd-8da9-3acd7487f79c,1,3,True,False
4654dfa3-3ed6-448b-9a2e-59e0d72db6ee,1,9,True,False
46611251-14e1-4584-9303-d7b70d7c3ce2,1,4,True,False
467ab542-6468-47ac-b181-8490049b33b6,1,5,True,False
4698cad0-24d1-441f-9933-715272242f5f,1,3,True,False
46b07698-2845-48c5-a147-6e6806fee28e,1,3,True,False
46b28439-9496-48b4-b97f-34f3e53777fa,1,4,True,False
46baed48-7fae-4c04-90a2-fc5bb1eb4576,1,9,True,False
46bc187a-b9c2-4d8b-88b8-4270fb86163a,1,9,True,False
46c42980-dbfc-4ae0-9f54-31eafc9f5096,1,8,True,False
46c8537a-df66-44da-a9ea-7dc8aafcd5b7,1,3,True,False
46d0bed6-0e8d-4579-822a-60424781b230,1,1,True,False
46d489e2-c9f4-415c-8c02-ac1bb0ea98de,1,10,True,False
46de7294-d04b-4aaa-a04f-eae7e3931ed0,1,11,True,False
46e526f0-44a6-4808-8ab6-7cb111bb6636,1,2,True,False
46ed5ca4-d7e9-4d3b-98d0-d4847bef0edc,1,7,True,False
4700eebd-9429-47c7-a4e6-4288418f1264,1,8,True,False
47034feb-7583-4fda-9333-b0d83de29561,1,6,True,False
470c2398-5f5f-4aab-9686-5104a66afdff,1,5,True,False
470d00fb-dd86-43ec-b566-3713443104e0,1,10,True,False
4711b363-2229-41e5-aed7-acff05ef2d7c,1,3,True,False
4717fdf3-797d-4129-acdb-d25bfa135de6,1,4,True,False
4719db49-5ba1-471c-b4df-e8f6eda1aa49,1,9,True,False
472298e6-ed24-4807-b877-3fb6fc29511f,1,6,True,False
4724790a-6a4a-4d7c-8bf5-85fc7469e8e5,1,5,True,False
472ab82d-5f46-4a81-9a3d-68436a9eca6d,1,11,True,False
47308d29-5958-4a14-a873-bfd85715cba0,1,2,True,False
4730d79a-6077-4a1e-bbe3-cf5bc7b70964,1,11,True,False
47397180-e439-4d9e-832d-ec355fc29ee4,1,7,True,False
473bbfc3-adb6-47b9-ad22-f429d3a37c85,1,9,True,False
473cd715-1d8e-4a85-b521-4c085abeec2d,1,7,True,False
473e46e9-f9b9-47c9-84bf-82a3d37340c1,1,7,True,False
4740628f-b70d-4823-a360-59f8f0ba8c5e,1,10,True,False
4746b1b4-7dad-4e5e-a148-005700f75af3,1,7,True,False
47637141-b108-4009-9ea0-d63ea686d550,1,8,True,False
4766ab1f-3327-4093-80df-db3b52078e5d,1,10,True,False
4775653d-1c13-4f1d-97b0-bbd36d11dc40,1,9,True,False
47761e5a-df0c-424f-85ea-40960b5d77bd,1,1,True,False
477a379d-7c6d-4d7a-b14d-344aa3b5547f,1,4,True,False
478051e5-ecff-4600-aaf3-4863ecaab99a,1,7,True,False
47868d56-7f6d-4bb9-b18d-fc85e1016427,1,3,True,False
4788023c-bac2-4e05-a4a4-3fa25472418d,1,11,True,False
479acba4-8378-4c77-b921-9119e62e94cc,1,8,True,False
47a2aac2-0490-43f0-8853-b425b3788bd2,1,11,True,False
47adc134-b138-4953-81c2-0530a73bc6df,1,9,True,False
47b143c2-48cd-4796-aee4-44237489a5de,1,6,True,False
47b666c2-c7b0-4b01-aee5-bdae0f7e7eb4,1,2,True,False
47bbb19e-a99f-40e9-8a20-981ddc32bfef,1,1,True,False
47bbf6ec-6cc8-4915-8f4a-6a9cfd0099b0,1,4,True,False
47c37165-ef15-40e6-bfb4-96ae7d2b9ade,1,5,True,False
47da279e-512b-459b-958f-72f221d77c54,1,1,True,False
47ded495-fbdd-4468-aa4e-d157faf07b37,1,8,True,False
47e17eed-a9c9-448d-a91d-c1b4f916ca80,1,2,True,False
48159c81-580e-49a7-9a00-b85e0c3878d3,1,7,True,False
482c8cb1-d1b1-40f6-95b7-fdb1c5c9e4f2,1,1,True,False
482e03ff-ccba-4a17-8324-a8363fae9e20,1,10,True,False
48443388-aa6d-4b0f-9268-aa794f98de6d,1,6,True,False
484a4d05-d814-4254-a8c7-6ee50b12acfe,1,7,True,False
48640849-2997-43d7-8cb1-b3a8af59970f,1,4,True,False
486e0019-4fc7-43e9-abd3-708c03c049cc,1,8,True,False
486eb314-6392-4de6-bbf0-fe414097d7ab,1,11,True,False
48768c9e-9583-4fdb-8805-750357ff0dba,1,5,True,False
487db7fa-835f-48fb-82b0-8320ad6977bb,1,8,True,False
487f6c4b-d07d-4400-809a-d9266794b817,1,2,True,False
488bac5b-6271-4e0b-9d2f-7f2894890046,1,10,True,False
488d04bb-742b-49b1-b1d4-4a5c7f856085,1,1,True,False
48a839f2-098c-409b-8088-cf094c1f22a4,1,2,True,False
48acd0d4-15ff-47eb-ae07-4c0885ec60ce,1,4,True,False
48bd95c5-4b41-4374-8c09-6a6633ea5964,1,6,True,False
48ce35f3-ece4-4f55-adfe-64c62f5509ee,1,6,True,False
48d1f67b-b2f8-412d-9cca-4fc26bdbd3c5,1,7,True,False
48d4b9ca-8078-425e-87fe-8f5e9addf791,1,2,True,False
48d674d5-7596-46ea-a4a5-17632d3030cb,1,3,True,False
48d78b5f-1a0c-4ba3-a065-bffcc6581264,1,5,True,False
48fa1da6-86b1-46ce-bbcd-890d0358d827,1,6,True,False
48fc1a35-7f13-4061-9fc9-6b79aa886cdb,1,9,True,False
48fca629-1194-4594-91d0-63d2799f32d6,1,5,True,False
4917f1d7-a35d-4590-8b2d-f09deaa3d397,1,5,True,False
491a17bd-db53-4e18-9295-8f36ccea3e1f,1,10,True,False
49200db4-8bf6-4a03-9976-71b7bee78375,1,9,True,False
49293512-5ec2-4a17-9334-ba8b4e9467a9,1,6,True,False
492f3e82-cefc-410e-8b40-26a450163b3d,1,5,True,False
4940cb43-c2b7-4317-9905-06b6894a30f2,1,3,True,False
4952a695-d4cc-4f61-b2ab-f3c8c5ea5bdb,1,5,True,False
495829d6-d4f6-45b4-9386-a13717313b60,1,1,True,False
49597074-ee49-4b0f-a848-f24cbd7b2513,1,2,True,False
496033d7-2316-4c66-b20b-db525100b230,1,6,True,False
496949b3-78a4-43aa-8135-e1734ede76cd,1,9,True,False
4969c40f-1fba-44c2-8d4d-e25bd7b6e023,1,1,True,False
496e1360-a509-4f14-8810-989103ed857d,1,5,True,False
4978e61d-70c9-4d5d-b3e4-19870d30cc3a,1,9,True,False
497da889-5fb9-4a31-8604-040e745521cd,1,4,True,False
498d57be-9847-4c18-8b50-0299f37e1a6e,1,2,True,False
4991f6b7-1f2e-4372-8817-1f560a3f9e5f,1,7,True,False
4993bd41-b3ac-47e3-aaea-a2b0fd1510a0,1,8,True,False
49953244-d2af-4192-834c-1089d12e893f,1,3,True,False
49995efb-0190-494a-ae14-1be26310244d,1,1,True,False
499bd62b-9e40-4c1f-ac7d-279997289778,1,9,True,False
49a9e8a0-ec4a-4e14-9e92-e6b4011bcd84,1,1,True,False
49ad1a88-960d-43f0-87bd-23eee5f52249,1,5,True,False
49b0f5d8-a3c2-4d92-9011-1ee831e7c481,1,4,True,False
49c14108-b8c4-41bd-8f56-2a3e8cc67646,1,4,True,False
49ce1028-5099-4f01-9a90-c10e44aa802b,1,1,True,False
49ce92a3-2fe3-4fca-972d-d590d5b5d4dc,1,9,True,False
49dc2854-767e-4c35-8139-fec2b24bf8e4,1,8,True,False
49dd0d05-e1e4-42f4-90d3-55931a6df35d,1,2,True,False
49e31ae9-c9fb-4497-b7c3-54eacb310bba,1,4,True,False
49e64152-6033-4936-bcf6-bcfd0a6e3d1e,1,4,True,False
49f1a2f5-89d5-4f5d-9150-13ff68889185,1,11,True,False
49f48649-8a40-4a63-bd39-d478b579e8e4,1,3,True,False
49f84531-53dd-455b-add4-16cf15a079b1,1,9,True,False
4a03301e-68f8-44a8-b957-e1541b95a95c,1,2,True,False
4a05c109-95ef-4377-af7d-9ca000606804,1,6,True,False
4a06efcf-74bc-4b88-b0e7-31e6052e8a42,1,2,True,False
4a09cede-cf46-460e-abae-8bcf16f021f5,1,6,True,False
4a105277-16b3-4e1d-948a-87073b61ce06,1,8,True,False
4a10fa95-d363-48e7-89ef-8ae75bc49e21,1,2,True,False
4a123ccf-f70d-425c-afaf-c3dfbcfc885c,1,10,True,False
4a136c4d-1580-4a01-b0ba-8744f07dfe77,1,1,True,False
4a14df90-0641-4595-b27e-3dd1755d621c,1,1,True,False
4a171682-89c2-4063-8b52-5334166ba115,1,10,True,False
4a1736ba-ff8a-408f-bf86-6f8fba3f8cb8,1,7,True,False
4a1a135c-07b7-49be-961d-b1678662d69c,1,2,True,False
4a1af496-5fcd-4a3d-bb06-d208d791bd4f,1,10,True,False
4a1b8224-59c6-4c8c-956f-edb7c5d53ea0,1,10,True,False
4a258a18-42f6-4992-8e8c-847e1ac0449f,1,8,True,False
4a288e92-6d26-414d-b21b-0cb654869d16,1,6,True,False
4a308ec2-e18b-4016-b20f-78455b3e3c30,1,7,True,False
4a34c261-0020-4d9a-b01a-e12c1957b06e,1,11,True,False
4a4085d9-db35-4f48-bc4a-6fdc6c496f4f,1,8,True,False
4a40a922-735c-4ed1-bacf-29ac2f13d22a,1,11,True,False
4a5d47b7-6fca-475d-8c70-b8f5d4239aec,1,1,True,False
4a61ad2a-000d-41a0-9822-e2db0c0bc92a,1,1,True,False
4a749667-52bc-47d7-bd24-de4119a7a55c,1,2,True,False
4a7d65d7-b05b-452e-994e-dea24011f522,1,11,True,False
4a809398-4f04-4c21-b9f4-d91bf21287c8,1,8,True,False
4a874179-9aca-49a9-9e0b-a4fd71e4b6b5,1,1,True,False
4a8cf459-b04e-47c5-b5ba-3876125aa012,1,7,True,False
4aa77815-1342-4717-aa43-8c56156feec2,1,2,True,False
4aaefc5f-944a-40a9-a288-2a7829824798,1,4,True,False
4ac0aaa9-fb64-45b1-8e7d-34f76a28b94c,1,11,True,False
4ac39d61-6a25-4a22-b89f-0dca4dfc146a,1,10,True,False
4ac3f4dc-14e8-422f-828f-6ac3557b959e,1,5,True,False
4acc12ad-7fdc-44f5-9baa-df6a01a8a592,1,5,True,False
4acc92a3-c9cf-446d-851f-9717664f9bfe,1,1,True,False
4adb8204-4146-47f3-8d6f-cf3984f0595f,1,9,True,False
4adc546b-b164-4717-aa20-1a4553ed0295,1,9,True,False
4af10e4b-da52-4dec-95cf-b15597189b4d,1,6,True,False
4af3ec67-4a7f-400c-a245-7f77774c4f52,1,3,True,False
4b072951-4f73-4e71-bc2d-fcdd6e4aae9e,1,4,True,False
4b10e252-dc88-417b-a8a2-68f2b5163b77,1,10,True,False
4b114959-9a2f-4e61-872c-c6b2cebe9653,1,1,True,False
4b153f89-2680-4622-bd32-25bb53e94a1f,1,10,True,False
4b162118-6dc7-40d8-88da-e8803936c06a,1,2,True,False
4b1db836-96de-444c-b68e-a6d019fa1923,1,4,True,False
4b206e6d-a4a2-44de-bf1b-a874633ef029,1,3,True,False
4b21fc4d-dc6b-4ce7-a09a-69358c2d3456,1,3,True,False
4b2ae947-a24a-4ed8-990b-b7aaece1af82,1,5,True,False
4b321683-9680-45c8-b436-3f5c03305c3f,1,8,True,False
4b35b26f-e4e2-485c-a3d7-41cfdfa21f9e,1,5,True,False
4b3d898d-4599-4a49-a352-e6cc721902a8,1,9,True,False
4b43577a-4f42-4b91-a2ce-20f664216225,1,6,True,False
4b5c7712-550e-4a99-9ca7-b4689d0d5a53,1,8,True,False
4b64e8de-8bdc-4e88-8469-15c83db72ad4,1,7,True,False
4b6bf037-39dd-4d94-89b2-a1702b07f865,1,7,True,False
4b6cd29f-d4a0-4f9b-90cf-e477d0a1f765,1,3,True,False
4b6eed5f-c93c-4c6f-b9e7-bae29d5246a8,1,8,True,False
4b7b7629-6db7-4973-bb90-b65ccce00803,1,6,True,False
4b8114e1-fecd-4f9b-a218-7de0eafa7bfe,1,2,True,False
4b896ce6-710c-40e4-b8d1-b7239468d969,1,10,True,False
4b8b24d2-d363-4f02-a3bf-002aec282109,1,11,True,False
4b8d6e11-0ee5-455c-8cab-d8822c92ed25,1,7,True,False
4b988b97-743f-4a99-a09e-9ab583b2c0b9,1,3,True,False
4b9e3ec8-8d88-4182-9a4c-7c97dd537378,1,6,True,False
4b9eecc0-08c0-4ca9-9086-3cebbff8b35d,1,6,True,False
4bbb0367-97aa-459e-a9b0-f246256982e8,1,1,True,False
4bbcdb22-f81a-4cd2-8a2c-fdf734461614,1,3,True,False
4bc86c31-ad55-4e52-93f8-0597a3e70394,1,10,True,False
4bcead76-c3f8-40d5-9cac-b253d7779e5f,1,6,True,False
4bdcc86c-83ed-41af-9b8a-47a37fb27808,1,2,True,False
4be1413a-08a3-40b8-a44f-2118ff152896,1,7,True,False
4be262d5-27d1-4730-a446-1449aa12c218,1,11,True,False
4be5d11e-a9fd-4458-bd1e-e33abe073e3a,1,2,True,False
4bed794d-fed7-4e8c-9322-2748ffa7b70a,1,7,True,False
4bf1853c-82f4-4000-aa3d-f0e9a5b71e8d,1,3,True,False
4bf2c592-85cf-470a-8bf5-9c4ceb80234e,1,8,True,False
4bf355e4-57b6-4216-931c-6081b7d99923,1,8,True,False
4bf4f18b-07f4-4673-aa5a-b88dfce5d1a4,1,1,True,False
4bf8ea1d-2455-4d21-82da-83fa8ae26174,1,6,True,False
4c01e247-7c28-45d9-a56f-db47a6db691a,1,10,True,False
4c0e0c2e-6ec2-4679-a4e5-73706c6aaa8b,1,9,True,False
4c1745a7-3961-4aca-ab4a-188023c5a150,1,2,True,False
4c19901f-84a3-47db-a7e7-794bbf3f094f,1,1,True,False
4c1b898d-9b0d-483e-8925-8f49aa179a65,1,8,True,False
4c2fce89-1192-4562-8dfd-223993940000,1,11,True,False
4c32784f-3765-4a90-8fb0-38138080b44c,1,10,True,False
4c35526a-9a4b-4e11-a642-681223bd8fc0,1,10,True,False
4c3b8e5d-efb0-4b0f-a9c6-9e29ce849978,1,8,True,False
4c45ed40-92d4-4c5c-9e7d-2af6d45a431b,1,7,True,False
4c482926-aeb1-4b28-82ac-e4074ace8e27,1,3,True,False
4c4d6b29-5e9c-4bda-8557-3a12a046c3ae,1,3,True,False
4c4eea74-d77c-436c-b8d3-273eebc41304,1,6,True,False
4c539e20-623b-48a3-aff7-b016244962e4,1,2,True,False
4c58486e-956b-4b4d-999a-24d640b9d580,1,4,True,False
4c5b381e-1420-4679-b094-27103957a1a7,1,8,True,False
4c65bbd5-6921-473c-889c-60dacf9a03c9,1,7,True,False
4c6864bf-a8ca-423d-a7ea-5fb6f5cfdc32,1,1,True,False
4c7da098-eb51-4013-a6a6-fec8db981d3f,1,7,True,False
4ca6256b-a722-469f-a038-dec6f53f92e5,1,3,True,False
4cbaa660-9dd0-45be-b7fb-edbbc6461d17,1,10,True,False
4cbefc80-2e1c-41ac-8e93-b9a26d445961,1,9,True,False
4cc0ea48-8b1e-4b8f-8c64-b010c2554759,1,6,True,False
4cc12375-343b-42a6-9e32-3bedbc81cd1d,1,7,True,False
4cc912cb-c533-4a7c-8ed8-49a0975a47de,1,6,True,False
4ccc617d-2852-4c21-8a61-44c9e3dd6b94,1,11,True,False
4ccdc6d9-65e5-4d92-9326-d3cacc1c8fb3,1,5,True,False
4cdcbbe2-1ba9-4998-9bee-0306ee2e0b1d,1,10,True,False
4cdf03cb-021e-4d7c-ab4e-b7ed6fa0840f,1,8,True,False
4ce1ecc6-8353-474d-8e7c-7f2feea497f2,1,3,True,False
4ce4ce85-3f0f-46b9-9947-28c8ca0ce0bb,1,9,True,False
4ce74420-ac28-4f15-b1a8-4a65096a77b8,1,5,True,False
4ce897a5-af68-4a7f-afe4-32ce873ab596,1,4,True,False
4cfdc325-326b-4001-bee0-9180f76b2cd7,1,7,True,False
4d0613a5-260d-4489-a822-ceaa7ee032ed,1,1,True,False
4d06a85a-2194-47db-889c-4c43a0100186,1,6,True,False
4d14ac2e-dd6b-423f-9f13-a6646e5d5572,1,3,True,False
4d1fbf38-0a06-4589-adea-b561f576eaec,1,4,True,False
4d2a9ff7-eb2c-43c9-b117-5f1824b80b79,1,7,True,False
4d2b1d51-b0ad-47c0-9f92-1ed4a35672f6,1,3,True,False
4d38cf84-30b1-48ea-8fb1-156aebbb38d0,1,4,True,False
4d3dbaa5-8812-4afc-bd5f-8c0ccc8e242f,1,8,True,False
4d46fb99-cef8-4646-8ec8-7efe3e917487,1,9,True,False
4d4c342d-3678-4ab3-b45e-e5be7e7bcbb5,1,10,True,False
4d4c42ca-ec40-4ad6-8bf7-4df3eb89b9d6,1,4,True,False
4d4d7235-6402-4145-9666-98ad92407091,1,8,True,False
4d59eea6-1c97-45d6-b473-84d0db05e244,1,7,True,False
4d65ad37-e74e-4adf-b493-460b94d89082,1,7,True,False
4d676a23-bb69-4429-9def-66532daf59a4,1,10,True,False
4d6a380a-dd2f-46a9-bcf6-8700ae40f2e0,1,5,True,False
4d6a3cc5-7990-49e5-9b38-6d7a2b7a35c7,1,1,True,False
4d6ab574-fdb8-45b7-8854-aed2d40c0748,1,6,True,False
4d6b6421-169c-49cb-891b-dfd723e73781,1,4,True,False
4d6cdb65-807f-4188-b0a2-eb002e1994e6,1,2,True,False
4d6f98d5-afad-4c09-b7e8-cd5ede394867,1,10,True,False
4d7b7431-13a7-49d5-90db-9bfa4ddf0067,1,5,True,False
4d7df44c-7317-4e4f-9cdb-fa59fabc349d,1,6,True,False
4d7e267b-db96-424a-bd98-649704cb2c77,1,8,True,False
4d8146e7-f589-410f-9c94-d842006dcb8b,1,1,True,False
4d83cff1-94a0-4693-9674-09ad682136a2,1,7,True,False
4d961b1c-39ca-4de3-8306-1d32404b44d6,1,8,True,False
4d9f8e97-c301-4112-addb-80569dc1bdfb,1,6,True,False
4da58394-c626-4c6d-9db5-3e7b0186a4c8,1,5,True,False
4daaaa6d-1aa1-423a-80cf-cb4dee0bb86a,1,9,True,False
4daad614-797d-40a5-9132-7cc3feec9ff1,1,6,True,False
4dacd4a6-d36f-4a3a-8dad-050e3c573b2a,1,9,True,False
4dbd4334-cf27-4c85-96de-0749b9b958e2,1,1,True,False
4dc974a1-1f23-40d4-a3f8-36f98c77e8c7,1,5,True,False
4dca1508-7711-4caf-ae26-7008470c1088,1,1,True,False
4dd6af1a-d483-4817-b9cd-0681ece9483f,1,10,True,False
4dd80412-6c05-4d4d-b3f2-20e5abffccd2,1,2,True,False
4de3bbd7-d128-4885-975b-4ceb8d578042,1,4,True,False
4de7c2ed-efdc-42ac-ba73-f2b770337e98,1,10,True,False
4deaa790-73a4-4e07-ba20-a89acaaf074d,1,11,True,False
4deba5f1-ccf3-4ceb-80ff-eff03893fb13,1,4,True,False
4dfb9a07-e25e-47aa-9e5d-5d958b482364,1,1,True,False
4dfbbd98-88ca-4ea7-a566-98752ca0f95c,1,11,True,False
4e034e63-8dff-478f-8e47-f8d723e15213,1,7,True,False
4e0b5e36-88fc-4565-b63f-d856bf93cd20,1,6,True,False
4e1f7166-9a2e-483d-8fd3-ef71668e2e75,1,1,True,False
4e34e54d-e97b-4d14-8fc3-380c31d38834,1,4,True,False
4e376896-ea3b-4050-a93f-dbd4663bad6f,1,2,True,False
4e4141f6-b464-4e76-b74d-bcd27074a095,1,3,True,False
4e4a5ab2-a1c2-42d0-8ce3-f3ce8d4875df,1,8,True,False
4e5c87f6-247b-4882-8243-e7e14baa43df,1,1,True,False
4e683abb-c4c6-4b4d-a107-2f784457cc6a,1,11,True,False
4e74574e-3e8c-4ec7-b9e5-ea67ce24140b,1,3,True,False
4e77d30c-7fa0-45b4-896c-d7bcb257cd4c,1,3,True,False
4e79025b-cb8d-4d9d-bc65-5f6a581ef1ab,1,6,True,False
4e7e10a4-a007-4175-82c8-ddb96d8f43e9,1,6,True,False
4e91d584-bbc9-4c24-8efd-a0a382ce0d47,1,5,True,False
4e988644-22e1-4593-86f0-562226ce3d0a,1,6,True,False
4eac05bb-074b-4245-a467-1aba505a4b2a,1,6,True,False
4eaf943a-a806-4bad-9361-210f202b5503,1,1,True,False
4eaf9f03-b9cc-4e1e-a0a5-7cecf56205d4,1,7,True,False
4eb40f33-4dc4-4366-a4f6-ad32416c9f79,1,9,True,False
4eb47cbf-e4b3-4407-ab1c-72182f19e2b9,1,6,True,False
4eba9a7f-5698-4f90-8305-011f81ff108a,1,7,True,False
4ed5395b-b2ae-4f7c-802b-b17ac3b5b85b,1,9,True,False
4ed9f144-9a7e-49a2-9116-1867903d0584,1,11,True,False
4ee26b58-c2ce-46d2-bb25-a388af6ed0fc,1,10,True,False
4ee5a6b3-7fa0-4698-97aa-aa850b2f8e8d,1,5,True,False
4eefb158-9912-48ff-bdb5-062dc2c5db7d,1,8,True,False
4ef2972c-77a3-4dea-9c9a-342137dcbd96,1,10,True,False
4eff67a2-e43d-4003-b699-655e34eb38f5,1,6,True,False
4f0063bf-65d6-4275-b667-fadd298a4cc1,1,2,True,False
4f006e27-90a4-4cee-9ed7-9a38301d00e8,1,2,True,False
4f1204bd-cd2f-4360-8284-f41f8a7beecb,1,7,True,False
4f138888-17c1-40e2-8434-48c765b9dc58,1,11,True,False
4f229380-53a8-40e3-9b1b-b2413ede06f0,1,6,True,False
4f2892df-5366-439a-9e43-5165ea5421c7,1,10,True,False
4f369f3e-1b50-45d9-8cae-451b994179cd,1,7,True,False
4f544a10-c7d6-4457-b4b1-6f233ab459c4,1,6,True,False
4f5e65e6-9339-4c49-a3ab-087c4e26f7de,1,1,True,False
4f6651ea-1cf6-4b3c-af92-6aaf3bc598b2,1,8,True,False
4f6670bc-b2fc-49a4-8295-bbc9d25db2cd,1,8,True,False
4f66d254-eb16-486d-a711-56bef7c14f18,1,3,True,False
4f6b4e2b-2176-4429-bd41-051d09455089,1,3,True,False
4f6bfe37-6427-4f92-88e1-59fc4593a9c6,1,6,True,False
4f737337-63cd-47f9-9ecf-4a3640e0ea64,1,7,True,False
4f75aa1e-0ae6-46d5-9f21-df17e8646a1f,1,3,True,False
4f78083d-0443-4ec6-bfaa-0506bdb1dab5,1,3,True,False
4f782319-8600-4ddd-9bb8-3ef28426226d,1,9,True,False
4f81dfe1-a717-413d-94eb-137ee1db16cd,1,3,True,False
4f9d3702-098b-40fe-b447-85bd8559201c,1,1,True,False
4fa64e88-9792-47f8-8d7c-b1ba937126d8,1,10,True,False
4fac99d9-1ce4-4fab-9819-d2067837bb7d,1,10,True,False
4fb2e20e-f0e0-4045-9496-2b292d5c3eac,1,1,True,False
4fb90705-f205-4243-a04a-417e881fd494,1,4,True,False
4fba25c5-245a-483b-9c4b-b882174ce7da,1,1,True,False
4fc0b8f2-7fab-4c45-b2a4-97a310a9bdc5,1,10,True,False
4fc24cac-26e3-485a-ae1d-a012650de837,1,3,True,False
4fc79ca5-bd7b-4f6c-84c9-d2e12e009f2c,1,6,True,False
4fc9e3c2-5cc5-4216-8b49-1895adf14b8a,1,10,True,False
4fcb7782-13d6-4c71-b83d-fe13318e7ea7,1,7,True,False
4fd37cf8-f94b-4876-bfac-585732fd8e61,1,10,True,False
4fdae929-9602-4b48-8fcc-b77e1ad0ca4a,1,3,True,False
4fe41b2d-ebbe-42bb-ae33-85eb95e8511f,1,4,True,False
4ff872b3-39e0-48d8-9d15-841573d5d834,1,9,True,False
4ffde0ee-2801-4c86-87a6-c478e77bc91f,1,6,True,False
500160ff-4be1-48a6-9d42-dbf000f51e7c,1,5,True,False
500d0cbe-badd-4337-88fa-8e3356b157ac,1,2,True,False
500da104-e0f0-49f8-a995-8270ca8901cd,1,4,True,False
5012eb08-7bb8-4a21-8114-4cc2747aa8a8,1,7,True,False
5012f987-9db5-44b6-8102-4ac358cdfc49,1,3,True,False
5015fa0e-3e16-4fad-94d6-83dfd20534ac,1,5,True,False
5028f02b-f91e-46f9-8f5a-f85f9252b61a,1,2,True,False
502a52fb-7a33-47ae-bd9a-35df3aca219c,1,2,True,False
504f05a8-9d02-4204-b992-840fffd9aa3b,1,7,True,False
50532977-c9af-408b-923e-e78ed7bb89af,1,6,True,False
505b4487-444a-4e36-b8fa-a34a5a17f119,1,2,True,False
5060973b-fff9-4513-8ec5-42faa754de5b,1,6,True,False
506a17e4-30e1-48d1-bdb0-842c6b8ace8d,1,2,True,False
506fbeeb-aa80-40b0-9f0a-afb689c36c76,1,1,True,False
508342af-5070-4543-9033-694774a2fc99,1,2,True,False
508ef1e7-3bff-43df-a670-f9469764ea8c,1,10,True,False
50911781-2b40-4a56-8d29-47af5d703a42,1,9,True,False
50963b0e-843a-4d91-9ce2-6cd15073658a,1,7,True,False
5097ebe1-32ec-4a67-8107-063713d505f9,1,11,True,False
5099ad9a-c8de-4492-b30f-a368f4f3020b,1,6,True,False
50b4b65a-9d12-434b-8770-e39f540a90c8,1,1,True,False
50c3f13f-0287-4642-8edb-10838653feb9,1,8,True,False
50c87487-23c0-4384-b379-502d88133866,1,10,True,False
50e26743-38d2-4fe6-91cb-5d10e41d9287,1,8,True,False
50f3c507-753c-4558-b765-8cdd9cc6eb67,1,9,True,False
50f62422-de7e-4fda-91d5-05338f0ad550,1,4,True,False
51140bcb-4ef0-4e59-be11-424877e774f8,1,1,True,False
5115c478-c416-446c-a2b3-26d54bcee95b,1,9,True,False
511d212b-77ae-42d6-940a-520b943c72ea,1,4,True,False
511d24fd-6a83-4a21-8a72-7a83ac52d664,1,5,True,False
5125e42a-069a-48ea-9431-5627555f1b7f,1,8,True,False
512f1d7b-b966-4dda-82fe-bc6cb52854a6,1,11,True,False
512fc03a-d488-440c-afc2-e4353955dd08,1,10,True,False
5137be39-f45b-49ea-9e2e-cc2558d2bc5b,1,11,True,False
514a4a0b-db51-4ac7-9711-dc1faf2aaf0c,1,6,True,False
5151fb64-825f-46db-aeb0-e0bc5090163f,1,2,True,False
51537adf-29ca-4916-b639-46bb49a5e90f,1,3,True,False
515cd432-5363-41eb-a66e-706788215543,1,10,True,False
516edcdc-ec23-4dc5-97c9-5ec54e90e68c,1,3,True,False
517174d9-62ee-4a22-ac07-553eb4c6b57e,1,7,True,False
5175f22a-fe4c-4087-ade2-df0f3aae6d8b,1,11,True,False
517b92ee-3790-42d4-887e-c34cdbfc8527,1,5,True,False
518603eb-a404-4351-a1e3-1f07ba5d993c,1,7,True,False
518e48fb-3d11-4ea1-9d95-de6db04dfe04,1,7,True,False
51906b83-20a0-4862-b4e7-25e7b7a2306a,1,7,True,False
51aad7d5-86f8-41c7-ada8-36543718bea1,1,8,True,False
51c26daa-bea7-427b-888f-a578003c3a1b,1,1,True,False
51cacb27-7099-4f20-bd10-68bf4f435661,1,4,True,False
51cb1995-ba9b-4eb3-8586-5216259d71ae,1,10,True,False
51d0ba6d-dfb5-41ef-9645-a2d1300a16a6,1,5,True,False
51e5b697-328d-42ae-9fe1-3562b92bf06c,1,1,True,False
51e62e80-bc29-4de0-abf0-b2a5d2280059,1,6,True,False
51e9b2d8-5274-465e-bac1-208153180a38,1,10,True,False
51efd189-bf30-4913-8fb6-e9f4edecfa06,1,11,True,False
51f02280-d4a8-4a70-bcaf-868a8446e194,1,8,True,False
51f7f5c3-d2ed-4c79-be86-55c11e71a0b9,1,8,True,False
52040d71-d20b-4ef0-b6c4-3eabd5ae82e1,1,5,True,False
521e888f-3a36-4e62-bf62-354ccfc3bdc9,1,8,True,False
52275399-8abb-45d2-b49a-a1db10add156,1,9,True,False
522a9d8a-9e14-494f-a9ef-82f1d9d4b9b0,1,11,True,False
522cc44c-b022-4c5e-b7f8-dc2e03517efd,1,2,True,False
522df0f1-6785-494d-bd9c-4f25dab19a12,1,10,True,False
52383cd0-704b-49a0-ac00-9e45892fde33,1,2,True,False
52391a29-35d5-4eab-9354-9e998fd2328f,1,2,True,False
5243c36a-3ce0-4843-bd88-4d9c8767c512,1,8,True,False
5248c645-4d3d-48f5-aeef-ef7c599c20c9,1,8,True,False
524d0b1d-1da3-40a2-8294-c8dde75fd08b,1,3,True,False
524f8dce-f13f-4729-ad13-465a9bec84b4,1,1,True,False
5250be75-ce01-4fdc-bb13-c165168a4dd1,1,2,True,False
525579f6-ac53-46f0-bcbf-7daf98ba15d5,1,10,True,False
5258b34f-1ffb-4507-baa8-39d684d66bb8,1,10,True,False
526189cf-f2b2-4ed8-9f7c-7cff7b7b1905,1,11,True,False
5288e7d8-dc68-4957-a582-d5749011abd9,1,9,True,False
528db979-8646-4697-96d1-920f0fbdb2a6,1,1,True,False
5297c2ee-c762-4a69-8b11-056bb0fde8d6,1,6,True,False
52a090cc-3efc-4b0b-90b6-546fbb319ff6,1,11,True,False
52a21e40-9e49-4942-b572-cdfbec98f630,1,8,True,False
52ab3d02-dfe8-46e4-acfc-5cf8af691326,1,10,True,False
52ac4180-ec1c-472d-b019-a78dc5d04d46,1,8,True,False
52ac9aa5-d8b8-4c95-8e93-15c1444bb673,1,6,True,False
52b26861-c36f-4a15-a5b7-3056ed7c6615,1,6,True,False
52b35ae7-36f8-4a7a-a6af-89b1ad83307f,1,9,True,False
52c5b988-9c16-4e18-86d9-cc8454ad31c3,1,11,True,False
52cddb5a-7d45-4895-b6de-7f0fe1f66692,1,8,True,False
52dac1ad-aa53-4941-b15d-8f0974174143,1,7,True,False
52e77159-c2b8-4d34-be27-176dd2d4ba3b,1,2,True,False
52e85a47-ef24-4974-81a1-5d4bef71d455,1,5,True,False
52f65f23-bae9-41dc-b527-3ef50924e348,1,3,True,False
52f8e8e7-95e0-4fa7-808e-48d1c61c2d66,1,4,True,False
52fefaec-b4bd-4d7d-bbcf-b790b6b40f13,1,5,True,False
52ff52b2-749b-401a-935d-dce2eb3ee6eb,1,6,True,False
530161af-2694-4789-8418-feb81c0ce637,1,11,True,False
530b081b-7382-4486-966d-7907b644d5e8,1,1,True,False
5311ad15-1a8c-44c6-853c-fb585db3d53b,1,3,True,False
531b3db2-7a39-4413-96de-1e5e99fa5c63,1,1,True,False
532560bd-2b30-4831-939c-319e0beea516,1,3,True,False
53286d41-ca24-473a-961c-7bbd828bd628,1,4,True,False
533d271e-345e-47f6-82ff-851ce65f3876,1,5,True,False
5342cec7-3374-4d5d-b480-6767059d8339,1,4,True,False
534cbe97-225d-40a4-a641-a70ee9274d97,1,2,True,False
53574378-8583-47f7-8d86-1a2c6be1d0c5,1,8,True,False
5375eef6-417a-414c-973f-bf93528cae31,1,8,True,False
537895ae-c861-4bae-89d7-fc96d6120d4c,1,1,True,False
537dc880-bfbd-4895-8b05-5e2e8852a09e,1,11,True,False
5382a32e-040d-4f0d-a9e2-64b94f597a74,1,10,True,False
53968cf5-89c5-4486-aeaf-c8a07417e167,1,5,True,False
539869c0-354a-4a0c-99fe-254ae24ae4eb,1,7,True,False
539b93cd-59dc-46c5-bac5-08e585db1fbd,1,6,True,False
53a8bbf5-a009-4372-92ef-956d0b67f544,1,6,True,False
53b10fe0-4586-4e35-8bc8-6be3fa76d886,1,10,True,False
53b26d5b-ffa3-445f-8d0e-09a4a041bd08,1,6,True,False
53bf5d91-b3b8-4c3d-87b2-8cd60615aaed,1,4,True,False
53cf8bd4-dc13-4e66-87a0-ae4069b3f444,1,9,True,False
53dde7d4-15f2-4fc2-b300-140a8b19607d,1,4,True,False
53e14149-c1b4-4f6f-b115-92fa22b4786f,1,3,True,False
53f62445-59f8-42dd-8de3-a5a345f84999,1,9,True,False
53f91fdd-a48d-4061-985b-55e191a8d959,1,11,True,False
53fe8559-47d7-40dd-9929-5ba169e030b6,1,6,True,False
541511d8-87cf-4079-acd3-8525947254a9,1,9,True,False
541e8a69-8bdf-48f0-a49b-745fe94ab30e,1,7,True,False
542bb894-f366-40c0-b00c-2d9ae6b63308,1,7,True,False
542e9921-fb35-4bf7-aedc-d98470ad960a,1,9,True,False
5433be89-2b1a-4faf-8723-83ca9627b0a0,1,4,True,False
5447938c-44f6-4598-aea7-3d6ffb5bd3f8,1,1,True,False
5449146c-f371-42ef-8e60-556ad42f5e3b,1,5,True,False
5454ed36-14ec-4023-9a3e-2a335f13c993,1,10,True,False
545c1daf-b855-4f9e-9b3a-e9ac9b702b40,1,9,True,False
545c25cb-6098-47b0-8cea-7f3275fd6534,1,8,True,False
54633917-0bde-43f0-9ff0-dedb4dbcf066,1,7,True,False
54642670-b1bd-45bc-9595-3c71840bffc3,1,1,True,False
546e70b1-f88c-4ced-9cd5-c4d3d12e95e8,1,10,True,False
54706f3e-5f69-4e01-9ce9-4a412c9d0503,1,7,True,False
54722ca7-1f71-4c81-ae52-710cde79730d,1,2,True,False
54787b70-d5df-4e51-b9b8-29f7caf89fcb,1,3,True,False
547fd727-7ad4-466d-8d9b-8a87d8fef05f,1,1,True,False
54827855-9f58-4ee6-9295-8c7c6b02e507,1,1,True,False
5487a5d9-aae3-48f9-8593-cde58edccf24,1,5,True,False
54a71736-c7ef-4d2b-8ed3-799df3ddc1aa,1,3,True,False
54ae050e-75a3-4e59-8580-f59ee0eaeff9,1,4,True,False
54aebf70-7a6c-40e4-bb79-0986ba6b518d,1,3,True,False
54b0e233-bf38-4afb-a53e-5a8b78ac2f6b,1,7,True,False
54b1f5ca-09fa-4205-96d7-483386e219a3,1,4,True,False
54b54f46-82f9-4803-843f-051fa07c5b30,1,3,True,False
54b63032-2800-48a1-9466-82ec3a38c26e,1,11,True,False
54b7ace0-d196-42d4-b50d-982545e25417,1,9,True,False
54be1a40-a407-4f58-9a26-ea8995478342,1,10,True,False
54c16e4a-74eb-42bd-a675-7d297c459c28,1,11,True,False
54cde3ac-fd26-42e1-a920-caef8d8fac25,1,5,True,False
54d015cf-0f42-4185-a5fa-d13b481e9b92,1,4,True,False
54e938a8-d8c1-4cfb-8ae3-b5601da75863,1,6,True,False
54f3b009-8e37-49cd-905a-9637d6bf135c,1,4,True,False
54fbd200-e86a-4226-86e8-a7b09dbc2daf,1,7,True,False
5500d3c1-8155-4297-979e-a473ea9ad668,1,4,True,False
55022813-4e9c-472d-ba28-fa180a4bc5a0,1,3,True,False
5508b161-bd60-4968-9d57-9aebb860814a,1,8,True,False
55109c4f-33e5-4a67-883b-1e3cb5061d61,1,9,True,False
551fe413-dddb-4c76-a663-691e943ef2d2,1,6,True,False
552a630f-35d1-43b5-939c-046e1cc3417f,1,11,True,False
55309dc5-437e-44e9-b9b5-8b12dca8c4cd,1,3,True,False
55327fd5-fa7b-4d3e-a090-93388317ae1a,1,10,True,False
5537aede-c58b-404c-af95-0c9c98c90af6,1,2,True,False
553f5778-3766-46ce-bbdb-7ba8ed3d4507,1,2,True,False
55450783-d17b-4975-b993-f2bf9ceae58d,1,8,True,False
55523f75-4b88-4fe1-b2f8-ebc820652108,1,5,True,False
555aaf8b-aa9e-4392-890a-d810796ce6d6,1,2,True,False
555cc067-2b0f-4d4a-8f8d-edfd34503f66,1,4,True,False
5565c437-b6d5-4bcc-bdf7-856f3f6a1bc6,1,6,True,False
556d4126-937d-47ff-8414-d56681ed802d,1,10,True,False
556f4e0b-2f02-4a98-86e0-4457af92a75b,1,5,True,False
55770075-e231-4a46-880c-01583651cb97,1,7,True,False
557adf1e-aab2-4d45-af59-3ecc36b02121,1,9,True,False
557e2187-b0c6-4a86-987d-5e178f4bff78,1,5,True,False
559a413f-1afe-4bbf-b6f9-8264350423fa,1,9,True,False
55a0bf95-5990-4a30-bfef-59a994cdf6d1,1,10,True,False
55a172fd-d15c-47c9-aad3-564c95cc4c36,1,5,True,False
55a6b37b-a7f7-4059-9d4d-98ce1ecd9f64,1,10,True,False
55af8943-7e87-4a15-8b84-15191be2ef11,1,10,True,False
55b337d8-32f0-4bba-9480-ae01453d4ad1,1,9,True,False
55b613a9-9f6c-4d52-974e-fe69834e901a,1,10,True,False
55cc185e-ee14-402c-b637-7bd6bce1bf8a,1,1,True,False
55ce3ef7-be34-4b5b-b324-905d749f0f1d,1,4,True,False
55d45a99-02f8-4b11-919d-8fad428a3ce2,1,11,True,False
55e07892-f051-419f-9978-9e9fdc1de110,1,4,True,False
55f409be-a7c8-418d-8d0e-c8b26351f072,1,7,True,False
55fe895e-421e-4b45-b72e-1873900ad051,1,5,True,False
5619a1db-90bc-4d00-b8ae-ae2aa6dcafc1,1,9,True,False
561fdb7b-14ef-45d8-a86f-4dcfa245baad,1,10,True,False
5620a4a4-f982-44e0-b982-94932ac21716,1,4,True,False
56299e74-0a46-4a6b-bd4f-c238caea18e4,1,7,True,False
562a3534-94bc-40ce-8c43-5cbd36a4e97d,1,5,True,False
562c0a7f-0524-4d78-ab43-f5ac94f0c616,1,5,True,False
562f3fd6-292f-4501-a41c-26e633f974c5,1,7,True,False
56300918-c113-4946-b66f-2b2271e7cd4e,1,9,True,False
56454446-58ec-4bbf-948f-1612e28fbee7,1,9,True,False
564780e9-05ac-45d9-a5d6-896dd75847bf,1,6,True,False
5654ed67-7146-496e-8098-da1960ece1c9,1,1,True,False
56552900-d33a-487f-a91f-b8d9b1b04d42,1,6,True,False
56575a8c-060b-4418-9be1-3be0931cd995,1,2,True,False
566011ee-4998-44e1-becb-f5f1cfaea342,1,1,True,False
566fe613-520f-4665-854c-15f5df2494ef,1,2,True,False
56700a80-0950-4b84-935c-30216c1e713d,1,7,True,False
567ce4cb-21be-4a43-9f62-87ddb2bd85d6,1,8,True,False
5681bbc2-71b4-47f4-ad88-65ce762ce4b8,1,9,True,False
5686ba66-de1d-4999-be43-1a58a466fe79,1,3,True,False
568a1d36-d304-451f-a2f4-6c3cb1eedc1b,1,2,True,False
5692714b-8b17-4f2f-8b27-9acd6046e129,1,6,True,False
56af4900-5284-467c-9c0a-8418939893a4,1,4,True,False
56b6cdaa-bd7c-4922-bd01-39cbb1046953,1,2,True,False
56baa81a-4c85-46e4-9734-f64004602722,1,9,True,False
56bacbe0-8533-47d5-8fc3-46c5a1de960c,1,11,True,False
56bc54be-07a1-413d-af68-1d1dd494b786,1,4,True,False
56cca3cc-aa0f-4a13-bee2-835a84f39afd,1,6,True,False
56cef248-9418-410c-bcb3-cb2bbe1ffa60,1,4,True,False
56d6f195-86d6-4fa9-9ef6-d7ee260dcdf0,1,2,True,False
56d8ab12-8da5-4245-b4e5-e20aee6486bd,1,9,True,False
56f06b4e-daf4-4080-b147-6c91e7c049de,1,2,True,False
56f3ff3d-d05e-417c-8668-afb91e7afefd,1,1,True,False
5704fb8b-64fe-4a82-a66b-9af4a8063fc9,1,2,True,False
57052b74-b0e9-422b-8e1e-90cc514a9708,1,9,True,False
570f3742-4858-4297-b203-944d1cd94f22,1,1,True,False
572ab9a0-a5bc-4461-b61d-2354d954037d,1,11,True,False
57426a3f-c31a-4f62-9ba3-d230eb20ce26,1,8,True,False
57465e08-4896-431b-8178-2f7f59ab8fc9,1,5,True,False
5749b212-8273-4fc3-ac54-5c2dd7e85dae,1,4,True,False
574a71fb-d6c2-435c-8761-f6a8fbba8624,1,5,True,False
5756aff8-6583-41c9-bb9a-2b044ef2a890,1,5,True,False
5756fb2f-c0d4-4c23-b54b-a5f03a43cb7d,1,8,True,False
576641a5-6b99-467d-a916-030cbdfc0101,1,4,True,False
57765263-fe26-4e3c-a483-be1c02627dc7,1,2,True,False
578711a8-85f8-4230-969b-ac0ff1756c0f,1,5,True,False
578a956a-d69f-4db4-bfca-1b0929056544,1,2,True,False
578acb03-c422-4d32-af74-5a3b508ffc6a,1,6,True,False
578ef622-8504-4176-af5a-e27a0ab3fd48,1,1,True,False
5797618d-0dc2-4a26-8955-7404bf488446,1,11,True,False
579b30ea-c1ba-42d3-9837-baf8fd08c860,1,7,True,False
57b71e73-ddda-4e5d-a56d-7bb46b5c9f2d,1,11,True,False
57bea1a0-b78e-424f-b612-a108c0b6b755,1,2,True,False
57c04e92-6277-48a2-89e6-d171878a1182,1,7,True,False
57d34e1f-3efc-4982-9fd9-9e436d46b291,1,2,True,False
57f81bde-736f-4e28-b4ce-46a022177c60,1,1,True,False
58006cd3-d6e9-4844-9f5a-a6d92f48f038,1,5,True,False
58035414-0691-41c1-a5ba-96078c9a9e20,1,7,True,False
580f6323-a370-48eb-b38d-ce19ceb4ef5c,1,8,True,False
581a90cc-3eb2-46de-b1ae-369c41d2de50,1,8,True,False
582afe8a-20af-4220-944f-cfa80b405b96,1,9,True,False
583d86a4-aa95-42c4-949c-f7d66d7e4ade,1,2,True,False
583fe372-d4c7-42db-90bb-88d888c53258,1,3,True,False
5843a92a-fabd-4d90-8566-9c11c9e2e9d6,1,4,True,False
584778aa-5903-41c5-8c9b-4f5bda03222d,1,4,True,False
584e56fc-e357-4cbc-bb5b-4723c4778eba,1,9,True,False
58545b57-20ef-4046-a942-792cb98e1b1d,1,3,True,False
585c90db-2b38-41bd-84c2-1714ff9c484f,1,8,True,False
58691cac-92f9-4b7e-a016-fdee8ef8ad78,1,6,True,False
586dfdfb-4b0a-4e57-ba93-3a92e07310ba,1,11,True,False
588e6b0c-bf64-4171-87d2-bbc08f0f9837,1,5,True,False
589057a7-5fc4-4bed-a32b-e414c137aa41,1,3,True,False
589e363b-304a-4829-a6bd-8064f22116c1,1,3,True,False
58a7eeac-f2f7-4714-8034-181aac00e1c4,1,10,True,False
58a8421d-0315-4d80-ad8e-253452fd6496,1,10,True,False
58ae22a8-93ba-48b9-829c-98c1505dcfa0,1,10,True,False
58aea3dc-9560-4833-bb7c-71a0ccbd787e,1,2,True,False
58b1ab9f-1797-4a29-8da8-cfd1d4c1f220,1,5,True,False
58bd7e85-f98f-437c-82fc-288288026f16,1,10,True,False
58d48055-c58a-4e67-b988-618101815fdf,1,6,True,False
58d5ed14-0182-4937-b27e-4e5d781e21dc,1,7,True,False
58de3e29-f3c4-4c8a-b622-54f2d1f15bd2,1,8,True,False
58e36947-43fe-496f-9e2c-5e378fa4b64b,1,2,True,False
58e3f8ba-a2ec-4623-a7b4-2ff5f2c64a80,1,3,True,False
58e6034b-e021-4027-addc-e4967c056682,1,5,True,False
58e9b8d1-532c-4885-8db8-d01b92c6ca01,1,9,True,False
5910d808-80af-41f4-ac55-34a0c038d67d,1,4,True,False
591d3821-2207-4926-9f92-2bc364e05d67,1,5,True,False
591f11d7-a404-4442-827b-0a9a9bf3ffe8,1,9,True,False
59255420-0fd4-460a-a5e7-1e349f6005a1,1,10,True,False
5925e5e9-b55f-4d71-8245-20fdaa5e50a0,1,2,True,False
5927cad6-23df-4e88-bb67-b1408275bccb,1,1,True,False
59280620-99b1-478b-ba3f-5feb998eb805,1,1,True,False
592f7b26-311a-41e9-94c4-c4e1e7e11b68,1,2,True,False
5933a99f-4025-4846-a238-635fccd62f70,1,5,True,False
5935f45f-6c0a-4ef3-8392-ddb4c89eef36,1,11,True,False
59368656-6a3d-4a14-a397-1b2a23133bed,1,7,True,False
594a3611-e576-4dda-9da3-eaac6e634d82,1,1,True,False
5974712b-f977-4b36-a61a-84b79380042f,1,6,True,False
597f9431-dcc8-4b0b-bb71-008fce8e5052,1,3,True,False
5985777a-bd18-4fc8-8cc9-c5e16344328d,1,8,True,False
5993ef71-fef3-4b2b-b9eb-051d1e5727af,1,2,True,False
599ab173-3933-42e2-8999-2519ee5092ec,1,10,True,False
59a5a49d-841e-4a79-8abb-551aa3b2cc58,1,2,True,False
59ac7605-b439-4e78-a759-3a5b53d7e22c,1,5,True,False
59ad3836-de17-4eb3-8927-d98494c231be,1,1,True,False
59b2a856-c6a6-4bba-b0cd-52e596b2d1c6,1,5,True,False
59b62c1b-4a30-4db4-9786-67288b619b7d,1,7,True,False
59b671dd-fda2-4d74-97bc-6168f604fb00,1,10,True,False
59bd11b9-ae77-45d8-8e67-f343065a327c,1,8,True,False
59caf96b-9fc0-467b-a6ed-e3b9e584be43,1,9,True,False
59dba8ff-e6a1-49d3-85b4-bf580ba2c114,1,11,True,False
59e491b5-5eb0-488b-8b33-116943fb309d,1,6,True,False
59f776d0-e8d5-4a85-8d37-fad9b60856e1,1,3,True,False
59ffbf71-4f05-4740-b592-19daff47c1e6,1,5,True,False
5a0983fc-1cf9-430d-96d8-8a1fc48f5fa4,1,5,True,False
5a0e8d2d-e8c1-4fa7-a9d4-8465590ae103,1,11,True,False
5a1578b9-4b40-4a96-9172-e567b5ddaf01,1,3,True,False
5a1c50a7-35b4-4446-9a22-20a15f1b6fbc,1,11,True,False
5a1d81b7-825d-4f91-9547-3875e7825310,1,7,True,False
5a288960-5301-4e82-ab29-8e80b93d5372,1,10,True,False
5a28bac6-f354-42c9-b803-e3108d8350cb,1,4,True,False
5a2bc0ad-78c6-44de-8e51-f6e5996f7cd7,1,5,True,False
5a36d8d8-532f-4621-af8c-89bbea39f597,1,10,True,False
5a6a8f3d-00b2-45e0-ac24-a0baa91d8a19,1,10,True,False
5a817acb-1fa6-4c55-ac66-d94fc7bd8631,1,4,True,False
5a82298d-2fcd-4d09-82c6-34dd308d07ae,1,7,True,False
5a8a7875-0cf3-4f79-be38-cf023bd919de,1,7,True,False
5a8c522e-7c9c-46f3-8e64-15735d099d90,1,10,True,False
5a8f1afe-5289-462e-9db3-60577e47885d,1,10,True,False
5a90cdf8-9c12-4859-89ba-cc93c6de341a,1,5,True,False
5a919ef7-86a3-4e48-b453-07e1a1f21a73,1,9,True,False
5a95d679-4e60-4fe3-b0d5-08b0ddeef143,1,1,True,False
5a98a8d3-9634-4aa8-ad3e-155e7cf29473,1,5,True,False
5aa1e524-d837-4237-9d15-7d3df09e11c2,1,9,True,False
5aa3da98-55f6-4333-a197-baf24a8777bf,1,10,True,False
5aa90e38-9fdc-47de-9898-edc66085e9e5,1,2,True,False
5ab930b3-33e9-41af-97f6-660ae1989e5d,1,8,True,False
5abd4a56-409a-476a-a927-235664d7e668,1,6,True,False
5ac0c65f-fb1b-421c-b240-541fd0306886,1,7,True,False
5ac93e3f-9abc-4b5f-8c33-d24613e858d5,1,8,True,False
5adec42c-5535-4713-a3eb-9081891f19e7,1,8,True,False
5ae11d8c-88cc-440c-abb8-bb4ea2653bd4,1,10,True,False
5aeaf26c-14a1-4987-af12-c3a1cd326d77,1,8,True,False
5af17915-3645-4141-87c3-ef68d0fb68c8,1,8,True,False
5af5dcf8-830b-451d-85a5-b0117c1febd3,1,3,True,False
5b0009a5-981f-4b16-9486-ccabf951bfa2,1,11,True,False
5b0819dd-0f5d-43d9-8d4b-880fb505319c,1,7,True,False
5b1d4ca7-e050-4376-95ed-c43783c3b6e5,1,10,True,False
5b293724-6f50-45b2-a9cf-7cee04f9b11e,1,1,True,False
5b2bdda6-3b98-4934-bf5a-1bf7e9cc3dfe,1,7,True,False
5b38985c-5c65-4b47-8a76-281e656d290f,1,11,True,False
5b48d67c-606b-4252-8906-61d03960cdf7,1,10,True,False
5b504d6a-f602-432c-b2d1-b21413edeb6c,1,6,True,False
5b50ef35-e74c-4f8e-a297-458e16a916a5,1,4,True,False
5b53bbdb-6a25-4e93-8f5d-e7a1e62e4cd6,1,1,True,False
5b63b007-f2ec-4393-9398-02f7455176c4,1,4,True,False
5b6479f4-4550-4d4e-9d51-2716e75dc758,1,7,True,False
5b66dff3-478d-4aec-8594-fa3e94c53c95,1,5,True,False
5b67dee5-3bc7-4123-878a-223f75b77e6c,1,3,True,False
5b6a5779-44c0-4e16-ae96-e37237df9753,1,9,True,False
5b7319bb-2a10-40df-a369-5425a37a08b5,1,1,True,False
5b950e6b-b100-4038-a681-bba01ce3d5ca,1,11,True,False
5bbf419c-4e23-4260-b37b-35c7f366a7e6,1,9,True,False
5bc8ac57-9d4c-4a50-9f69-777eed25b8d4,1,1,True,False
5bd9753f-84dc-4618-9459-979dcb21cb85,1,7,True,False
5bebe837-15c0-43a0-9b02-ef960205647a,1,6,True,False
5beffe06-23f7-40bd-a754-d5d607f974df,1,7,True,False
5bf4437f-69a9-4ec4-9eb9-060e058d03cb,1,8,True,False
5bfbe73b-64c0-40ed-9e6a-47c679e94a00,1,1,True,False
5c0099ac-db29-4ea9-ba25-4cb9962866a8,1,6,True,False
5c14119b-df6f-48f0-ae74-34479cf2ce40,1,5,True,False
5c1ccd53-98e1-4247-8c61-bc657c891259,1,6,True,False
5c1eae62-a1f8-4fe5-adcf-350980af2c6e,1,5,True,False
5c23fd57-36b1-41a9-a62e-fee9cbcfa595,1,6,True,False
5c2a12e7-1a53-4170-9450-dd57e37e9827,1,1,True,False
5c38de74-f468-413d-ad15-5d6b35b858f8,1,1,True,False
5c3990be-9231-479f-b1d5-d81cb96bfd5a,1,8,True,False
5c3f744b-0e13-4bfc-8785-630f4f10955b,1,11,True,False
5c4272bd-e9af-48fc-8b03-7614e81c547e,1,1,True,False
5c487408-b1bf-404d-a713-08b611cba089,1,4,True,False
5c4b8def-be50-4792-a2ca-5d3cf97066aa,1,8,True,False
5c5cb93b-8065-4e4e-a163-a7fd18c88aba,1,7,True,False
5c5ce182-f0cd-420e-bda0-430e06b26172,1,11,True,False
5c5ddc2d-6d79-4aa5-ba6d-155d0c8891fc,1,1,True,False
5c5e68a5-fd25-4568-ad6b-c54f64f1386d,1,10,True,False
5c714828-0a7f-4c70-8946-703cae4db574,1,5,True,False
5c76a767-6d8c-4598-b3c6-98c792bc0ca3,1,11,True,False
5c7ae552-1b07-4d8b-bb3a-2212399ddc75,1,2,True,False
5c7c1df5-8879-49dc-a4f8-d649098d21e3,1,3,True,False
5c824eda-cbae-4f3c-955d-92e20ca433ba,1,6,True,False
5c891619-f04d-44dc-b739-b4397755b446,1,2,True,False
5c8d04f3-982f-4b56-bf3e-bdcca240dc5a,1,10,True,False
5c94b452-7ffc-4f45-81eb-a982c6131b2c,1,6,True,False
5ca9afda-c46b-4f45-85ff-359d8226d950,1,9,True,False
5cd3c3db-b235-4ea0-a1d1-272bac9fd778,1,10,True,False
5cdc856b-3fd1-4660-8dfd-4789251e91f2,1,10,True,False
5ce28ef9-0aab-4af6-acbd-79852a032a6f,1,4,True,False
5ce85e9a-77ae-4c9c-9128-e6bacdada114,1,8,True,False
5cf20798-a9a2-45ef-ad93-6ceb849d4c1f,1,5,True,False
5cf94a35-de6e-4e3b-8d23-fe4e8c1c17b2,1,10,True,False
5d01d41b-037f-48ca-ae71-ddbf33e7f9fd,1,2,True,False
5d05aefe-c4ce-4a10-ab87-fe2b634ed275,1,3,True,False
5d13bf53-65a8-4fd0-87fa-55afbfe0d4ef,1,9,True,False
5d15cb92-1f98-4331-8ab9-659143db5d19,1,6,True,False
5d28a738-e88e-40f3-88d8-5d304ada9a98,1,1,True,False
5d2ee9f9-5927-451c-a9d6-d6f080ee48b2,1,6,True,False
5d3f6022-058a-4ca5-b54d-e5b0dedca454,1,1,True,False
5d40c2c0-7738-4a18-8946-8bae9a7b7e6a,1,5,True,False
5d42ced6-a2c5-4f8f-8428-cb14328ddaad,1,3,True,False
5d46b76b-e776-4afe-8f70-1b0b257998c2,1,1,True,False
5d479bcb-fa70-4c02-aaa1-089e4f3d4718,1,3,True,False
5d4a8d53-e34b-4caf-8c41-4508e2e1031d,1,2,True,False
5d4b749e-1abe-4424-9980-36a1defa0ae8,1,11,True,False
5d52ad79-225d-47a4-8071-7237b0c88fec,1,1,True,False
5d5dfffd-33f5-4254-a6a7-45a9ffc63ab5,1,1,True,False
5d5f8a63-bc6c-485e-b319-d5013f28a318,1,1,True,False
5d6ca3e3-a858-443a-bd2e-6563a4a81c8b,1,1,True,False
5d6dddf0-be5d-486b-afaf-a465b19bd1ae,1,3,True,False
5d72aa6b-a8b4-4388-bbd1-54b52885561d,1,3,True,False
5d816cdd-0d76-4a9a-b9ed-ff8fb9026992,1,9,True,False
5d99562f-42e5-44fc-ada4-0a8797db488d,1,9,True,False
5d9a47dc-8695-40da-a995-b66490c04f57,1,8,True,False
5da5a631-e171-43e0-9044-efebd766b4d3,1,1,True,False
5da8b75c-4cec-4367-9bb5-440604eb4aeb,1,10,True,False
5dab8833-7e0d-4a0b-9880-b906dfe51114,1,10,True,False
5db75617-5f06-4138-8996-da2a33a0a446,1,5,True,False
5dbbe8fa-52e4-4f93-b468-8e5006f3f147,1,11,True,False
5dbe7578-4107-4ab2-a5e6-50b27f4b0a1c,1,10,True,False
5dc2bc6e-ef70-4194-b0bf-5389d465f943,1,7,True,False
5dc83f85-56d7-4c81-945a-f74c120a54c6,1,10,True,False
5dca2c56-4e93-4680-99bf-b99e961562f7,1,10,True,False
5dd66480-ef5c-4ccb-80a0-7200c0f2a78d,1,11,True,False
5ddf8df0-37a2-45ec-b255-2135ca581337,1,3,True,False
5de49f5c-4a41-4bd0-a35c-f6f9469f0d00,1,4,True,False
5de83e46-8663-4924-aa37-bf6d2135e60f,1,8,True,False
5dfb7184-31df-4f4e-a86c-fc41fa91be69,1,2,True,False
5e14921c-4e6f-4b30-a789-e776cc4bfb77,1,3,True,False
5e26a138-66cc-4cfc-8b1c-5c1a237a849c,1,9,True,False
5e3b42b6-af5f-4ea3-9a55-1cf69c30278e,1,4,True,False
5e418ab0-66da-4fd3-a8dc-740b914748dc,1,6,True,False
5e4663a5-6f1e-4fa8-98df-2c6591e65607,1,2,True,False
5e522199-4568-4ee3-8556-794900ecaff7,1,9,True,False
5e615e57-f58e-4a2c-a8b3-3f869718c208,1,2,True,False
5e673b99-ea15-4a24-a529-dd3841fcc53a,1,1,True,False
5e6bab73-8e52-440f-90ac-6b7cd363ef91,1,6,True,False
5e724055-ef1b-43ee-8be8-93c62e1b1def,1,9,True,False
5e73b637-68eb-4eb5-a325-e580dfb80168,1,5,True,False
5e73c966-b7c7-4102-8f47-f25364f403ed,1,10,True,False
5e7584e5-d056-47a9-89de-c8d93716d68d,1,8,True,False
5e7a14b3-4418-4454-9a0c-fdf7e5eb39eb,1,1,True,False
5e857a03-ff26-43f2-b45a-230b25868d97,1,7,True,False
5e8bfe21-4f52-48fe-8a9b-de9432e489c2,1,1,True,False
5e8da0bd-f074-45ff-ba89-4a9769149407,1,11,True,False
5e974caa-66e1-4be3-8899-67dd5c116bb0,1,1,True,False
5e9d16dc-d817-48bd-a1eb-828179eb2beb,1,3,True,False
5ea07d0d-4436-4299-8552-f677f4b3c5fe,1,5,True,False
5ea0f45b-9dd8-4fac-990f-718ccae9827f,1,1,True,False
5eaa7c2e-bcf8-4439-b240-e4274b3e0361,1,3,True,False
5eab65dd-4c81-4b43-aea4-f37a318549bc,1,5,True,False
5eaf773f-4a4d-4f9a-a9d7-9a0b314626a8,1,10,True,False
5eb9f72a-6078-4a2d-b828-e6b47d539a17,1,7,True,False
5ebf35d1-f0c0-41d5-b8f8-1d78dcfea51f,1,8,True,False
5ec06aa3-3e3e-4c93-a261-92381a951d52,1,9,True,False
5ec135b4-2b9e-4589-a80c-560fb36c03b8,1,3,True,False
5ec5bc38-cd5b-4959-802b-87d24cb616af,1,11,True,False
5ec80830-22f5-411a-8d34-27fba13f2443,1,9,True,False
5ecfcee1-376f-43f3-a9a7-2a51d0fe830e,1,7,True,False
5ee1727e-7f6c-4e50-9db7-3c2f62e9f587,1,8,True,False
5ee3e005-dc21-45f6-a238-ae03ab2c2440,1,3,True,False
5ee70eb0-3065-41af-a5eb-d11b884f06c4,1,3,True,False
5f00caf6-b985-4552-ae7d-10c517ef2b8f,1,3,True,False
5f0d58c3-b02d-4666-a7fb-76326e354a5f,1,6,True,False
5f30ee67-3b62-4f3c-88bc-d79748eaafe5,1,5,True,False
5f467300-7062-43ba-80a9-f2e8a50bcf4d,1,6,True,False
5f524c13-9ca5-469a-8e30-810ef7e32396,1,2,True,False
5f52c9f5-7d21-4e09-838f-f6bbdd55b8dd,1,5,True,False
5f552993-c50c-4cee-be89-ca0d14f25466,1,3,True,False
5f606386-b4e9-43eb-9e74-c5acb0abc32c,1,2,True,False
5f66e29f-9df4-4336-a499-1a8cd8eb6215,1,1,True,False
5f6e2ac2-6ac1-453c-95ed-b1c5443b2645,1,3,True,False
5f73df45-dd15-4f02-9bc4-2cc6096221cb,1,6,True,False
5f757ab4-9b95-4750-bffe-9d0d169e1c35,1,8,True,False
5f7808b5-8011-4058-a9ff-72a8539d1e5b,1,10,True,False
5f7b8eb3-f5d5-41b5-9408-a84f8d582a98,1,8,True,False
5f851d7d-9c53-4cdc-b04f-52d60fb1c38d,1,11,True,False
5f8f9f4b-8b73-41a6-b9d6-81ef63fe2c4f,1,2,True,False
5f9442e3-2b9a-4807-825d-a8293057c9f2,1,10,True,False
5f95c807-159e-4de2-888a-f49097287a46,1,7,True,False
5f9756e9-8735-4ada-932f-03c7a3ab3523,1,6,True,False
5fa53237-2be2-4d6c-bc41-2c64feb07b89,1,4,True,False
5fa604d6-deda-44c1-90f7-e494936ae2d3,1,4,True,False
5fa6f6f8-5e85-48b5-93c5-75ce39b4108f,1,2,True,False
5fb1543d-4172-4081-a5c7-b2bbd0694cfc,1,11,True,False
5fb96ba9-3be2-4a32-b4de-efbcf6b5570e,1,4,True,False
5fc97458-c4e6-4f43-9327-f97b47f17d11,1,7,True,False
5fcbaf71-b351-4b72-960b-1e62c3a1e348,1,11,True,False
5fcc718c-7ba8-497e-907f-23e492739bfd,1,7,True,False
5fd4bd57-54da-4b96-b3c0-48c83bc6f691,1,11,True,False
5fe16016-8f11-4613-a2f0-2fb7da30a041,1,10,True,False
5fe7501d-7e14-42f3-9dc6-01bad390173a,1,9,True,False
5fed4536-c5e1-435b-8292-af4b28c1a4cd,1,9,True,False
5ffeaeed-468c-45f7-b5d7-75ca2202ea35,1,6,True,False
6007d667-8d63-4673-b021-258860e064fb,1,3,True,False
601144e4-fa78-440f-ae7b-164774d84c13,1,6,True,False
60193759-04d3-4adb-887c-c361acd40fdd,1,4,True,False
601a6659-5276-4790-b3d0-66a97e4e45da,1,4,True,False
601b9647-5a21-449e-a7d8-74b40b8220a7,1,3,True,False
601c0acd-5340-4fe9-baed-9b45ac2ce90e,1,8,True,False
602d189a-4f1d-4a29-8457-1a864639324c,1,5,True,False
602e0df9-39a2-4f4b-9b52-b0e1041351a2,1,1,True,False
60386b9c-6e0e-4f38-8145-68a4fb017198,1,3,True,False
6045244d-7eae-40f9-9c64-61a8a72af189,1,3,True,False
6048b85f-a708-4d19-b711-4b96295ed757,1,5,True,False
605e93ce-c445-4b2a-b6a9-47821aa5418e,1,3,True,False
6063c29f-b1bd-45c4-98c7-779c5478ffa3,1,11,True,False
60699c1a-4446-4ac8-9078-84af611a2dba,1,4,True,False
6072a579-94df-4269-853e-4ed91aead022,1,7,True,False
6084bafe-3db2-4f09-a248-9158976e67ac,1,9,True,False
6086ffd5-238e-4dd1-8ed4-fedba01403e7,1,11,True,False
6088ef57-78ce-4a6a-9ff1-77a06547b641,1,11,True,False
60c0a86d-6224-40dd-8b37-32be51e3935f,1,9,True,False
60df2080-fb43-4779-bbfd-aa208a3e0084,1,10,True,False
60ebf87f-06e0-400f-ad7f-36cf6612100f,1,2,True,False
60f95718-7bad-4b07-a2ad-d7aa2e2a313e,1,9,True,False
60fc88fa-979c-48ef-abba-351e3aa99235,1,9,True,False
610054bf-ff9f-4c46-96de-62809f9eafd9,1,11,True,False
610199ad-3d48-4480-9a84-9901cc219029,1,11,True,False
6111ae46-64dc-4c4f-9e9c-39cc97c60f98,1,9,True,False
611c3ab5-a0bd-448b-93ea-1c95c503fdbb,1,9,True,False
612541e8-4d1c-429c-b147-0b0516f8a5c3,1,1,True,False
612a0c09-298d-4bef-a37b-294d715959a4,1,9,True,False
612b2aca-64b7-4997-b2e1-2e133c7ac0aa,1,10,True,False
612c3ca6-7c18-4ad4-beb2-6143237eaaf8,1,8,True,False
6133f806-dea7-472e-94e9-ae9a801a9bd3,1,9,True,False
61352e32-c89e-49d8-8cc7-446aa3616efb,1,1,True,False
614d95d3-de18-46fa-9a0a-37eeafcd9036,1,10,True,False
61537c28-8452-4278-9c54-ba734553b454,1,3,True,False
615a0679-99a4-4fa5-9ce9-5fd0b5f7a8b4,1,8,True,False
616ad6e4-8338-4b64-a80a-b7668d2b872f,1,9,True,False
6170702e-0858-472d-872b-b83a2988e1c9,1,9,True,False
61864ed4-0acd-42d6-abfb-b25973da3fe8,1,7,True,False
61875ddf-23eb-48a9-b68b-5b3d4761c0df,1,5,True,False
6189c79d-6c8c-4328-92c7-882bd0edec76,1,3,True,False
618c46ba-cd6c-4fa4-a4ff-64671191a114,1,6,True,False
6198d643-8154-4a89-abca-9e2c39511a5c,1,11,True,False
619a113a-0af8-4c55-bdd4-d0e9376a9f06,1,7,True,False
619e3c46-925f-4b27-95e6-8e7623ebcae7,1,7,True,False
61a31559-2303-4cce-a8a2-7e4874aca539,1,4,True,False
61b13c85-6d9d-411c-b2b3-487eceda30d2,1,3,True,False
61b2046d-a1f2-4ca7-b780-7eb41c11279f,1,2,True,False
61b42627-026f-4c2a-a8e9-dd75b989c4f2,1,7,True,False
61b737c0-231f-4f40-b3f5-6560d0810426,1,3,True,False
61c194d2-2e13-4a42-ae3d-aa269fa6739a,1,10,True,False
61cb0662-76d0-463e-b41c-a83c1dfe7928,1,8,True,False
61d74f10-a7fe-485d-90ad-ebeae60b0ae7,1,5,True,False
61dd5aa5-85d3-4b85-ad31-23d9eab27e49,1,9,True,False
61f2b821-6134-4e5f-862f-dd06ba725eb9,1,11,True,False
61fd98d7-eb01-4ab9-91a8-6ec86f51d045,1,9,True,False
620a423a-6c64-49a6-a381-e279d403fd70,1,4,True,False
620a9b14-b866-4447-816e-f3d1918bd8b3,1,4,True,False
62164c8b-33ee-423c-8533-3568f99596c1,1,11,True,False
621a3603-f987-4d83-8d96-5c542eb686b7,1,10,True,False
621fcba9-c398-4ffa-a0fb-91e38b7fc017,1,9,True,False
62218bfb-c82e-4f2c-be4e-e5c7a8e2b47a,1,10,True,False
624e132b-78b9-4b01-8c8e-8de970992929,1,4,True,False
624fd8db-91f9-4aee-91a4-38bf443be16f,1,8,True,False
62558b5a-7da7-4519-998d-8198665caa01,1,6,True,False
625badf6-4c66-4678-b06b-f6563b8ab4c0,1,1,True,False
625d4ea8-04d4-40e6-b09e-c4bfc5fcf249,1,10,True,False
62736873-7d76-425c-a3b3-3f3f994f32b7,1,5,True,False
62775051-aeb3-4411-a7c1-47a0fdd3cec3,1,11,True,False
62778829-691b-46a8-927d-7f10abbd1000,1,9,True,False
62785379-010e-4c6f-8493-966a42533ea4,1,1,True,False
62799574-ceba-4c1a-92f6-7ef82e2f0249,1,3,True,False
627fad9e-1f5b-449a-9503-8e8027e0f85a,1,6,True,False
62837e3e-796a-4b0f-8517-052d048305f7,1,4,True,False
62842aa6-a74b-40a6-954e-4f6d37141348,1,11,True,False
62cbc7fb-8eac-4177-862c-b662a8355dd5,1,3,True,False
62cf3975-4dce-459b-bada-84c3996e1c0c,1,3,True,False
62d8d616-415b-42db-8bab-ac05d13f8319,1,8,True,False
62da6277-42c4-4129-99eb-1c605a3f1b6a,1,3,True,False
62e64c43-5925-45bf-bc57-b6c761c28bde,1,4,True,False
62eb1f3d-7b61-4f74-9982-92245965e698,1,3,True,False
62fd4bc2-fc54-4284-9b35-e1e5180e96b1,1,8,True,False
6303355a-7aca-499c-934d-43eb6de26b10,1,1,True,False
6309e17d-98ff-4479-898c-9d2bb2d374b8,1,5,True,False
630f4454-8627-486b-94ed-c7c1d874bc3f,1,9,True,False
63150998-0099-49fa-96b8-d2710f0b5dcd,1,1,True,False
6319f637-f1e2-4a03-8ad6-f3114bac64c0,1,3,True,False
6323023d-167b-4682-9740-defcd46f7074,1,10,True,False
632e2850-fe69-433f-b504-32f394f509d5,1,7,True,False
63361245-53da-4764-a903-0bf1dc419b5c,1,3,True,False
634543bc-cc06-44c2-8df3-4dbd6b7c1200,1,1,True,False
634e2073-8dab-47aa-93cd-67729ee766b9,1,8,True,False
6352e784-0725-4c97-a980-1daba10f1e20,1,7,True,False
635926ab-fc74-4f7a-b3bd-b03e3907c331,1,10,True,False
6360734a-7486-43fe-a113-82a0549021d0,1,10,True,False
6369fdc8-0c8b-4f9b-8c44-3449cf9b89c4,1,7,True,False
6377ecf9-c0ef-4b44-a6db-2cd0122bc42e,1,3,True,False
6378884b-9e29-4529-a87e-7b3ff5c51640,1,6,True,False
637c3a64-13e0-43d8-9054-94aa10dfa029,1,8,True,False
637df253-dc62-4bf2-a88c-d39ce476d4be,1,3,True,False
638ca695-fc25-44e7-9028-8737b0343c68,1,8,True,False
639570f4-57e5-4552-9f68-189268f83a3f,1,9,True,False
6398ee1f-c87e-47d2-911e-c7fbbea9ef55,1,11,True,False
639e6521-f84b-4654-b94a-ae944ecf2a4d,1,9,True,False
639e8073-9754-4ae9-8220-1b2cf1f03aa3,1,1,True,False
639eb95d-3c77-4850-b5b0-31b3137cdcba,1,5,True,False
63a0b0da-17ea-40ea-afc2-bd9110326be0,1,11,True,False
63a0e49c-8fd0-4083-84bf-b71778d49761,1,11,True,False
63ad4583-2229-4638-be16-30bf8bee4dc3,1,7,True,False
63bb5b9c-e4bb-487e-a23e-b05a72d01493,1,3,True,False
63bf5dc2-c186-4cd0-8651-fe1aac01db34,1,7,True,False
63c1b817-00e3-4e55-89f5-f68f9cce9caf,1,2,True,False
63dccaca-77e4-4c7b-b6a9-97124319d5be,1,6,True,False
63e4fc9d-076f-4160-89c3-c3fbbe02b0d3,1,5,True,False
63ee7a96-ba11-43e1-b40b-2e5643afbdde,1,3,True,False
63f5765c-19f5-48e5-ae45-b37d67572bc7,1,1,True,False
63f63882-ff5b-4bfb-897e-abc1255bda15,1,6,True,False
6407ca2d-eb5d-4142-b31f-1672a8d53b68,1,8,True,False
640af319-e0dd-417a-b68a-42c90e88f60b,1,11,True,False
64139ff1-cc69-446b-9f27-e189e9be9496,1,4,True,False
641c93f9-41ee-4ece-8560-89de8ed7721f,1,11,True,False
64248514-1815-4afe-b68f-b0dafbf10a43,1,7,True,False
642866f4-3429-4118-a40f-d4891b751dd4,1,2,True,False
644f9216-fc5a-4fb1-b7db-6ec52497fd45,1,10,True,False
645174d8-85ef-4ead-867d-689d21d37da7,1,9,True,False
646375d5-c80f-496b-9846-469fdea69fd4,1,1,True,False
647026b9-990a-49e0-8a09-159f8b9f03c3,1,8,True,False
647130ec-9419-4499-b217-95d1237ee344,1,7,True,False
6478679d-8fc9-4bb2-a3ed-3c82c78f090a,1,8,True,False
64863094-5d26-4367-893a-7e6332e60d1a,1,8,True,False
64a076b4-4894-4f68-aae2-f795d60f276d,1,5,True,False
64a24b2e-7fc3-4824-82d2-7cff667e3ff8,1,1,True,False
64ad7adc-b76b-4959-96c6-66851a68bfc4,1,8,True,False
64b849a6-e54b-4637-987a-232844ef5e87,1,10,True,False
64c5e8ed-476a-448b-bcd8-8a947ae05d2e,1,3,True,False
64d70805-294b-4c84-ae7e-8032a04f601f,1,5,True,False
64e132ea-a111-44a0-8941-f6901df1e901,1,9,True,False
64f66fc4-d818-4088-a27f-1c7f7d44b5b4,1,1,True,False
64ffe75d-2e6f-4ade-bbea-c8b4e56884f4,1,4,True,False
6501b738-ad9c-4b20-a49f-aa278ec94d39,1,5,True,False
65166f28-7252-4d4c-9938-cce7c48baaad,1,8,True,False
65212148-5ab8-46e3-a4f9-bfadd29e0929,1,6,True,False
6527b8b5-eab5-47e3-b21c-be219be0eee4,1,7,True,False
652d1981-be9e-4bfa-994e-3cb7a30d147d,1,2,True,False
652ea4ee-7b59-41b6-bed6-dde5e37273e9,1,9,True,False
654ce191-dba6-4705-b1d9-7f41a327685f,1,9,True,False
6558b3f6-1c5f-4791-b2b9-67b480d9abf1,1,3,True,False
655cf4be-a6c4-48b6-9c5c-951de1c4b83a,1,10,True,False
655f88a7-3da8-4740-b528-46112f3918fa,1,7,True,False
65681e09-c89b-4fd4-be10-eb527ade0774,1,5,True,False
656f936e-9980-4946-baea-07b0d7a32e99,1,11,True,False
658055c9-cc1a-4950-bd5d-d54859ded0b9,1,8,True,False
658cd478-2786-4854-ac53-5d796dba2f15,1,6,True,False
65954aca-37b2-463a-b21a-89a7ad7910c8,1,5,True,False
65981746-0410-4eb2-b447-73bd0ebdea53,1,1,True,False
6599529c-3327-4480-8f30-6e3c1eef2f64,1,9,True,False
65a44e6d-52bf-4a97-b3a6-ec203d222520,1,1,True,False
65b7db4e-01ba-4fbf-870d-c3ae3ac58405,1,7,True,False
65b94766-c360-4c82-a617-abcfd96fad62,1,6,True,False
65c1a619-6804-4457-a559-a387be1f333e,1,5,True,False
65cac6e0-437a-4d52-92c4-fa4cfd12e516,1,7,True,False
65ced795-6b14-4305-aa2b-2733871cafcf,1,7,True,False
65d95162-2507-4410-802d-b04353648ead,1,6,True,False
65e1582a-f251-4948-bf3d-2a104bfc1a98,1,1,True,False
65e39f5e-34d7-4d4e-8ed2-f37717be96ae,1,10,True,False
65e4207d-80c1-47a9-9ce8-51a5e5cfca5c,1,1,True,False
65e73af4-8226-4dc1-b333-af5ced929173,1,6,True,False
6611b7ba-045f-442a-a45f-34555415b20c,1,6,True,False
6613b0d0-7d64-40d5-ba8e-d40ddfc78a40,1,8,True,False
6615d330-af7f-4fe4-bbf7-6bfe4e8fc157,1,10,True,False
6616d83a-fc2e-4034-9552-277a5c4d0633,1,4,True,False
661c6587-b6f8-4b61-9296-2ea4756a3825,1,9,True,False
662455d7-e25f-4619-873b-c882b68645a0,1,9,True,False
66293d81-4fe8-4edc-980a-400104b327e3,1,1,True,False
662c70ca-6145-432f-b41e-d947ab563888,1,11,True,False
6632643a-5c8b-4c22-8e5f-3085e221a637,1,8,True,False
6634ed82-e072-43a0-9ac6-854563f4cc23,1,11,True,False
6641ae31-f7fe-4389-9362-a6e49292a23e,1,11,True,False
6643a11e-6bf7-401d-af3c-40e6c0deeaa8,1,1,True,False
664b34b8-3775-450a-8be2-a5c36e254b2b,1,5,True,False
664e959d-a48d-4b28-8bad-df8f392b05b5,1,10,True,False
665683f6-379c-4a9a-9675-2992ba8a9d0d,1,4,True,False
6659afb9-a105-42a5-9c6c-8d962f432bea,1,11,True,False
665ac68d-db78-4485-9315-673387ebe46e,1,4,True,False
665e905d-42a9-4d92-9d68-aeecfe39d46e,1,6,True,False
665f7879-20a8-4a3b-be45-4802d081823d,1,11,True,False
66609f9d-20a7-4a3d-ab6c-9c459d4fa588,1,7,True,False
6660a50e-9985-495b-af38-d0fdca1a957b,1,6,True,False
66668393-9261-46df-b661-25c9ca0b484e,1,3,True,False
6670d5aa-7d94-45b9-b6e9-7e2c2911ac0a,1,2,True,False
667335a7-6815-472e-bfbb-cbf5453805d6,1,2,True,False
667642f7-f7f2-433a-a84c-9d9e96353954,1,3,True,False
668a1a3e-ceb8-4590-a23d-6a552fda0818,1,2,True,False
668cc90a-fb51-4561-b521-bf50ebfb752c,1,10,True,False
669340c7-62d3-4225-af85-e699bf633516,1,6,True,False
6696eae9-bc9d-4cc0-9e44-c9d0afa49526,1,5,True,False
669e33c3-9f63-48d1-910c-c20e3db995f1,1,8,True,False
66b71a34-74cc-48d3-9367-c0cf27093e21,1,1,True,False
66bb663b-2308-498f-a450-92cfe5b4c45b,1,5,True,False
66c6d8fe-4c09-4484-834d-4cd704ec168b,1,10,True,False
66c894e7-0e04-4cb8-8a67-09360a5afe2b,1,4,True,False
66cceef6-51fb-41aa-856f-06d6a8f549ce,1,1,True,False
66d07219-ac8c-45b9-97e4-b5ce0879e8e9,1,9,True,False
66d5a75c-619c-4ff3-a0ee-dd59a99020cb,1,11,True,False
66e26308-18b5-4685-830b-396945920dd7,1,9,True,False
66e65ad1-e616-4162-a2c4-ca8ea406cb7a,1,3,True,False
66ec4db0-6083-40cf-b5ad-fd5a438b569c,1,7,True,False
66f14b08-f2c2-42b8-a725-7a12cbb531d2,1,11,True,False
66ff521a-1a85-4a50-98b3-f6838cb1b5d6,1,10,True,False
6703ce08-51d2-4a2e-8ced-410417d8e0f5,1,11,True,False
670c5d6d-d952-45a7-9fb7-222dcdf1adc2,1,2,True,False
670f2859-324a-4f24-beeb-7d9569819044,1,10,True,False
6712f9cd-6576-4c3f-a001-672fc4dd61ca,1,10,True,False
671533c1-4aa7-4ea8-b19e-961edbe261be,1,9,True,False
6719f671-bd1c-4cd3-b379-880017ee5372,1,11,True,False
671c0cce-667a-4f44-87e7-fe999e17e55e,1,8,True,False
6737551c-afec-4308-9996-41f69291fe48,1,6,True,False
673a70a6-b56a-4d5c-85b7-ed86c61e8c14,1,4,True,False
6744a7d2-bde7-49e4-801d-0519477c1f3a,1,9,True,False
674c9fd9-44a2-4183-867c-9b5ed138dfd1,1,10,True,False
67592095-3537-4af2-97a6-88320195e1d3,1,4,True,False
675edb31-2833-4230-a500-0575df4d4c94,1,5,True,False
676f736c-5081-4330-9fe5-06c18f39ae31,1,3,True,False
677877e9-1d92-42b1-bf0c-495dd8edf060,1,7,True,False
67794311-afee-42a3-b5f6-b14eb7e5b5ee,1,7,True,False
677d6e1f-a68a-4308-98f4-ff559b3fd3f1,1,1,True,False
678368f5-c91e-4ad4-a048-240e438c9b17,1,11,True,False
6791ad9d-cacd-4645-be38-2c133f1710c5,1,3,True,False
679dbb74-2739-4f13-9b26-d5d3924f06fd,1,6,True,False
67a2f618-6fc7-4e8a-af85-ba2df044aff3,1,8,True,False
67a330a2-fbac-47d1-95ec-7ed24fa4468e,1,10,True,False
67aa53f6-b498-49a4-9dea-e181dd2e52d3,1,1,True,False
67ad7985-8dea-4413-8cfb-09b9da9e7365,1,6,True,False
67bac18e-9453-4b3f-8077-2b6109ca1013,1,5,True,False
67bbcd20-dbc9-4fab-b671-5c7635354a83,1,5,True,False
67bed578-4fde-46f7-bcdd-5586b7804c93,1,5,True,False
67c58522-ee77-4a8e-8e17-f39e5489e7d3,1,3,True,False
67c6778f-7891-47b5-9f80-3e1eeb177f27,1,8,True,False
67c8d051-ad67-4f3d-a580-5159a1475766,1,3,True,False
67f2ff54-6c77-4d1f-b958-e2c7aeeed2fb,1,1,True,False
67f3f387-ca0e-4e00-a00f-15f6251ef791,1,2,True,False
67fddc30-9722-4730-80a6-8a2a5f486804,1,7,True,False
6801614a-0369-4727-b342-a45b6986f6ee,1,7,True,False
680ccdcf-f6a7-4016-9709-181838602638,1,2,True,False
680cdc30-c734-4aaf-8c17-d3d4cd120be8,1,10,True,False
680de2cf-81b8-4914-8d57-477b2e694c77,1,11,True,False
68233647-9c4a-4e8b-9d20-bdbc237f1916,1,10,True,False
682d3d5b-2e00-410e-9db2-df3e14ce54fd,1,9,True,False
683fc7ba-be3f-4ea3-8c8b-7618ae745249,1,1,True,False
6843d2d2-c4f3-4287-bae3-c4313c9bf2ce,1,10,True,False
684d2b8d-97b0-48a9-9db3-94ab9684f0b9,1,11,True,False
68531910-2754-4344-9d02-17b2fa4d2862,1,4,True,False
685775b8-dc21-4f69-a885-f00659e1d8d5,1,8,True,False
6863c2c7-c0f6-4d67-9472-95b68e1c4b00,1,4,True,False
686f85e8-b2aa-49f3-a3aa-ef43db0faf90,1,8,True,False
6873dc56-e65a-4827-a469-3612446b3cf1,1,6,True,False
687d1596-431e-40c6-b522-51414f6b24c5,1,6,True,False
689cc569-bfb8-4715-874d-118388b667fe,1,9,True,False
689d1709-9fea-48bc-9a8e-f7dbe8213967,1,11,True,False
68a4785e-0abd-4d8a-92fc-5170615442c7,1,5,True,False
68ad454a-620f-46e0-8951-3d36da9fbbe9,1,6,True,False
68bdcc95-7166-416a-8bca-31788df489d8,1,8,True,False
68c6781a-6573-4746-8c60-2a49bddbe746,1,1,True,False
68e84ddc-06fd-4bc9-acd1-0f4d66550d6d,1,6,True,False
68f2b3ae-6bd7-4ad5-900b-7c74abc4ce2c,1,10,True,False
68fc2caf-be88-4019-a8fd-b92c2bb67616,1,8,True,False
6908915d-854f-43ec-8a53-7369f8601a0c,1,7,True,False
6909d3ed-87b3-4c07-a81f-fa5b230faff6,1,1,True,False
6917009d-65ec-4e63-9028-1649c89a2a6e,1,1,True,False
691c56a1-ce07-4982-815c-2eb81ec4dfe1,1,10,True,False
691ff03e-88b9-4c2e-9c22-2571252b01ea,1,10,True,False
6924cdad-267b-4190-837b-c2b6e15a9cb8,1,6,True,False
6935fbed-b949-4c5e-96d1-5109c7a751e5,1,8,True,False
693bc9e9-e144-4346-9695-2845ee28a2ad,1,2,True,False
693d699e-cee7-4c9e-96b5-2e6ddb9285aa,1,4,True,False
693f2fb9-4996-4b3f-8cf2-d3842ff7bdee,1,8,True,False
693fcd04-fdda-4748-9a02-d26c08117256,1,1,True,False
6945a978-f466-4c34-8cd4-73a8f0a5fca1,1,6,True,False
69483555-2c9b-4d05-b765-2c6e84490590,1,2,True,False
69512a21-21a2-4337-b3c7-168f4b376063,1,10,True,False
695d7923-6bf9-4901-95bb-3ff173ef95f0,1,9,True,False
697fcd7b-e002-4538-877d-603a9da9ddd4,1,7,True,False
69807eb3-57fa-4ee4-af78-d7455f536445,1,5,True,False
69846ff6-f03a-4dbd-8775-c5b16e89ebcc,1,2,True,False
6995f4b7-42ee-45ff-88f8-8dc422402e55,1,11,True,False
69986f27-bfdd-4518-ab23-85976b9e8471,1,10,True,False
69c80049-9c3e-4816-9274-1f8d4dd7d34d,1,7,True,False
69d3ebc3-4c76-40db-9b14-883591b0c04a,1,1,True,False
69da23b1-5034-4755-ab65-9ebb359ecf54,1,8,True,False
69e4b0d1-833b-4da3-bc4f-0883ac319f26,1,8,True,False
69e5feb0-4c3f-4639-82b9-f83f1afa92a5,1,7,True,False
69e6fcf4-61c1-46ab-a73f-827c6e0f79f0,1,11,True,False
69e78370-7eb1-4cba-96f7-fa5bac97c76a,1,1,True,False
69f31943-8f68-4de2-8de6-5e782a2e2ab7,1,11,True,False
69f33af7-1a22-4265-8f5a-826b7882d85a,1,5,True,False
6a04396d-4aed-4d82-9bfa-9c3ba44abd6b,1,5,True,False
6a0c32d3-ede5-405c-b2eb-770cb4b21d2a,1,2,True,False
6a2a610a-1de0-46f9-a775-2be98825034c,1,11,True,False
6a317028-1215-4cd1-a44b-6705feb531a0,1,1,True,False
6a33898a-81a9-4f26-80d8-74b5a279a6b0,1,7,True,False
6a3ae96f-c02c-41b2-b7bb-92303b464372,1,10,True,False
6a40cc20-d3cd-4e07-a77c-fb48285f4596,1,10,True,False
6a485cad-48d6-4b09-aee3-46eb152d6b0b,1,6,True,False
6a4d56ae-516e-4a23-aadf-22d939eed91d,1,1,True,False
6a7368b3-d1bc-43a3-8a63-08e58820eea1,1,11,True,False
6a9a3d1a-dc59-4498-8f8d-23c7be368461,1,10,True,False
6aa4b1c0-2dbe-430b-a4e5-f55d8e86b0b4,1,11,True,False
6aa9042a-ee22-4144-8a11-97c1e7da4436,1,3,True,False
6aacf944-e703-4990-8a6f-9eac44e4378d,1,11,True,False
6aadd69e-cad1-49d8-8d5a-073ae6f6a9f6,1,8,True,False
6ab03d8e-7a68-47f8-a73e-067116e38c27,1,4,True,False
6ab7122f-7c3a-47df-8ccd-f3db11c6d48f,1,4,True,False
6ad67f97-0af9-4fc6-9486-03e207e3aecd,1,3,True,False
6ad922c5-e9ff-4cfa-9eea-82009fcbed56,1,10,True,False
6adb20d0-4ac9-4c50-9874-be0637174d37,1,6,True,False
6adbdf90-d6aa-4ea0-bc24-bb7d0e799559,1,7,True,False
6ae2b392-7884-4a19-8977-5f1782107c2e,1,1,True,False
6aea6f2e-9b75-4f9a-9296-3f22b889f5cd,1,6,True,False
6aeb2215-d642-48b8-8a44-c528d8e848e0,1,2,True,False
6af0781b-4a25-4a71-a912-0ff344d89c12,1,6,True,False
6afb6640-1e0c-4db2-8087-105f5067f686,1,7,True,False
6afc34bf-2a86-487c-bb8e-8b9ab8959092,1,7,True,False
6afd9a9f-1207-4710-80ce-cdfea50f7a80,1,6,True,False
6b03f05c-1901-494b-9e14-1fa6125f9a30,1,6,True,False
6b04cf4e-6961-4997-bd66-62150cab2dd2,1,11,True,False
6b06893c-6c29-4ca6-9576-7434619e2fb2,1,6,True,False
6b0f49d3-9c3f-41c1-ac23-a2c5a40fe7b5,1,7,True,False
6b139e4e-d816-4b99-88c5-e053b5d8c40e,1,3,True,False
6b2d332c-c5b9-480d-9a42-2d82b07d5545,1,9,True,False
6b2d84b5-5a8a-4da0-8dd3-8d8bb914bfb6,1,6,True,False
6b310a0a-edd7-4cd6-a17e-75cb61c3822a,1,2,True,False
6b3ae5c8-1124-4c5c-bc64-34c0e8ce1d15,1,5,True,False
6b5845c7-a208-4cdb-89d7-e9e6276db690,1,4,True,False
6b6e118d-f540-42e4-9f06-607b32d39508,1,10,True,False
6b747f9e-8add-4608-9efe-04b3ea5d1e56,1,8,True,False
6b7ddc8e-956f-46f0-b9f3-8360c07f4650,1,8,True,False
6b7de1d7-f3f2-4300-83e4-b573470746d4,1,3,True,False
6b8e03a3-0589-40ba-a49b-2e146d056e25,1,6,True,False
6ba06aca-45ef-493a-8bbe-6c8eba90c81e,1,10,True,False
6ba2b51c-e9c3-4fb5-af51-5a13c8677896,1,5,True,False
6baa24d8-a907-4c86-965a-ea8f7c1cbff6,1,11,True,False
6bb4b929-5e0c-4a34-89e0-c98d0c262376,1,3,True,False
6bba45ef-1e4a-4663-a9f7-1f39bd09979f,1,5,True,False
6bcd0e57-cf6a-4739-b37a-3d1c5e46beb1,1,10,True,False
6bcf0f25-c3c2-4157-8e42-abbdc5e75a58,1,7,True,False
6bdccf34-1dba-410f-99ab-c68585b0109b,1,4,True,False
6bea81e3-84cf-489c-9ec0-ef56c2ce0c53,1,8,True,False
6bea940b-9236-4f18-83c5-f04cc57e3e6c,1,10,True,False
6bf0a71f-206f-4a82-a5ec-1d9137983db5,1,5,True,False
6bf0a792-d2ac-4b27-950a-5696e13b99c0,1,8,True,False
6bf8b64c-2c32-47a1-b369-9fd614708009,1,9,True,False
6bfb17d4-a772-408b-84ea-85b35021ef99,1,3,True,False
6c021803-033f-4b68-a9b2-3adcfe157dc6,1,10,True,False
6c05b706-3d53-418b-a8a0-e2dbfa3aff2e,1,7,True,False
6c060a3d-783d-4f0c-a781-3c410fec11c8,1,7,True,False
6c0b5de7-1e79-46f8-9eb2-99fd60c342c1,1,1,True,False
6c0c5d4c-ef27-4d07-bbaa-2eb776a38253,1,11,True,False
6c10f3c2-c103-43a1-8a4d-0846f57c6ec7,1,11,True,False
6c11116d-54f3-4fb1-adf9-a5c5db3bced8,1,9,True,False
6c2d06b3-ecf5-4212-ae20-082ea44b1239,1,4,True,False
6c2eaa7b-4d88-4cf6-a3d0-bcebc662bdcb,1,11,True,False
6c34f7fe-29c6-40bd-8868-12be81c921bd,1,1,True,False
6c3c4256-5841-403f-929a-1ab24b886bff,1,3,True,False
6c3f3cfc-1c03-4eb6-b1f1-96fd8fc9f5a4,1,10,True,False
6c415cf9-338e-4465-8602-6543e76d46d1,1,9,True,False
6c4a77a7-1d35-43a0-8deb-7ad438fd2fe2,1,7,True,False
6c4cb32e-150b-4fae-9161-42bb34524ffa,1,7,True,False
6c54c7e1-8a09-4202-ae66-c1aba7cbe223,1,10,True,False
6c56207e-f192-4b4b-b572-180d905fd7e3,1,5,True,False
6c5bda93-d553-4bff-a358-da58afc4c742,1,9,True,False
6c5c4191-c2fa-425c-9d06-b717d861f925,1,10,True,False
6c5c83ea-00a6-4db7-97cc-35cdb5207a2b,1,6,True,False
6c63267d-d704-4031-a3b5-c5d11df49f95,1,7,True,False
6c6bd559-d175-47ea-8db2-8c0ad7b0f734,1,9,True,False
6c792a99-6020-4e15-9bf2-af94df9335e7,1,10,True,False
6c7a3763-4a2c-4a8b-a902-616af300e507,1,11,True,False
6c7c7ffa-ab98-4785-91e5-a483b9f0f07e,1,5,True,False
6c7d6e98-54a1-4a19-9eac-1d416dd0f437,1,1,True,False
6c7f97b3-0703-42dc-9928-b31da3e84062,1,10,True,False
6c8577db-a07a-4de6-901f-06915fd7e4c4,1,7,True,False
6c91128d-3ffa-4e8e-a089-fbc57289d3fd,1,10,True,False
6c919a76-0b39-4be1-977b-2983429c3718,1,9,True,False
6ca68b58-28b5-42e9-a60a-9a62a9a829ea,1,10,True,False
6cb3209a-11b8-4930-a47b-1cfe9ccfdc4c,1,10,True,False
6cb3323f-6096-4a66-a0b8-63b59d4056de,1,3,True,False
6cc0b58e-8973-478c-b9b9-a815f45f3a02,1,4,True,False
6cc32033-21e2-4326-87f3-59a51160e04e,1,6,True,False
6cd9b840-5b03-4467-89dd-274c8544a4c6,1,11,True,False
6ce155a2-6fc0-44f8-b72a-d9eb77e7ec99,1,1,True,False
6ce314cc-3d35-4411-a9a0-7d196506eabc,1,9,True,False
6ceb4497-cac2-46ae-9b72-73b40cb75ad2,1,6,True,False
6cf2c323-10d5-409a-a90a-d6abf65b9296,1,6,True,False
6cf9b312-13e5-4a0c-a56b-7f4a2803c5e4,1,9,True,False
6d040f96-7708-4c76-9440-1d25ec497847,1,3,True,False
6d07d2bb-9494-4d7c-991c-68d77c219b1c,1,5,True,False
6d0b9128-9b28-4e73-acd7-0d37443f62c6,1,8,True,False
6d1737a0-1d94-4cc0-83e1-d46b211bfd00,1,8,True,False
6d204219-2920-4d84-8827-01b5ecc7e7ef,1,1,True,False
6d2efea0-9bc6-4b09-b967-81ccc63bf190,1,9,True,False
6d367a54-7d2e-4745-9b67-35059f9fd606,1,5,True,False
6d3f183f-53d2-4f75-a94d-1f708f86cf0b,1,3,True,False
6d46387e-2318-4679-afa0-6582648f3be1,1,7,True,False
6d4e1f35-b263-431f-8379-ae632afd9f79,1,1,True,False
6d4f1a2c-db4a-4121-9f41-fd85e3ac6564,1,1,True,False
6d584635-657b-42ab-869c-09cb495684f6,1,2,True,False
6d5e13e6-33dc-4c92-866b-a994954597d0,1,9,True,False
6d723b9d-c58f-4a82-a728-ee068e96775e,1,7,True,False
6d732a5b-ef7f-4afb-b388-1c622b084ced,1,7,True,False
6d7548c4-e7e8-4e98-a692-5d4a0715ebc0,1,11,True,False
6d78cf06-6836-473b-bd9d-199a3163694a,1,2,True,False
6d8cba77-ada1-45f2-89a4-8fd4a6065a2e,1,1,True,False
6d91563c-6c4f-4036-aa3a-02a787d3b7c9,1,11,True,False
6d961933-463b-4a53-b2df-cb4de8796ce4,1,2,True,False
6d97e0ce-a27b-468f-af91-92a0bd5cced6,1,10,True,False
6db406ab-5a10-4dd5-8342-3a71647e381d,1,9,True,False
6dbf053c-7930-4236-a63f-59298d0cf1ba,1,7,True,False
6dc48ab1-2a1e-4371-96b4-fcc48db17adc,1,2,True,False
6de4fb8a-326f-4e5e-8f6d-c571d8bdc94e,1,3,True,False
6de6ee40-ed19-47e9-a78f-b1d5f5e49403,1,6,True,False
6df05470-c8c5-4a0c-a24b-f573da1cca14,1,2,True,False
6df76fbb-317c-460a-8033-c60214765e76,1,10,True,False
6df9e492-d9d8-4cac-bc55-5972d682f520,1,7,True,False
6e061e12-05b1-48bd-8dca-bad32b0a5d31,1,4,True,False
6e085de4-5cc1-49a1-b4bd-111433368226,1,5,True,False
6e13fef2-fc39-494d-94fd-602a57b8f181,1,9,True,False
6e141e5d-77f9-4cfc-9f24-05ccbc46aeba,1,6,True,False
6e162b66-4ccb-45da-b41f-08338f3323c2,1,2,True,False
6e1ebe24-fb25-4cfd-b905-aca52f595a61,1,5,True,False
6e1eec11-7069-4823-bc65-1af0f1407a9d,1,1,True,False
6e3b37a2-dbf9-42e3-9ad8-6e8a7b2b3f94,1,8,True,False
6e3d7205-e8d2-45d7-96c2-732d4fd4b300,1,4,True,False
6e3ffae4-7c57-4cc1-9e0a-11b719ce6d3b,1,9,True,False
6e43eecc-c71c-4c61-a2f7-df718dbc91ba,1,8,True,False
6e46298c-2eb5-4eb2-8e9a-806548ed9af7,1,8,True,False
6e46970c-ec85-44e7-8efd-37eab299426a,1,7,True,False
6e4ce435-642e-4d3a-877d-4b5b4866bef5,1,11,True,False
6e5b78c6-59ac-42aa-bd2b-6766c1abb8ba,1,5,True,False
6e6f6a3c-598e-4ca1-b2fc-7319dc97b84a,1,7,True,False
6e7445bb-0732-40f2-ba3d-2ece8e266f91,1,5,True,False
6e786397-94c3-4da9-93d7-226e163412bc,1,11,True,False
6e89c205-78b4-4a53-badb-caec2d527839,1,10,True,False
6e8ac1b6-e03c-4574-aeb1-874dc49c50a8,1,11,True,False
6e8fc5f6-2dcf-47d3-9d78-6003e47261bc,1,10,True,False
6e988554-8212-4369-aed2-7da2ff96c4e0,1,4,True,False
6ea0bcc5-0c18-41e9-9eed-370accbbf697,1,11,True,False
6ea4ac7b-1d33-4210-9240-882d45cc644f,1,6,True,False
6eb6e1e2-aaa8-41e9-8a90-6a47ef45340b,1,8,True,False
6ebc3184-3e92-41b1-8362-ea5f6f2da1a4,1,8,True,False
6ec4bf7a-1a15-4472-8a8f-ff19c2f32b2a,1,10,True,False
6ec5b0b2-afbb-4da4-a8dc-94f2e28d3f8b,1,11,True,False
6edb7f4a-58d4-474e-8559-476ce6b1fa3f,1,6,True,False
6ee20cb2-1a32-4028-ad75-068f82b396f5,1,5,True,False
6ee6e468-059f-4b9e-8207-1a7beb939f59,1,1,True,False
6eed0398-d7b6-4b13-993c-7c3d3a024d24,1,7,True,False
6ef047d0-df45-4f53-9782-a03a49bbb820,1,7,True,False
6ef15305-5537-4f23-beb7-4c391519c860,1,5,True,False
6ef4d439-d608-4080-ad5a-f1e48885a80e,1,10,True,False
6efe57ab-1354-4f8a-9a89-1f2b28019f30,1,1,True,False
6f039670-dde1-4893-bde4-a2c69d947243,1,6,True,False
6f0a42c7-e6ca-43e1-a533-5c087f69e401,1,10,True,False
6f0a7c34-c6a2-4449-ae30-d2d89a04337f,1,4,True,False
6f0c2ba1-5df4-45c5-a2f0-cebd001c10a4,1,2,True,False
6f0c681c-a50c-4481-976e-70f40d4c67af,1,4,True,False
6f1033a3-c798-4cd3-9581-19bba5c71ed5,1,10,True,False
6f194428-5673-41c1-b90b-30d58acb7d48,1,2,True,False
6f1f173f-4029-4216-aa2f-b3aa513de4c5,1,10,True,False
6f2001b2-ec53-499a-8a19-1f286613fb16,1,6,True,False
6f28b486-3c30-440b-929d-ae750f003faa,1,1,True,False
6f29946d-580d-4c0e-a7ee-6483789180be,1,11,True,False
6f2c8168-76f0-4e4c-9109-944d43334835,1,11,True,False
6f2fc0dc-ae15-45b3-bd16-b7f8ca7b880e,1,1,True,False
6f3b1c6e-9860-4e02-980c-8556d5d01835,1,7,True,False
6f43a2ff-2600-4fa8-898e-84f4b380db98,1,8,True,False
6f441f43-1dc6-4dc0-978b-fb8557b60b3b,1,7,True,False
6f46ee38-f851-4069-975b-183c29ffe67a,1,10,True,False
6f5468b5-4386-47ad-a8e2-b51ff904a3d5,1,2,True,False
6f5855ef-5595-4fbb-bca0-9c20ae7d59e1,1,7,True,False
6f65e298-1e0f-4f6e-8e14-a14efaf8e74e,1,8,True,False
6f662314-4a7a-4645-80d8-9a65eccd446a,1,10,True,False
6f752888-fb3d-475d-84d8-2742f66268c5,1,11,True,False
6f753393-4573-400d-91e2-d5ab9e4f7d45,1,11,True,False
6f780f32-cc0b-401b-b244-03eefd5a7816,1,6,True,False
6f7c0d79-8119-4b61-baec-aa34d4e1c290,1,1,True,False
6f7d3704-4d2b-4d8d-8ce9-e7d8e1ce0d0f,1,1,True,False
6f7e468f-bb24-4c66-84cf-bd76113b7f67,1,6,True,False
6f8c1799-0f20-40d6-a8c4-a953b139a9c6,1,2,True,False
6f8fd364-d157-4f8f-89b5-c0a5fae24147,1,9,True,False
6f9eeded-a39d-4998-babf-1499174b2680,1,1,True,False
6f9f0687-415e-4ae6-b58e-89b5d2fba0e9,1,8,True,False
6fa51cc5-52b4-4925-8bca-1adc8b353715,1,7,True,False
6fae580c-304b-410d-a90b-a0ccedfa4b87,1,2,True,False
6fb5228a-e769-4b78-8c33-20d50830a485,1,4,True,False
6fc4f7dd-fa4f-464e-88b2-36e6b4505dbb,1,10,True,False
6fc69e80-22a9-46fc-893a-d2142c066ce3,1,2,True,False
6fc93315-f678-4194-a3cd-b5f70665c597,1,9,True,False
6fd429dc-7e71-4c9b-8470-aebaf6d09ea3,1,1,True,False
6fd770da-92b1-4d43-98ef-995df63b5a4e,1,5,True,False
6fd93ddc-c61d-4541-a440-ee5b85afec54,1,11,True,False
6fe50a52-fbc1-4bc7-8351-b40aae0e0416,1,9,True,False
6fe631d3-6dd4-4ddf-b0b2-be15ecf6697b,1,2,True,False
6fe68f6e-96f7-4a2a-85f4-a1d571bf6926,1,9,True,False
6ff1c996-1442-4c21-8f1b-449c8315a124,1,4,True,False
6ff31749-a883-4e02-889b-b2fde9fe4cec,1,5,True,False
6ff717a6-f2b3-4229-a245-2feea8ace65c,1,6,True,False
7005c9ed-1501-43e2-bd94-9efb0d56c620,1,6,True,False
70126900-9555-4f1c-8b1b-00dc7ed2c5db,1,9,True,False
702d38fb-9b2f-4781-855c-bfa3810e8937,1,1,True,False
7033f1c1-0f85-4dda-b414-b3b560d4cb1e,1,1,True,False
704b649e-fcfe-49e9-933e-017085a9de6a,1,6,True,False
7051dc25-af82-4c05-bce8-261c34523cc9,1,2,True,False
7053ee31-0dc8-4876-bd2d-2de68c7a4cf7,1,4,True,False
70559a51-b310-417c-bb4a-0b16f1a1d574,1,9,True,False
705a6919-5e06-4a67-8aaf-9e0fe1efecea,1,5,True,False
705b3662-b01a-45fb-87f9-5cb458325574,1,1,True,False
706337fb-9151-4b22-85f4-1d96b985d8af,1,2,True,False
706a140a-65b4-49ae-abba-dbfdb0c2bbc9,1,9,True,False
7080da17-57e3-4725-989e-f168228f9d3c,1,6,True,False
708138c7-d218-4d9f-a1b4-390bab8bbc14,1,4,True,False
708645e6-ae39-4568-b868-dcf5ed6e4461,1,10,True,False
70912df2-d298-48f6-a62a-0c561d82ef44,1,9,True,False
7099e470-47e2-428a-bc5a-d8e2bf236780,1,10,True,False
709babf0-9dab-4ae3-b975-ef2ca8028170,1,1,True,False
70a9c71b-f7c4-4f3a-b719-83c0e7353dde,1,4,True,False
70a9f5e1-380b-478f-ae17-bb79179815aa,1,11,True,False
70aa4c9d-afcc-4ff7-ab05-285268c73710,1,7,True,False
70bd34aa-5fab-40e3-b588-aad77b42062b,1,11,True,False
70d19ec3-784a-40a1-a4c4-f4b2cd6da177,1,7,True,False
70f0eeb0-5c9f-4241-b684-0f81be1c4aef,1,2,True,False
70fd1159-11f5-46fa-b9f5-7a25de046e0c,1,3,True,False
7102826b-c326-4f5b-8b86-dd182fb283c3,1,3,True,False
710ae8a5-a364-4568-a66b-bef57f4ce19d,1,2,True,False
71120b33-4e6d-434f-8830-4d52b44548e3,1,8,True,False
7129adda-2d45-47dd-ad65-1960aa53e23f,1,6,True,False
7129fcc6-e7b8-406e-8371-8857d508016c,1,1,True,False
712ab09f-4f8c-4d57-bc82-41be593e4fe6,1,1,True,False
712cc1ce-955c-469e-a273-2dc411efb440,1,2,True,False
712f3daf-a044-4c3f-bf2e-06b7b7f48c15,1,10,True,False
713b092a-f199-4680-9612-44a9c6bb7c00,1,8,True,False
713e6c2c-e48f-4d7c-bb2f-9bd92b93527a,1,11,True,False
714544b1-39e9-48c7-872e-ee3d24f14f8c,1,5,True,False
714bff8e-8aa2-41c9-86ea-58e57adc37c2,1,9,True,False
71530d83-0c8d-40b5-b016-2b73205d2f4f,1,11,True,False
7155908e-1454-40fd-80d5-92503df22ab5,1,4,True,False
7165e4d1-ad45-46c0-ac0d-65d187f6a8c4,1,4,True,False
716ad88c-2bb1-4cec-bf40-a6cbdbd771fb,1,7,True,False
716afe1d-241a-4a4d-8008-7e1245939b75,1,4,True,False
716d3e5b-3aad-4cb8-aff5-79614faf4b1a,1,8,True,False
7182f610-5bb6-44c7-b26d-818bd08aea6c,1,2,True,False
718a7bf3-56d3-4a59-b0b1-bfc9db35a7b7,1,9,True,False
718be7b1-a514-461c-920d-a863456ff7e5,1,8,True,False
7190e223-09a3-4f51-a4a0-f42e8755e852,1,1,True,False
719abcf4-a174-479a-af36-61b05ce3a373,1,8,True,False
719b5228-9cc8-4937-95f1-0bbf9cc0e85c,1,9,True,False
719eed7f-02c9-4afc-ae77-07255e5fa1af,1,6,True,False
71abbff0-6130-4212-841e-2e35564fa788,1,9,True,False
71b0622e-6a84-4322-8888-a517556a210f,1,5,True,False
71bca564-8266-4515-9cc6-95e4f4e7721b,1,5,True,False
71cbb235-32f1-4964-9cec-11be5eeae051,1,5,True,False
71cd6b66-b131-4f0d-83b1-e0beb9246c25,1,10,True,False
71d12a1b-fd14-4c0d-b56f-69e0a4ccd57c,1,8,True,False
71d46ae2-5670-4a4b-9057-91e298de61c2,1,2,True,False
71e1d318-1463-4806-a0c4-9f592ebb02aa,1,4,True,False
71e49146-a5fe-427e-a2d1-2c0264b86d73,1,9,True,False
71eb2472-52d2-481b-a2e0-954c3107c40a,1,1,True,False
71f5cd2b-6eab-462f-9b70-d78f46408a06,1,7,True,False
71fb1218-f1c8-4be5-a503-333deebd32c5,1,2,True,False
71fb6047-9bc7-44b4-ac0f-962cc2fe00e8,1,11,True,False
720f7435-3f9d-4c50-9793-4bdf2e1a2df9,1,3,True,False
7219ce15-175b-4d4d-9d8b-4eec121bc764,1,10,True,False
7222ae9f-9fc3-41e1-b01d-d98c80ae2b03,1,5,True,False
7226e6de-80c2-4a2e-8baf-de016c7c96c5,1,9,True,False
723027a5-16eb-4477-9990-19969abe05d7,1,4,True,False
7230c213-1675-452f-a052-02884374eee2,1,5,True,False
7231482f-78cf-48b9-b161-88662256240a,1,4,True,False
7231e8a1-d9cd-40bd-86b7-3f28edb49849,1,1,True,False
723c6728-fb7f-4b69-9af7-9dd2af8ff8fc,1,6,True,False
72400fb8-9020-43e2-865f-2920f266302a,1,1,True,False
72477358-aa9a-496e-8467-e16e86c0404b,1,6,True,False
724e03a3-69b0-410d-a985-217a2eb7eec9,1,8,True,False
724f6dac-bf57-4c4b-89d6-635062c12ddb,1,11,True,False
72685bd0-066e-44c4-a9a2-cd8f787d811b,1,10,True,False
726cbefd-a1b5-438f-bf7a-0b685ba1e412,1,11,True,False
726e6653-8c19-459d-82b1-e67e591618c9,1,8,True,False
7274818b-a7c1-4d07-b04b-f00765753a2d,1,8,True,False
72766950-c627-43d4-a885-f7c4eba8b625,1,7,True,False
728d5ee6-c839-46eb-8adc-92ddc7a0695f,1,11,True,False
72916cc9-46dd-48a5-87c0-1487cf6f8b1f,1,11,True,False
72a923ed-41bc-44ee-b247-123f296c1577,1,2,True,False
72ad6baf-d99f-494d-86d7-f5360c2ef285,1,2,True,False
72b915ad-55ba-44d2-b6b4-c2661489715b,1,6,True,False
72b92b14-ffc4-4df8-9862-4980f6968af7,1,9,True,False
72c4b9e5-eeb6-4a9c-b576-4c657a66caec,1,4,True,False
72d6d5a6-c898-4679-bda1-2ac713e682e4,1,7,True,False
72dfb3d2-c6da-4a92-a7f6-1dea2324f9d1,1,9,True,False
72e47338-e316-42a8-bc8e-972fc76c3ce3,1,7,True,False
72e6ef2c-8aa9-4d75-9c7c-33554afdf5b3,1,4,True,False
72eef716-0003-4eb2-9da6-0e444edf7b2e,1,7,True,False
72f0b375-2fde-463e-bf43-042e1761ce52,1,9,True,False
72f5b2b7-f38c-4c01-86ce-4c17fa784c20,1,3,True,False
72faa818-6870-48ea-a9ae-f1fa558a58ee,1,7,True,False
72fcbed6-0b2d-4aab-83e0-e1fca365394a,1,9,True,False
730638bd-a0a4-4d23-a3f7-a68c22794a5f,1,5,True,False
73093cc5-1cbf-4ca5-acca-4edf40a1866d,1,2,True,False
730a4ea7-2fbe-4bcf-bc6d-aebde55f5552,1,10,True,False
731ae0dc-dceb-449c-ae10-2719c1204626,1,8,True,False
731e71d8-552d-43f5-b8fb-4669c0c044b5,1,2,True,False
73227ee1-96d2-414a-9d9b-53539dc20876,1,5,True,False
732411fc-7652-4e9e-a97b-aaaf7ed9be61,1,1,True,False
7331d2d7-05dc-4ec3-a0f1-316c93d70c34,1,7,True,False
73363c22-b08c-4dc4-988e-291d10a56508,1,5,True,False
7338dad8-eed8-48d1-a405-80f44583a5fa,1,7,True,False
7345ad62-3a80-4c57-862d-102897c4fcd1,1,9,True,False
7348d261-d513-43f0-ad52-3fd3b25f5f50,1,10,True,False
73531363-0347-400b-854d-7abd1c25236b,1,7,True,False
735423c2-ffcb-4084-a911-da9b622b18d6,1,3,True,False
7357fe9c-f43f-4c47-811f-5c721cecf648,1,4,True,False
7364bd6f-864e-4421-9b30-6443455dc71c,1,10,True,False
736a9cb5-8786-4564-b543-7452ac81845d,1,10,True,False
7370b134-89d6-4082-afe3-7a9370744a1a,1,11,True,False
7377a090-9eb1-4c9d-bb52-f03fa27dc523,1,7,True,False
73a820b8-4b2e-4da1-b677-35c5cbf042f6,1,6,True,False
73ae4d6f-b1d4-41cb-89c2-58650cc5d8e2,1,5,True,False
73afea86-9195-4cea-a30c-de559915f7e5,1,2,True,False
73b361c1-6852-4ac7-9257-a64cfedad0a7,1,2,True,False
73b74da4-c3a5-443b-9238-194e1af37d7e,1,1,True,False
73ba1f20-bd7a-4e9a-a0db-30ca8c6772b0,1,9,True,False
73ce2b32-26e7-4960-8593-adbf2043b8ed,1,11,True,False
73ce8e6b-e8ac-4197-9657-161e52f6af87,1,8,True,False
73d3063a-56e6-44d3-87c3-3f834e2a31b1,1,8,True,False
73dd7ac7-3676-4407-bbad-a1b11d9b5bcb,1,1,True,False
73f45856-d38e-493d-8603-837cdb448fc6,1,4,True,False
73fec60e-ee91-4a17-9a1f-f75e24cb7b6b,1,7,True,False
7408ef6c-a79e-4fa3-b894-e0dcd72b5921,1,11,True,False
7420636e-e059-4774-9f72-07c65b0125aa,1,8,True,False
7426b907-d4c3-48a2-973e-12b0b2af7c15,1,3,True,False
742d0a63-9e0d-4cff-8769-db55aa3c44af,1,2,True,False
742de5b5-e64f-40cc-a519-9071c0dbbfe4,1,8,True,False
743941b9-b5dc-41ec-8038-3c032f490663,1,8,True,False
7445bba5-2e62-42df-b62d-fd256163c913,1,6,True,False
745b02e2-f547-4cee-9f56-b629092800d0,1,1,True,False
746165ae-e6e8-46d2-9efd-09de403606a9,1,5,True,False
7465cfa6-0cee-481b-8545-a608db15190d,1,3,True,False
746770e3-9db6-44d6-bb36-f1b7a7e0e0e0,1,4,True,False
7468d23f-882e-4083-bc8a-6a7929397146,1,6,True,False
746dfbfe-57b8-4dd1-89a1-e2216cf13ee8,1,8,True,False
7474310c-e483-4b55-8c44-04df04845164,1,6,True,False
7489fa10-1898-4fbc-a502-5b7bd12ca408,1,6,True,False
748fe3d8-6ed2-46ac-a3f9-a853d8b43cb8,1,10,True,False
749525ba-b5ca-407f-a32b-0e17f5896161,1,3,True,False
74a874df-2729-40f1-adb3-67d35b79d235,1,1,True,False
74ac1f74-4500-4b44-a1e4-b11ed57f4828,1,4,True,False
74b4e41b-2d2c-40a9-8105-78d6bb5360dd,1,11,True,False
74b53fdf-2394-4e95-8642-06b65a330857,1,5,True,False
74bb5399-f446-42e0-a137-9c93baa6bf27,1,6,True,False
74bfa04e-5236-4d09-a5ae-9a92f68771d8,1,10,True,False
74c72d0f-a9fa-4bee-a0b0-ae6c099b0153,1,11,True,False
74c8b711-28c5-4234-8325-6d6a9273c78f,1,3,True,False
74c92f58-41af-4db5-8879-f6c0e45e6553,1,2,True,False
74cdd192-13af-45a8-8ad4-a54c2dafd70e,1,7,True,False
74cdfc54-f58e-4d3c-b58e-5d1cd1995919,1,7,True,False
74d1fbd3-ffff-4022-93c0-475e91b0681f,1,2,True,False
74d9be9e-f5e0-4cc4-868d-16a32cd0f7d1,1,9,True,False
74e7340c-a93f-4ecf-bf34-6609391748ef,1,11,True,False
74fc16fc-eb53-496e-a846-82270b420e90,1,10,True,False
7504a7c1-f5ca-4f7b-b968-aa70964995c7,1,2,True,False
750be32c-7b64-4e1c-9829-6eb41e89eaaa,1,11,True,False
750d109f-f2c7-43a4-bab1-8e2bc0cfcb3f,1,7,True,False
750e61c5-c826-4b85-8ec5-efe694eb7877,1,6,True,False
75162fd4-f03f-4126-83e6-65bcd156cdf7,1,5,True,False
751b60b7-deab-4be5-845e-cefec95a746e,1,6,True,False
751cd886-9000-40dd-8469-5fe55ca1e6f1,1,11,True,False
751df7a6-28de-4253-af28-a003f2852b63,1,11,True,False
7523393e-73fe-48bf-b010-4de66f40097c,1,3,True,False
75261d39-c6c7-43c1-8c6a-5862256cce25,1,4,True,False
75264da1-cd17-4ada-91aa-bdd70718e2a7,1,1,True,False
7530668f-6cca-4cba-b347-d05e4d26a6b4,1,9,True,False
7534892b-96ee-4d57-93d5-a93d2a0785c5,1,8,True,False
7535c5a2-37e1-4d45-84ab-36be779e2e25,1,5,True,False
753fbce6-19fd-4385-a4d0-15ac7ce1915a,1,3,True,False
7542f857-891f-4974-a8d9-7ac9736c2cbe,1,5,True,False
75451be7-a02c-432d-9d69-fd4fa4cf75de,1,4,True,False
7547718e-9880-4b1b-9ab1-e2372109e768,1,4,True,False
754c39b9-d5ae-4b22-b554-4eb15045af28,1,1,True,False
75735623-82b9-4bcb-b222-72492333eb28,1,4,True,False
757553e2-43be-4916-99e2-b5cbae2257b8,1,8,True,False
7576934a-51c7-402d-81ae-c0c9e3d6acef,1,9,True,False
759bbf6a-61c8-47c3-8b07-95ab0ee580fd,1,9,True,False
75b21bc9-7412-41f1-ac58-7ae35c38a72e,1,2,True,False
75bfc8e1-3bbe-4821-8d56-f0147a3361fa,1,6,True,False
75c7fc95-2f3f-4c92-80fd-4894af78fd07,1,5,True,False
75d1182f-a07d-4446-8d7c-146e3c2dd887,1,7,True,False
75e7127f-de5d-4eab-8827-491a5b676e58,1,9,True,False
75fb29b1-d3e5-4b63-8e72-553722136779,1,11,True,False
75ff0793-235f-45df-b34a-ef17dd8341ea,1,7,True,False
760340c8-1efd-400b-a6d9-7a88db0fa377,1,2,True,False
76081c70-0824-44a7-a107-e59fef77f6b4,1,11,True,False
761b9752-e5d0-42e8-a196-7f2b075608cf,1,11,True,False
76278ea5-4d85-4759-a46c-3fcdf32f35e9,1,3,True,False
76407e4c-cdb1-483f-b172-164929c24f2b,1,5,True,False
7643daf3-2e2f-4637-91a2-1447d988c1c1,1,4,True,False
764a751b-541a-414c-a9ed-4bfa549fb8bc,1,5,True,False
764ab6c6-1d3f-4d68-9fff-f9bcc0a7c7cb,1,10,True,False
764d6705-39ed-469f-bdc0-3e28bb195cb7,1,6,True,False
764f6547-795a-431f-8e58-6439a017884e,1,5,True,False
764fdae6-f731-41f3-babc-a50bd4004654,1,5,True,False
76671e20-00cb-4390-bfaf-78919cb95bcf,1,6,True,False
767fa3b2-b002-4038-80b2-2257870cf0f2,1,8,True,False
76815f94-f65a-4257-bed3-52f50084dd24,1,9,True,False
76891614-ec62-439b-a90c-bc88b84cf206,1,8,True,False
768b853f-835b-4570-9745-8da2580d30a1,1,1,True,False
76943aab-1572-400b-bf88-79186c8c4fbb,1,9,True,False
76956cb0-88a4-4675-bc69-56dd81bc46af,1,1,True,False
7695f62b-ce5e-4924-881c-baaecbf08b37,1,4,True,False
7699f5b5-b3c8-49ad-9f9e-e60804b823fe,1,1,True,False
769f8c85-03bc-48e4-9f9f-47f5b1acbae1,1,9,True,False
76a3b326-7546-4f69-bfb7-86da04641235,1,3,True,False
76b72bbf-3dba-45cd-b4d0-04e294ea9c67,1,3,True,False
76c09538-1091-4d50-be4e-a8909a86dffb,1,7,True,False
76c0ccf4-6335-4943-9ffa-01bb9cf2297f,1,3,True,False
76cdb84d-6dee-47de-ad21-2d081628da9e,1,5,True,False
76d553a0-eb56-4cde-b039-30aae8e0b2ba,1,4,True,False
76df484d-f087-4390-a065-562a35ee2f75,1,2,True,False
76e60760-f6e0-49cb-9aff-218c2fce66a8,1,10,True,False
76fdd76c-2cdf-4e3c-aa36-b842dcbd1d8f,1,5,True,False
77071bc7-8b0a-4404-ba1a-50f2302697eb,1,9,True,False
7709d1bb-3fed-4ec5-882b-ceca48492112,1,6,True,False
7715bff3-b65c-4232-99f0-2d723b826d16,1,8,True,False
7717d2b8-190d-4530-8e23-36f30271f24f,1,10,True,False
77481345-a0ab-4757-820a-84af7456d6b7,1,11,True,False
77498767-f45a-4a6a-9c31-7bc11a0f5938,1,7,True,False
774db7f9-7f38-40b0-93ac-9794ce9d1978,1,2,True,False
7759d875-df7f-4f11-9fbb-438a1083bca5,1,5,True,False
776b5639-a934-413e-b924-13b572753b94,1,7,True,False
776f523c-3709-4655-b6b5-2a5c4030b9eb,1,1,True,False
77703a94-77df-41f2-923e-e3ced7d67924,1,8,True,False
7782b9ed-5f52-4863-8758-6c0c90d5ca5e,1,1,True,False
77880188-9fc7-49f6-9b90-7b770659167f,1,8,True,False
778a02c2-2e4f-4ef6-a617-33e373361463,1,10,True,False
778a1dfe-1200-499a-bf7f-dbeea83bf154,1,10,True,False
77909066-c04f-46f4-a467-ddcdde12d16c,1,1,True,False
77972ef0-f7b5-47ce-81f9-40f557bcd301,1,5,True,False
77979d1f-473e-4cba-9941-8846273486b6,1,6,True,False
77b47e62-bd94-4a61-a7b4-d1a17a8ed6a8,1,1,True,False
77b91092-da42-48a0-a4c2-f2c035ecf9e7,1,4,True,False
77bf87ed-3379-4ed0-86ab-179dc0fa1359,1,2,True,False
77c55d23-797c-43cb-ab71-45a6fac659a7,1,8,True,False
77c9a356-8d53-460b-b4ca-94cae1b722e9,1,5,True,False
77cbc631-eef0-4da1-97b5-088319055259,1,8,True,False
77cc66ff-99d4-4ef8-844b-20afaf0a9eda,1,10,True,False
77d628a9-fd54-45c6-83ab-4b2f1ac19523,1,6,True,False
77dab661-2e04-49f9-9b11-207b7ae0971e,1,1,True,False
77eb333d-d6ef-497d-9a9c-ff26ad2b513a,1,9,True,False
77ee5e53-4f87-4313-b14f-65d665b4391f,1,4,True,False
77f07ca3-7d20-4e41-8232-7a29d216f5d3,1,9,True,False
77f1ecbd-e119-4eb4-b573-bb26338a271b,1,2,True,False
77f9a34e-0701-422d-b788-843f19420737,1,5,True,False
77fbb513-7e6f-4f34-b74b-41aa2112d9cc,1,3,True,False
77ff7885-8751-4d27-af79-c15e97f9342c,1,2,True,False
780640a0-f21c-416c-807a-8d7ab05005b0,1,2,True,False
780886ea-a8dc-44ba-929f-7181c38f953c,1,11,True,False
78150762-30c8-49d2-ade6-6a8617ad5f50,1,6,True,False
7821a011-7bce-44e6-815a-80ea209f3a65,1,5,True,False
7823c4ae-1ab4-4479-8cc6-f01149f56925,1,9,True,False
7824d97f-b4ed-45d2-a6f7-4bb40e9d525f,1,8,True,False
78293bc2-3767-48f7-a0af-489030266fae,1,7,True,False
78310cfc-f5e8-415c-82be-bebc6462e39c,1,9,True,False
78320447-1b2d-4b44-83bb-273184b19d37,1,9,True,False
7844ed3a-07c7-461a-94af-a182d68f5f0b,1,2,True,False
78518f9a-8bc3-49e4-9e58-84cdc338d918,1,5,True,False
785bcc6b-d9b8-41ab-970b-c1626753c5db,1,8,True,False
7860db72-bfa4-45ac-bee5-8a47d701a6fe,1,10,True,False
7873bc9f-7207-4e5e-85ba-f3d5cfa5cd86,1,3,True,False
78867a55-f96c-48da-8746-7c25278771ef,1,3,True,False
788a0497-8de6-4096-a3bf-19010b6370b8,1,3,True,False
789ace37-38b9-47d5-9bc6-4ceacdc5dba3,1,5,True,False
789b1759-2735-4e03-bfe0-afc6fe26a518,1,3,True,False
78a1538c-4cbd-4454-8f17-c7a1752365f1,1,5,True,False
78add0c4-a0ed-4779-a251-1c9386c24ef2,1,2,True,False
78af6521-cf0a-441d-a7d0-2257c4dec010,1,1,True,False
78b04204-7710-4ede-ae47-062749bf0762,1,11,True,False
78b2f915-501d-4e09-8b1a-57359e9a06c8,1,1,True,False
78b41610-891a-4496-aeb9-4eab2cf9988d,1,5,True,False
78b46828-6cae-4c81-997d-57624250823f,1,7,True,False
78bd298e-cb74-436b-92cc-0afb3beb8be9,1,5,True,False
78c0c686-ab4c-45ec-acaa-cc3679c3db9b,1,4,True,False
78c93518-f469-42ff-8426-6db18462c1a8,1,9,True,False
78d0b238-cfa4-407e-836a-ec218902f158,1,8,True,False
78d26215-2856-4100-9abc-e3d06bcce4cc,1,6,True,False
78e6bc9d-88c7-48b7-81a1-83973e8b2468,1,7,True,False
78e6e62f-3f88-4424-80fb-a31f75949cc6,1,8,True,False
78e8480b-4dc8-4ec1-82f3-f8240190c734,1,2,True,False
78ee7825-87d7-4666-bdae-f43cf30041ad,1,6,True,False
78f40830-f2c3-4f55-a778-4baac0e78e1f,1,2,True,False
78f8d9bf-bdb2-4999-a336-88d531042592,1,2,True,False
78fd7bb4-22f2-4ca2-9e11-12b61e07cbee,1,5,True,False
78ff3c8b-bc0e-4be9-9c47-820429161df2,1,6,True,False
7907887c-f4e8-4409-9bdb-04e05169c7af,1,6,True,False
790a126d-f4ca-49a3-b49b-dbb7aba00f3d,1,8,True,False
7911a0eb-d074-4672-a3b3-4e4d9d4da3b6,1,2,True,False
791a3717-6604-464b-afb5-290a8b8a0c9d,1,4,True,False
792b9918-376c-457d-b633-63ce484355e4,1,5,True,False
792d2ac7-ee47-4252-aae0-1f5f1e14fb01,1,6,True,False
79327dd7-ef40-41fe-82d3-b1569b6e76ea,1,3,True,False
794134ff-a5c0-4d68-9527-8df3b1d5bf6d,1,10,True,False
794b1d3c-03cd-4811-8ebc-30f623073973,1,8,True,False
7951f321-9e3d-4576-95da-5a68ed636453,1,4,True,False
79592cf7-e393-49e0-8731-70c3355037e4,1,4,True,False
795994fb-626f-4717-82ca-96cd8a351c68,1,8,True,False
7970eeba-0e87-42b4-abfb-60fa3db02f8b,1,2,True,False
79715fa8-f2b9-4f35-9cd3-d212ad9daf09,1,9,True,False
7972704c-458b-4ae7-af86-0d209e599b1e,1,7,True,False
7972f730-765d-42ef-a407-ba4d1ead2dc9,1,1,True,False
79761314-a9a6-4cc6-9780-a496356ae7d1,1,2,True,False
79795317-8b69-4c02-8c5a-ad7773417905,1,8,True,False
798db30b-2e3b-4e9c-8ebf-d38bb05a8ab0,1,2,True,False
79995081-7036-4b7c-95ef-035fa27257a5,1,11,True,False
799982e7-2221-436b-b70f-e510c69cb95b,1,6,True,False
799bc7e0-ab90-493a-b63f-988601c9c785,1,8,True,False
79a1acbc-34e9-4b27-a5de-1367b95393fc,1,11,True,False
79ac598b-90ee-48d9-97c8-a239707c3820,1,10,True,False
79af0994-b9d1-4afe-b312-282cd5a83d65,1,9,True,False
79b2d1b4-cd0b-487a-9ed7-902729a68801,1,6,True,False
79b6e894-c9a6-48e4-b0cf-983520e1204d,1,8,True,False
79c825c3-00ef-4a96-a90f-dd8e82a8131b,1,5,True,False
79ca1b38-69c5-47af-af92-ae38e66cda5a,1,5,True,False
79dada26-eb26-44e9-80d8-70e5d9acc917,1,6,True,False
79dc2bbc-4852-471f-8feb-b42ed37b2c53,1,9,True,False
79e5537e-46c7-442d-9016-c2025fbfb758,1,10,True,False
79ef934b-ca08-4294-bba1-901e77d92c10,1,11,True,False
7a01b9ae-a832-4ef6-969a-0c2557801409,1,2,True,False
7a0d50b2-5f86-49e0-a15d-2bdd8448c05a,1,5,True,False
7a16f1b0-345a-499d-a43f-0c6018f833fb,1,11,True,False
7a1d158a-47cc-468d-a3d1-e25983ffae91,1,1,True,False
7a1f0134-2458-45d1-9111-92c884a3b8e1,1,8,True,False
7a2d1f3b-aec0-4caa-9d86-da0b5e3f927b,1,7,True,False
7a2f48b6-63b1-4b46-95a3-02ee27dddc86,1,7,True,False
7a34944b-598e-4fc9-a291-9d94011a103b,1,10,True,False
7a36d9e3-a966-4ab4-931e-943d91daedb6,1,9,True,False
7a4a208b-ea2b-483b-937c-2692ee7c844a,1,7,True,False
7a4d89e3-b4eb-46c3-bd97-0fdaaaccad6d,1,7,True,False
7a550ad5-4ad3-4e44-9f81-f230ec260493,1,11,True,False
7a62698b-5cbc-4da1-985c-6f31a6e3203e,1,1,True,False
7a658000-3dcb-40b1-b2d0-a73ea5f702f5,1,11,True,False
7a70f909-2f3e-46fe-93ef-a3026bdd9478,1,7,True,False
7a745eaf-1a09-43bb-8367-0fa10ddb27da,1,3,True,False
7a7c95fb-289f-4450-87b2-623b46cf3554,1,3,True,False
7a8dd5b5-312f-4cd8-9441-60560e4d7e19,1,9,True,False
7a903ef6-8174-4727-83a9-43f7f0ed1644,1,1,True,False
7a906258-c2ae-4084-9675-dddf751094b7,1,8,True,False
7a97e6c7-fef5-462f-a20f-63c8af1addc9,1,1,True,False
7a9aa620-cb90-4042-a313-b90a84aafbfb,1,1,True,False
7a9fbf1b-ff00-4de1-815c-178236590cba,1,2,True,False
7aa5ec2a-4657-4102-b84c-0cd08c5d3e3c,1,10,True,False
7aa77bd9-2696-480e-a824-1d30263d6162,1,2,True,False
7aacd391-487f-44bc-8925-46463cba8298,1,3,True,False
7ab42c08-e185-41a6-931c-551a33c96a4e,1,8,True,False
7ab4bcd7-e636-4b99-8e83-139c26a7f2ad,1,9,True,False
7abc26fd-8b61-43e1-9726-c04cdbb9bfa7,1,2,True,False
7ad21fc5-fb95-4bcc-8e30-1b97b0a87015,1,10,True,False
7ad32d6b-23f9-4d9f-85cb-f0ef2b9365f5,1,3,True,False
7ad4eda2-0777-4070-aaa8-d29472469c0f,1,1,True,False
7ae474bc-c7f5-4555-a54a-75875d2f6ace,1,5,True,False
7af6418b-36fa-4b99-ba28-469f23702934,1,4,True,False
7b00ce97-8e65-45f5-ada4-e8419f3aa604,1,6,True,False
7b148910-2ce2-4c0c-b4f2-dee7890b2a5a,1,8,True,False
7b1c67ce-98f8-4336-a265-cc26224c1657,1,5,True,False
7b21ca4c-8ada-472c-bd42-af37e7f7b2ee,1,7,True,False
7b220891-d1f4-4348-834d-2a49da175498,1,11,True,False
7b39da16-bbd2-4a38-b850-27bd6d79d21d,1,9,True,False
7b39ec0e-c80f-4311-b99f-1e1b187caac1,1,3,True,False
7b3d410b-d8c8-443b-a8e9-d9c96a388bd6,1,1,True,False
7b4a0e62-c882-4899-bbbe-5560cb5232f4,1,9,True,False
7b4d731d-7630-47e0-9afb-f640c6fa44de,1,6,True,False
7b5894d5-0ed1-4c81-82c7-8fc6a5e7209e,1,4,True,False
7b6218f4-3f99-4f6f-b241-fd3ddc27b798,1,3,True,False
7b6d06af-7c28-49a7-98ab-d39d5caddc1d,1,9,True,False
7b778188-82d7-4c3e-96cc-4ccdcbf15c02,1,5,True,False
7b77e727-de04-4b53-b02f-0c1d91e0b86d,1,10,True,False
7b904b5e-f3e6-40e7-9d79-5ba73bc6a805,1,5,True,False
7b920020-0e79-4783-b264-1a2b379d37dd,1,6,True,False
7ba26ed3-d16f-46ba-b295-ed9026b3c9fc,1,7,True,False
7bade6be-7d7c-47ad-b335-3ab5488c2c27,1,10,True,False
7bbf62ff-c840-447e-955d-93edffe9f1d1,1,8,True,False
7bc458ab-18cd-42cd-85c4-cab3a89fb5c1,1,9,True,False
7bc57a47-94b8-4e58-989f-26684a2793af,1,9,True,False
7bc8b81b-a5c5-4811-bd5e-e3c14486cd4d,1,9,True,False
7bcbff1a-1eca-4c24-95b6-37decefbc30f,1,11,True,False
7be23377-38a3-4fcc-80b5-a02d46207351,1,7,True,False
7be88b25-7836-43fc-8581-38ddd0548e0f,1,5,True,False
7beca8d5-ed9b-428f-b876-1bf61edb50e4,1,7,True,False
7bf77b91-76e2-4316-9084-6a18e2ee6511,1,7,True,False
7c00eb31-7d5f-4228-aa43-63f80bf34eaa,1,5,True,False
7c0b0f19-ad76-4718-9b1e-b827c4d10ae3,1,2,True,False
7c0ca7a8-5bab-44fc-921b-3c978ad44342,1,4,True,False
7c17ab13-0f75-4ea7-90f8-1aa4fc3714b8,1,11,True,False
7c1d814e-2ed6-49e2-844b-5c156d53bc00,1,9,True,False
7c26ba12-91e1-4535-97bb-825758e369f0,1,1,True,False
7c33fd05-3202-4906-ab9d-f2cd08fb55cd,1,1,True,False
7c35502c-7af3-4194-83b9-7f7043a6b572,1,8,True,False
7c3dc0ac-128b-43c2-ae4d-1f1b062a282b,1,3,True,False
7c3fbf0a-71ae-4dc5-964b-46b6a421c14a,1,7,True,False
7c460fd2-1308-4c5e-b5b0-ed519b3bea8b,1,7,True,False
7c495342-4279-436c-b997-b513e915f3ce,1,10,True,False
7c5f05d2-b821-4a98-9689-83ab7773c342,1,8,True,False
7c6a401a-5d7f-484a-8d0e-80f74617e3b8,1,10,True,False
7c6e09fa-d6f6-4a3b-bab2-1c1283982d84,1,11,True,False
7c717164-abe9-41e8-9ef7-4d519103f00f,1,7,True,False
7c79f92a-5b03-4803-bc3a-99db9a8d1a2d,1,3,True,False
7c7f06bf-7229-4da1-b6be-a8be8bbf8557,1,8,True,False
7c7fe699-bec4-4e39-94df-b623062561ca,1,4,True,False
7c82849f-ab10-4b6b-8b3b-36bb48b19bc0,1,10,True,False
7c83fb15-2b5a-4e72-a7cc-cf14cf26a632,1,7,True,False
7c885964-e135-433e-89c7-c11333db98cf,1,5,True,False
7c8ed7ae-b6d5-4d23-ba68-2ce298ff9209,1,5,True,False
7c92cf72-247d-4bb9-8d10-773be5d9ce64,1,2,True,False
7c94aa4e-7c46-49de-8802-f78348fb292b,1,1,True,False
7c95528d-2b3c-4d8f-9e03-2d00fc2e0a5b,1,4,True,False
7c992337-16f4-4ef2-8b8a-05a125bdb3c0,1,8,True,False
7ca5f549-4184-4794-9d01-6170d9cc7ec9,1,7,True,False
7ca907d7-f527-4eab-88d0-84b73318eb61,1,5,True,False
7cbab89b-9c71-4700-988e-3eed94ec0ca6,1,3,True,False
7cbc97fa-bf15-4f4e-91a3-394bd79858f5,1,10,True,False
7cc8f8b0-e25e-4ac2-b6ee-0fcd1ff238ee,1,4,True,False
7cd91b3c-c789-4731-bd38-8316bce1804e,1,9,True,False
7cdff47b-4822-4579-abb2-2a39535861ad,1,4,True,False
7ced075f-0046-4c92-ae87-367816295a6c,1,2,True,False
7cf9622a-bbc1-46c1-8127-e8c9209dcd42,1,5,True,False
7cfe3852-5120-42fe-a799-93369d16e702,1,4,True,False
7d0a846a-40a2-4c9b-b846-b639eab42057,1,9,True,False
7d137ca4-3407-4514-9eed-06d2d01fb4ad,1,9,True,False
7d1ae0dc-ebbb-45db-9fe3-c4ac5df056f7,1,1,True,False
7d1d5389-727b-4791-90ab-61a55f2747da,1,7,True,False
7d1eb296-39ab-42a6-937c-9fa654fe8457,1,9,True,False
7d208df1-da4b-4b3d-a2f2-a556e98fec10,1,7,True,False
7d2ea5e5-34c8-4fc9-9ea6-81fe03685b1b,1,10,True,False
7d31557e-b1a7-4b88-a94c-f475618503fc,1,5,True,False
7d32f645-cc0a-49d6-96eb-e1d518fbbc8c,1,8,True,False
7d338e01-3c37-4a09-813c-2d87776f58e1,1,6,True,False
7d351b1f-8a5a-4a94-aa21-b92a7837a4b5,1,2,True,False
7d3add81-a25b-4541-9aa2-b77c6587c6cf,1,3,True,False
7d40c1b8-be63-4df6-9e16-62b2ae856768,1,11,True,False
7d48defb-e03e-44b4-9fba-2ca651b5f0f9,1,1,True,False
7d48f247-ec92-4833-9cb9-b8bf84cb01b1,1,1,True,False
7d50d783-33a5-4884-8b1a-a6db6333f98d,1,8,True,False
7d565f07-173c-423c-a719-ca6f33ccea08,1,10,True,False
7d5b040e-2a7a-4556-a928-cd41a67ae3f0,1,1,True,False
7d66778a-d038-4e3a-8643-6d4810ffce63,1,7,True,False
7d760ad4-954e-4926-af18-f88e6f4118c5,1,5,True,False
7d776f04-fb47-4232-9c67-c1b9c139a775,1,10,True,False
7d7f2336-608c-44a1-bd03-30cc38e95b68,1,9,True,False
7d9deeed-9db8-45c2-8b75-b33a8a7fbb4c,1,2,True,False
7daeaf8d-91ae-4308-92e0-cfdf2b4e4a30,1,8,True,False
7db216e9-6a2e-461e-88e1-20ead6be89c5,1,4,True,False
7db951be-acee-4060-b4c0-047e74578069,1,6,True,False
7dbb046c-9510-4807-b0a4-2d85ca0e657b,1,6,True,False
7dbcb0b1-356d-4364-8702-c33542f78b10,1,10,True,False
7dbcf0da-194e-4f5b-ba14-0514fea9e86a,1,2,True,False
7dbf5b0e-0bde-48c8-8631-ec3498b27749,1,4,True,False
7dd2c645-7e9e-42f3-b45b-5023d80862de,1,9,True,False
7dd82c01-0c2e-44d8-bf6b-e1d143956045,1,3,True,False
7dd861f1-6c5d-4338-8745-9567aee63bbb,1,4,True,False
7df0c341-1df6-4c89-8e57-1965b5514858,1,1,True,False
7df3f242-86be-47eb-9912-00729fd7e353,1,10,True,False
7e01576f-e4e2-4bd1-aabb-d1d5f275bed6,1,4,True,False
7e0213f9-4403-4741-ad44-5bc8a7cdd93b,1,5,True,False
7e0321b0-7038-468c-b2b4-393d84b300fd,1,8,True,False
7e04f74f-c3bd-482a-aa65-cbbca3d620ae,1,1,True,False
7e0661ef-3a64-4ae3-968d-57e60cf90a17,1,7,True,False
7e0a5452-5ef0-4c20-8584-f38efe0ec90c,1,2,True,False
7e0ac06e-0105-477f-ae1c-c62e0cc26ede,1,3,True,False
7e126c51-6cfc-488d-a04d-a666a94a899f,1,11,True,False
7e203db6-5c27-430f-8399-b45a60852ece,1,5,True,False
7e23dc39-462c-4b1a-837a-4d1d5a5b625b,1,3,True,False
7e2e5370-ccf4-450c-98eb-b0edcf44a826,1,11,True,False
7e324ff9-285b-4610-a9ae-92da90e13479,1,8,True,False
7e37a907-8244-4867-92a6-46d857d696a9,1,8,True,False
7e3f5a94-fc0f-45e1-9411-73e2533d6f0f,1,8,True,False
7e4cf666-62af-41b9-89ee-8b7448af986e,1,3,True,False
7e4e1c77-fd28-4b7a-b8be-e66462ef940f,1,5,True,False
7e56e196-9763-463d-9aa7-7f2ad6c3f82d,1,8,True,False
7e5eaf1a-fd4e-473b-aa47-89a635618d05,1,6,True,False
7e68983c-76b1-49d8-8344-e4ac1be7b5bf,1,10,True,False
7e6ad399-fcc1-446f-91d9-059b7efc23f7,1,6,True,False
7e6f13aa-b3f4-4d91-a32c-1151a20de445,1,9,True,False
7e735283-e334-44ac-bee1-3c89d0b56632,1,11,True,False
7e74caf7-34f2-47f8-a7c9-fca51b3a3a4f,1,6,True,False
7e899822-9004-4c52-ae8c-c3a3855b1d07,1,9,True,False
7e8a020a-c01d-4ff9-97a2-65503b373a81,1,4,True,False
7e924aa4-aea6-40ee-ba92-b8f8494e057e,1,10,True,False
7eb06853-ccf8-4f12-b8d5-1d3c852f851d,1,1,True,False
7eb4b188-1781-4ea3-85cc-aa92c8fc9f9f,1,2,True,False
7eb4b4ac-76a0-44d5-802d-8c1c3d8ab0ce,1,3,True,False
7ebeee05-a0c7-40f0-a77b-c5a780d27551,1,10,True,False
7ec3c80d-ca25-4986-91f9-505578671795,1,11,True,False
7ed7a62f-bea6-47d7-85e2-324c86f27456,1,11,True,False
7ef1c82d-f8b3-48fe-9b3c-b75f6d1b7a8e,1,11,True,False
7ef4d088-0ecf-4ead-b3ec-65e7c6f5df83,1,11,True,False
7efca199-15d1-4929-9bb2-3e235e2fe1a3,1,1,True,False
7f006d84-5fbc-4b65-8a87-38504eefb9d2,1,6,True,False
7f08f266-056c-4771-93f7-ee4542de4a9a,1,4,True,False
7f0d5b13-2a93-4264-b98e-b1979509b9f8,1,2,True,False
7f0f7777-05aa-46eb-880a-e2849c2cb0b9,1,3,True,False
7f11da20-ba86-4b4c-9fc2-4264e35a54e5,1,7,True,False
7f16eec2-4255-468a-a438-63ea98482303,1,3,True,False
7f1cfc43-33f7-47dc-a117-e56cd6ac63df,1,7,True,False
7f1e1f50-33f9-42ec-897f-923140be4719,1,5,True,False
7f227a49-0796-4935-a1d5-25efa49d5c81,1,9,True,False
7f277e73-34bb-4b6b-9c72-2982a859d092,1,10,True,False
7f522692-62ba-4854-80a0-6bd8c5cd13e2,1,6,True,False
7f619993-9038-4366-98d8-c228a790ed6d,1,3,True,False
7f626656-6414-4c84-b7ef-e0f57b60649d,1,4,True,False
7f684226-1120-4040-a1dd-e846a0bb1039,1,5,True,False
7f71b60d-f0a0-428a-937c-41c7a0029ab5,1,4,True,False
7f7f66d0-c2ca-4ca5-8c89-7ba1107a8389,1,10,True,False
7f905c31-558a-46c0-b690-a9a4f9f9567e,1,2,True,False
7f93dd75-ec3d-4acd-8277-c68d7badf0e3,1,9,True,False
7f958b7b-aa29-46b9-9475-31d17f22eb14,1,4,True,False
7f972614-13a9-4e87-bb8d-89f50da7a64a,1,9,True,False
7f9a7391-7755-44bf-bbea-4eab92944f94,1,8,True,False
7fa38bd4-781c-4578-b9d0-aba05544f69e,1,4,True,False
7fa45761-00ae-4c7b-a5df-7bbd8a794a37,1,6,True,False
7fa701e3-886d-4bad-8421-98b8e3d5cb44,1,4,True,False
7fa94abc-60c8-4e23-a01d-e02f585407cc,1,2,True,False
7face91a-3f58-4a92-8217-9baca6997202,1,5,True,False
7fb89498-2e1e-4c86-90ab-faea75189719,1,2,True,False
7fba8524-c21f-4ea8-8222-f4a6185316db,1,7,True,False
7fc15316-bd58-4e29-bb10-515a17505212,1,4,True,False
7fc54b51-0219-4089-9bb5-9975a7dcbbeb,1,9,True,False
7fc8eff3-dbcc-4475-b4b2-28b4ce6aed04,1,1,True,False
7fcae3be-42af-4cf3-b4a4-4b2bdafcb70b,1,2,True,False
7fdaf730-c332-496c-90e7-a3ae0c9ee22d,1,10,True,False
7fe83ff1-4024-402e-a43a-c76c937602a4,1,5,True,False
7ff44b32-22fb-45d0-835c-65572a2da16b,1,9,True,False
7ffe472d-193b-4d46-afa0-d9e1dd2b4f02,1,11,True,False
80072afc-7841-4bec-99ce-badafaee130d,1,11,True,False
800f3f34-e89f-43ec-8b2a-a2e958c105bc,1,5,True,False
801b8f28-99a8-4a9c-bd05-ee1d561508ae,1,11,True,False
80243d4a-fe95-4523-b9a5-9c6a15ccfd34,1,11,True,False
802d2814-3d75-4528-9615-0513652af77b,1,4,True,False
803497b9-1693-4ded-b689-71a4feb14349,1,5,True,False
803688ae-f359-4498-a11b-cd25d69c461b,1,4,True,False
8043398f-ce09-41e5-87d5-e1414e282d4b,1,5,True,False
80510fbe-f76c-45fc-91c2-e5d408858b30,1,1,True,False
8052963e-5878-40f0-8cd4-17f3d77a61c6,1,2,True,False
8056a7a6-93dc-4181-a078-b86dcdb5e69f,1,3,True,False
80598324-14fe-4983-9120-50c1aecc0e77,1,1,True,False
8065172a-e677-446d-a162-80cc13897140,1,3,True,False
8065bcc4-b436-46aa-8d5c-5248c8ccb563,1,3,True,False
806cecd9-0c98-4d6e-9b42-292e68673ffb,1,2,True,False
806fb2d2-472b-4558-9454-5a6667d290b9,1,10,True,False
8078c3ec-09a4-4257-a7bd-c5b61239822a,1,9,True,False
80834097-9c99-4695-a6df-bd5110dadade,1,2,True,False
809028b3-bbcf-4ac4-9695-19bea9edeff6,1,2,True,False
8093e131-d489-41ae-acdc-7828dd897d5c,1,7,True,False
80a046ae-edd1-492b-8f16-2020b15b2bc6,1,9,True,False
80a7c015-a3f0-4d72-963b-73fc21b7bc86,1,8,True,False
80aba600-8f68-4718-8ef7-b8917ec184db,1,6,True,False
80acb21b-59b8-433b-ad63-63eee30e9bed,1,10,True,False
80ae51d2-3f8e-4a63-8aae-923dd4274f9c,1,5,True,False
80c277ad-f9ec-4a56-b10b-a350d545a942,1,3,True,False
80c66001-9674-472a-b663-40b73fb79eee,1,3,True,False
80c76e7d-ea94-4418-9d25-f62f45a4005a,1,3,True,False
80ccbc70-389e-4a73-a933-98a483982bac,1,2,True,False
80de5eb7-a88a-4dd3-9c8f-d3139fdbdd6c,1,6,True,False
80e039e1-671b-4cbb-b78d-2381a6081562,1,7,True,False
80eb9500-bc0e-43be-9929-2ef502cb66a7,1,3,True,False
80ec01f5-d3e7-4f0f-85d9-537500ccdce6,1,9,True,False
80ec8c63-8662-496e-afee-667835d2ec2c,1,1,True,False
80eddf18-7fc3-4ec7-ba34-3102661c9c61,1,5,True,False
80f259ea-2991-45b4-a97c-2737c8557ce3,1,10,True,False
80ff1618-cbe2-4a39-952a-9b5750f58339,1,11,True,False
80ff2476-fffb-4cf6-8fa9-c7ab2f17dbd3,1,6,True,False
81017c60-3364-4ad6-aee7-b2909a684327,1,4,True,False
8112533b-243f-4337-b335-33d729f16e64,1,6,True,False
811ebeab-117b-46b7-8fb1-27b70e5ee902,1,4,True,False
8129da87-c0fc-4201-a676-80cd8c368c41,1,6,True,False
81414ce5-66be-47cb-8338-678e5bd1454f,1,7,True,False
8154edf9-bd89-4117-96aa-a2c4a75f93de,1,9,True,False
81580dcf-909f-4412-a323-c621a46253d4,1,5,True,False
815a0e2a-90ea-487b-bf57-ef285a710173,1,1,True,False
81802e0e-2584-4dc9-8de5-e11aaddf1943,1,1,True,False
819341c1-75d8-479f-889e-84ef5d73fd21,1,8,True,False
81a0060f-c71f-4012-857e-6e5c9a34c56a,1,2,True,False
81b1cf7e-c3d1-4fc5-9f00-077afbcece45,1,10,True,False
81ce6f9e-0579-4696-b385-f5fbbaedc8fd,1,9,True,False
81ce981d-7649-4f83-b2ea-1ae327d29013,1,7,True,False
81d22f55-3342-4da2-93ac-f5bb3d866d7c,1,11,True,False
81d40e6c-e5ad-4ce3-b11a-7ccafc3a7d2e,1,1,True,False
81ee01b1-4b88-472e-942f-43fff61eaf33,1,1,True,False
81f05c9f-4b63-4392-a376-5fd79c6c8e85,1,3,True,False
81f4a47c-a5a3-4ddc-ba6b-38d25f0cd5b9,1,4,True,False
81f7b04f-3f77-483f-8ee4-d6e502fb00c2,1,5,True,False
81ff8da2-e26a-4e2f-84ae-a7c79a833c63,1,4,True,False
820fa237-bbd3-41b4-8cff-f5ed01d37eed,1,4,True,False
82101487-e499-4b2a-8ba6-1b115240e6c7,1,10,True,False
8218820c-d412-4460-a3f6-7057c2e0a3d9,1,4,True,False
8218a242-9ed5-447a-a46a-e256d367d824,1,9,True,False
821f152d-bf02-47c4-b57e-bfe7368649e8,1,3,True,False
822eef46-758e-4e16-af00-dfc8cec3a931,1,10,True,False
82387da1-10a6-4758-b548-410d9261bb9f,1,8,True,False
823e1787-c69b-4e52-9720-94694ee21869,1,3,True,False
82415d3a-fd6c-4c60-960f-050dfcb1fc57,1,7,True,False
825568ea-4df2-4a6b-ad2e-b072f7617073,1,1,True,False
825a81fa-3c77-460c-90af-77959bc0182d,1,3,True,False
825c8bca-7c0c-42cd-b12c-7b5d9df23ee3,1,4,True,False
8264d5af-d00f-479c-bdfd-1c6267785dfb,1,5,True,False
8277b86c-ba01-4e4e-b59b-c3e786137b3a,1,8,True,False
827ed190-80b3-42d9-aea9-52e665c33c71,1,8,True,False
8281b9be-b767-4062-a37c-0a1f3f44da57,1,1,True,False
82841f07-7b2c-460b-9664-3c85e7437fe1,1,6,True,False
82853ba0-0084-4eb1-ae94-6c6cfe9717f6,1,9,True,False
82868541-b4c0-4448-b4c6-4596d68b0782,1,6,True,False
82914575-1a54-417f-a5a7-5800ecf5314f,1,1,True,False
82b40f37-e289-4566-959d-9d12be04d11c,1,5,True,False
82b97367-a3ea-4181-be8f-18e53ceaf752,1,3,True,False
82d2f7e2-70e1-4b55-898d-8e88a25dffd2,1,1,True,False
82d46688-8f11-418a-9696-a2939f37d2f6,1,10,True,False
82d6fb2f-f47a-490c-ba05-485c15d021ea,1,8,True,False
82d8115b-361f-4c89-a117-747ca0312d9e,1,10,True,False
82edd5e1-9fcc-4e1e-9cd1-690a1ee02dcf,1,11,True,False
82eea3ea-0bc3-4ba2-b77e-f877a9291330,1,1,True,False
82f07d56-c582-4eb6-96f3-f292cfef4872,1,5,True,False
82f46961-d564-479d-8347-03ba803c538a,1,5,True,False
82f48ec1-7b05-4808-88fc-9baee07e7914,1,6,True,False
82fa2988-af99-42c7-b948-f1a90b377275,1,9,True,False
8303344b-afff-498b-a862-bece3e0acf9d,1,11,True,False
8318f5ee-9656-435d-94e3-9ce58f4fcd96,1,1,True,False
832cb789-4e22-4c5a-a5ea-9aad82b94920,1,3,True,False
833c33a5-da8a-455f-9fa2-2fdfe1615f7b,1,8,True,False
834fb3ff-852b-47c3-9ff9-e9fc1b5401e8,1,4,True,False
835ccba2-0f83-4d1a-ae4c-f6bb7d4e6267,1,8,True,False
8365f6cc-c017-435c-898c-85713ddd06a2,1,9,True,False
8372b835-765e-48e7-be00-e6d610da5e27,1,1,True,False
83734b5f-ff4c-4a19-a92b-b6451cb93ac4,1,1,True,False
838213b6-059b-4f69-ba71-a493147f84cd,1,11,True,False
83824d03-7009-4b96-8ec0-e8989206f5ed,1,6,True,False
8382a370-71dc-4cc5-8ee1-e5afdea0c5de,1,5,True,False
83861505-6b11-4a5c-abc9-a2e91c8fb298,1,5,True,False
8388ca81-4b33-4631-bf14-456c7fb26101,1,1,True,False
8389d214-adfc-4bfa-99d4-83cb1a9626bf,1,1,True,False
8398b711-aa0f-473a-bdbb-a28e6c4dab09,1,3,True,False
83a1b31e-f3a1-4eaa-a23e-dc315d18f147,1,8,True,False
83a3a56c-6f07-4a00-8cdd-6218f35e8a61,1,2,True,False
83a5303f-8c07-4da7-9ee6-85c7134334ec,1,3,True,False
83a71f17-758a-4019-8303-aa62e97d21a9,1,4,True,False
83b08743-0a9c-42cc-ace3-b517132fa735,1,7,True,False
83b14e9a-c3ea-46db-957a-bfcb5ce8469b,1,9,True,False
83b6bf25-ebf5-4cb8-bfe0-c9ab29b1dae2,1,6,True,False
83c25b6d-a9d4-46d2-bcf3-280af1898163,1,8,True,False
83c5a202-e81d-45f2-9713-b3cbb858fd9a,1,10,True,False
83c709ab-a5d3-459b-980e-1ae2214db841,1,2,True,False
83c792e3-e4e6-4c53-8e5e-c61de041612b,1,9,True,False
83cc1261-10a0-4d0b-bc37-9417cf01f940,1,1,True,False
83cddf77-b199-408e-84fa-dd8ce769d486,1,4,True,False
83cef03b-3749-4329-992a-a3558d78760d,1,8,True,False
83d425bc-9afd-4112-a463-8bd32f0cb826,1,1,True,False
83d4ac09-7937-4be2-abcf-74553d4847bf,1,4,True,False
83d77b54-9dbf-4a2b-95fa-5ce2cfe7e476,1,5,True,False
83d7ec73-3149-49ca-87e7-cbf9f3d0cd82,1,1,True,False
83e47907-1534-4aec-8652-48a02ad89874,1,2,True,False
83f3eecb-a50b-4d4c-92f9-491fa03a1160,1,7,True,False
83fed2de-ffd8-419d-b5c9-72522a2eb685,1,3,True,False
8401ec4d-d12d-4b29-9f49-bcd7ea1643e2,1,8,True,False
84162ff8-5cbb-4665-b375-8147e48e8a28,1,3,True,False
841ad126-09a3-41e3-9a5d-2049e7fda240,1,8,True,False
841fd7f3-479c-4c8a-aa34-743354c69901,1,7,True,False
842273b5-32a8-49c3-945f-8badedd0a49a,1,8,True,False
843ee9d8-b88e-480f-8114-08c28caf5e11,1,8,True,False
844891ab-3f19-4416-a440-d20cd14bb966,1,8,True,False
8451cd4b-5b17-4586-8f7b-9ce14485d08f,1,7,True,False
8453589a-3d3c-4592-9a2a-e745416dabe7,1,5,True,False
8461d05e-b22b-458a-a24a-13a73d2bed4f,1,1,True,False
847bb36f-0322-405d-84a2-b7b444871b03,1,3,True,False
8480d99c-92de-49ef-8076-4f7e1b21616c,1,11,True,False
84815f20-a070-4574-b82e-7b00f53395f5,1,6,True,False
848c6596-4638-4133-985a-e4ff88b6bcae,1,4,True,False
849665da-eb4e-43c2-a919-bc7edc434025,1,9,True,False
84982957-a5aa-4ade-92e0-3599a59f0bf0,1,11,True,False
84a5c1c0-5a4a-46fb-9538-c62f090bbd16,1,7,True,False
84a6e580-d195-4743-8f55-2b19b50ff044,1,6,True,False
84ab9a85-fc64-4d9c-9972-6b18c3ce0d6a,1,11,True,False
84aec065-f5e7-4853-b3bd-f322c9b00673,1,6,True,False
84b2ec3c-8fcd-4850-9b80-34ab9ee6812b,1,3,True,False
84b5feb6-c0c6-4ced-8545-dbf7c37630ff,1,1,True,False
84b84f88-2b6d-4e7e-a268-6a2837682c3b,1,8,True,False
84bb1c98-df0f-43da-b5dc-693a34897242,1,8,True,False
84bf8a7c-f162-4ee2-87fb-2fc8f68fb308,1,1,True,False
84c2e67b-dc04-4b48-98b9-027f7a6b3add,1,3,True,False
84c7db88-80de-4682-9fa2-309f29b308ab,1,2,True,False
84c8b34b-348d-4dbf-9707-3c41eb3172f8,1,1,True,False
84cf1597-5963-4998-9d00-ea506e5307c6,1,1,True,False
84dd6169-3584-4a89-adb5-2c12b7c99520,1,8,True,False
84e8ae05-dfd3-4f54-8f7a-736d2276d51a,1,8,True,False
84f1cea8-930b-4ca3-857e-19735e323da2,1,9,True,False
84f6db01-1a8a-4b28-bbc4-d9933281cf7e,1,1,True,False
84fb22f0-e159-49e3-af9d-e4870658ca82,1,11,True,False
84fba25e-f663-4e4c-b373-3089170b2601,1,1,True,False
84fe0c07-a82a-4298-bd7c-e7d48f173c00,1,7,True,False
85041271-4462-460d-a5f8-19da30eaa8e7,1,1,True,False
8505c00c-1816-4cde-afca-bec2f827cc16,1,7,True,False
850808ce-df27-4716-978e-13e768e457f4,1,4,True,False
850b3678-0e59-4fa7-acbd-69844d320987,1,11,True,False
850ca815-143b-4b50-8d55-d2326370017f,1,4,True,False
8515db96-4d07-4f69-806a-c37427b82d81,1,1,True,False
851b4c13-33c2-4994-95cc-099dcb95ff9e,1,6,True,False
8520180a-8b1a-413f-8865-60969b0810e0,1,10,True,False
85356769-9239-48d6-9c83-a918b7a8e66f,1,1,True,False
853ad197-e0e3-4b03-85b3-1729f1d72d31,1,6,True,False
853da3ef-c3ae-451e-91a3-8daa5abda55b,1,9,True,False
8549f9b4-f3dd-4551-a2f3-ade10528dc0d,1,4,True,False
854b05ee-f7ca-42a1-b24a-c85293494cf1,1,6,True,False
8558032d-7c1c-4fcc-84a1-0994915243e1,1,11,True,False
855d33d0-7b42-4d96-983d-901dc2e211c1,1,2,True,False
855e46f2-5f07-4d50-9568-efcf8585040d,1,9,True,False
85611646-b4cd-4a42-9abb-5f259a8ef08a,1,11,True,False
8561f338-aef3-432e-ae06-b705c8645be9,1,4,True,False
8597c2b6-b5bf-4392-8aa3-c4c5fbd16fed,1,5,True,False
85a826ae-dfbd-4dfc-ace3-6da73475daf4,1,1,True,False
85b246cd-5aa1-4e94-9aff-7f8e1d80b9b3,1,7,True,False
85b3f52e-1c10-4cce-8e9a-c29c943be99a,1,3,True,False
85e1f5c2-4394-42c1-a078-568cfdef1d69,1,1,True,False
85e206df-9efe-4247-9ae2-d071ded6fd8d,1,6,True,False
85e367a2-0f77-4ea9-90c4-8339e7389b66,1,8,True,False
85e3bc73-0ec2-45f3-a9e5-46e0be87d49e,1,9,True,False
85f07d8a-113b-44ca-8028-be6884c162d8,1,9,True,False
86070fb1-7c20-4bf3-bb7c-d3c4e229e017,1,3,True,False
861075c6-87c8-4d7e-afc6-3c199e805d20,1,11,True,False
8623500f-72ba-401a-8db9-9c7fa972d46f,1,4,True,False
862b31bd-3c4c-46ef-84bd-80469b67ca6c,1,7,True,False
8632fa19-3021-4143-b14b-f80a94b78a2f,1,2,True,False
8636280b-587a-4bb1-b25b-cbc1f75785ce,1,10,True,False
863b7cbe-2217-4f4d-a0ab-a446a7f69538,1,3,True,False
863c32ff-8a29-4297-85a0-809ad84b3306,1,11,True,False
864080da-c383-49e0-acad-53513fb5dcca,1,10,True,False
864565f0-660d-4255-adaf-ebcade139a6c,1,4,True,False
864681b8-faac-4b19-986e-ee905a4ec38d,1,6,True,False
86479b7a-a1e9-4fed-bcf7-875860e2425f,1,4,True,False
864c851a-9a1a-41ad-aafe-841c8df75060,1,10,True,False
865606ae-6c1a-45da-952b-fa26204869ca,1,8,True,False
8663c40a-a26e-4361-bd80-78b5475a1300,1,3,True,False
866af2a2-7592-4eba-8b8b-08893f9527a6,1,1,True,False
866b1436-82f9-4ae7-b290-597c2bb3a848,1,6,True,False
866fd320-02c7-4797-9f60-3248b87fe7a7,1,7,True,False
8674e8ab-8191-4079-a231-ea70b8e3d29e,1,11,True,False
86778b62-abc3-42aa-bf29-676b2a7cb984,1,2,True,False
8677e990-9045-45b8-88ab-5bdf966e4f5a,1,5,True,False
867beae8-46d2-420a-994b-3a4131266f8c,1,1,True,False
867e9b91-0333-4046-87a6-4f0fe635f02b,1,5,True,False
868c1bd7-d706-47cf-bd7a-5b1f60372d7c,1,3,True,False
869a68a2-df21-4508-8e20-d2f0d0bd740d,1,4,True,False
86a04176-d1c2-43a1-a902-498e7b40331f,1,8,True,False
86a6eb8c-fcc6-452e-9293-1986364437ab,1,6,True,False
86ae95a5-05d4-4a85-83e4-d7e458796e5b,1,5,True,False
86b1aaf5-1ee2-40be-9595-654440c3ebf6,1,1,True,False
86bb06a4-85e8-492c-87f4-aedd77d808d8,1,11,True,False
86c00343-0053-4fa4-8ef6-cac45f733e2c,1,4,True,False
86c01a5c-16e8-46fc-9af9-60ea451c9a66,1,7,True,False
86c1eccc-bada-450f-b4ec-038a0a23b982,1,1,True,False
86c940ec-0911-402d-baeb-0c78cadf3658,1,8,True,False
86c9e1f5-36c9-4efa-ba52-7690a3b6389c,1,8,True,False
86da2c0a-0a85-476f-b932-494fdaa7727d,1,2,True,False
86e9b7f2-b556-488c-85c8-24c9aa589314,1,4,True,False
86ed7378-e3a6-4091-99ec-3e7d91e6af6d,1,5,True,False
86ee5b53-45da-4688-82ab-e0c85c6682d9,1,11,True,False
86efded8-7165-4d98-ad54-1125aa7a9c69,1,2,True,False
86ff3003-f073-4d03-a497-ec756d1c7b22,1,10,True,False
87007e86-430b-498b-bb7e-8aaedc682526,1,3,True,False
8702eee3-118b-444c-b31a-acdb50a19a43,1,3,True,False
870c74b6-dcb8-467f-9118-9c21e0518345,1,5,True,False
870ec1f0-b4c8-420d-a7a5-2b4a478ca6dc,1,10,True,False
8713efe6-f805-44cd-b9ea-24e78d1f3f46,1,5,True,False
872d92ac-41b1-4c2b-a294-889a35a60cc3,1,10,True,False
8734d65f-3e33-4556-a8f4-5bae73fc87de,1,1,True,False
873c11d0-571e-44c3-8919-1b85d747479e,1,4,True,False
873c8bb9-9cc2-4291-af46-2b2b12bb7749,1,4,True,False
8741ed51-9d03-4ac3-bf84-eeae02f10939,1,3,True,False
87465604-b463-43bc-afac-6c724428451a,1,9,True,False
87675868-b7b6-4d12-abd8-46d39538c30b,1,4,True,False
876d8ffc-c9ef-4bc2-b7b4-341c0a33635c,1,2,True,False
87767ddb-1eaa-4e71-b662-78c2e8b031c6,1,11,True,False
8787ef80-67dd-4600-a287-3abe0e2ae75d,1,1,True,False
878b14a0-01eb-4f73-ac69-711fdb28fccf,1,3,True,False
878b81a4-49b5-4d1d-b0c4-d00678d803bc,1,7,True,False
878ec41e-ca74-4093-a298-771c88b94dbd,1,1,True,False
878f8dfa-4557-4144-a825-a20467b4dce9,1,7,True,False
87960f08-4cdc-414b-874a-c46420b7ae31,1,2,True,False
87964df1-53c9-4593-a1aa-f672e3be7ea0,1,5,True,False
87a0f397-eafc-494d-8aca-1c6110cc1c4a,1,7,True,False
87a37d4f-8b11-4f3b-bb6a-332e9d74af23,1,2,True,False
87ac9250-e3f9-40ee-b535-a11fcecb6b8b,1,10,True,False
87b0b832-3c05-4e55-9fc7-a4a631b4f285,1,2,True,False
87b79a10-598d-4ef2-a59f-0bee0f98abc0,1,5,True,False
87b817eb-93b2-4f0c-a746-f03a8f9dbd3f,1,10,True,False
87bcde61-3256-441f-b237-fff208f4cfd3,1,5,True,False
87bd775f-4721-4c91-b05c-5d3c6d67c512,1,8,True,False
87cb5ce6-4108-43f9-bac4-ccede62af2a5,1,1,True,False
87cc124e-7589-47de-a1aa-ebcd1042d73e,1,3,True,False
87d47643-435d-4749-b29a-3bc96e8bdbf0,1,5,True,False
87d88e84-80fc-4e45-a20d-7339632c971e,1,4,True,False
87df65bf-5a7c-4dc3-a300-ba77ce151e0d,1,1,True,False
87e48c1d-9959-4f6d-a26a-dd3d518d836d,1,2,True,False
87f66066-b823-43a9-b6d6-7a23941fb62e,1,5,True,False
87f903b6-e852-4863-8edb-2ae05a149d6d,1,2,True,False
88010fc6-ff29-4d06-81f7-1d5ab58bef3c,1,8,True,False
8812d7de-4133-4eb4-baae-c26e4ca5335d,1,1,True,False
881e8bca-f590-499b-99f5-5de2e0de2a07,1,9,True,False
881fa96b-2676-4a79-8374-745b8942c2f1,1,3,True,False
8833b875-54b6-4ff7-b31a-a91debb33c8a,1,5,True,False
883aa4c7-9b29-457b-8b71-9ef9ee935d05,1,10,True,False
883f682f-bb84-4340-b170-eb52260c6036,1,9,True,False
884097c1-238a-424a-8451-a4ca30375c80,1,1,True,False
88418cf3-9273-4950-8b13-c367a354db19,1,11,True,False
884f7212-b341-4c5c-b8ab-f3471daef696,1,7,True,False
8860f232-e863-4af5-aec4-42bd717ea263,1,11,True,False
8867e670-2733-4355-ad0a-be13ef67d2e3,1,5,True,False
886d2952-9fca-4268-aeff-3270a46d722f,1,8,True,False
887dbeb2-551e-4045-9341-e5764de8f3c8,1,4,True,False
888281e6-5e6a-4c26-97ce-149f585bbed9,1,4,True,False
88890443-a9d4-45be-a631-65ab66029165,1,9,True,False
888b609b-d1db-4081-af72-572a10e35de9,1,8,True,False
888cead2-921a-4572-b374-b9279aa46829,1,2,True,False
888f3488-5354-4190-a0b6-a9863f750c62,1,10,True,False
8898b09c-5b20-4e1d-990f-407f68ae1ca6,1,1,True,False
88ca9159-8296-486d-b748-83653366ea13,1,10,True,False
88d4eb5f-c78e-49a2-b814-533460d6c010,1,1,True,False
88db1855-1110-459c-88d6-4d4eaf17f460,1,8,True,False
88dc0c40-b473-4cfb-8733-2f9ebdd332ac,1,9,True,False
88de11ee-d19d-4997-82fa-d3e6d5595006,1,1,True,False
88e1db39-6335-4f0c-a686-e4a7926918a1,1,4,True,False
88e8fa80-c93d-4016-963e-340d75298b97,1,7,True,False
88f10d00-e5e7-45a5-9a16-68409964a11d,1,7,True,False
88f2956b-8521-422c-b408-7ff4a63823fb,1,1,True,False
88f387a0-45d1-4dc6-992b-0c7585c20aef,1,8,True,False
88f4b9d7-ccc6-4fd5-a374-067788bf448a,1,7,True,False
88f50cd1-a1fa-4b6a-a113-9edb6968044a,1,5,True,False
88f7668e-8e73-419f-94c8-00aaf5f8743a,1,9,True,False
88fa530a-1537-4e13-b952-377400bba481,1,3,True,False
88fb3195-1810-455a-9187-589c195852c9,1,7,True,False
891176b8-2e26-48ec-aecd-74b7933d36a3,1,7,True,False
891245bf-05cb-4ebb-bad5-cad4a9f535e2,1,5,True,False
891346b5-544a-4a3f-bacf-8d67ae7be635,1,1,True,False
89135c5c-7729-498a-81b2-8edad1381514,1,1,True,False
891afe7e-e762-4ec0-9558-7ebf4899d885,1,6,True,False
89234f23-9772-4194-b619-043207a2ac2c,1,2,True,False
8935a0db-dd80-4cab-b6d5-01f48c67f37c,1,6,True,False
89370849-cc5e-4c6e-ae41-386f40aad94e,1,10,True,False
893969fb-ba0d-4ff9-bc73-5c03e3a25fe3,1,10,True,False
8941980b-311a-4755-9463-a84f7219fb1b,1,8,True,False
8943311b-8663-47fd-85b3-9366c7cca413,1,5,True,False
89436726-fa06-4b89-98c2-f03fedda245a,1,8,True,False
8945d2d4-488a-45b7-91a7-804917fa6b06,1,5,True,False
89464d37-8a9a-4ee5-ac59-2b7ba6115341,1,4,True,False
894aa1bb-046c-4718-a0df-9d95e794610e,1,11,True,False
894b5e5a-7d38-4ea8-8ba0-a19eaa3405f4,1,11,True,False
89534740-632f-4fbb-bd6d-f50d47dd5567,1,9,True,False
895daeb8-77bb-4758-9db3-f4b959ae0a69,1,1,True,False
8966b7e8-aa7c-4711-ad37-2490c2b6b01b,1,6,True,False
89732702-1694-4615-9745-39092cf6f378,1,3,True,False
898032e5-79fc-43c4-865b-568043c307b2,1,3,True,False
898360b0-e239-4287-bc1f-60cdfc816049,1,1,True,False
89853ac2-8789-41d1-9d63-1444888bf9b7,1,11,True,False
8990d73f-5c83-4c7e-af66-f718d08b0471,1,9,True,False
8991f1d6-9ab8-490c-b2db-877bec7af0c8,1,1,True,False
89957887-8351-4428-b531-286b3959ec53,1,1,True,False
89a753cb-f8a9-42f5-8505-0a7c4742ad1f,1,10,True,False
89a9a248-3591-48fc-a05f-1ceedf216070,1,4,True,False
89b17c97-659e-47be-836a-25aea16339d2,1,6,True,False
89b7ac2d-e945-4b00-9a25-47c11b99c342,1,10,True,False
89bb6489-75c7-4799-b45c-b8445bc93cc3,1,11,True,False
89bf4688-9c57-47b8-b73e-861d92a41291,1,5,True,False
89bf4cf9-1e9a-4948-bae3-5fa9f9f6485e,1,6,True,False
89c05e1d-bc3e-4493-aa96-020bfdf67812,1,2,True,False
89c3737a-c276-4bbb-9481-7e29cfb17171,1,4,True,False
89d1b425-a3e7-4c21-ae97-2ac120e2149e,1,7,True,False
89d85597-f82e-41f8-9cc6-776868ba8317,1,5,True,False
89f48147-5db1-4e02-8377-94cfb48cf728,1,7,True,False
89fee07d-e674-4bb1-a29f-bb3876e4a128,1,11,True,False
8a07edc7-e153-4131-8951-da2423514c7e,1,4,True,False
8a0bcfcc-cbe0-4754-a714-9d819f6edd5b,1,1,True,False
8a1d2cd6-f23f-40e0-acec-a4ca7bc9984a,1,7,True,False
8a3ae683-b5bb-4321-b0cc-3a615b42f3ff,1,4,True,False
8a4d5ee8-83fa-4452-a939-6d0d9902a3d0,1,8,True,False
8a4eafea-84a7-4b03-b854-8a4a1064955c,1,4,True,False
8a55d1f2-643a-42da-9a95-5cd9785228ec,1,6,True,False
8a6ecc09-f60a-4e69-918a-346d6c950848,1,7,True,False
8a7f3d6d-d0eb-43d1-9206-46e015bf7cc0,1,7,True,False
8a83f3f9-c621-459c-9692-4d5783df2087,1,7,True,False
8a89f7e7-7dbc-412a-b076-0e8c0bfd733c,1,6,True,False
8a9e229e-b405-4db3-8226-928c03e5b983,1,4,True,False
8aa207b8-c13e-4a54-82db-4ffb23d6f23a,1,9,True,False
8aafbbd0-6bc5-4134-8ca8-bec02cc81f8b,1,4,True,False
8ab6b1a3-cf85-4bdc-a90d-a4373ac27a1e,1,4,True,False
8ac6fcd8-c17d-4b66-a96c-928b59cf18f4,1,8,True,False
8acbd645-eda6-4718-8aa1-f18aef7e0b47,1,8,True,False
8ad39f91-137c-4c08-85cb-6df15f9f1c89,1,11,True,False
8ad8f46e-4c0a-459c-8632-88c30f727b55,1,1,True,False
8ae6ac26-4839-416a-a9ba-736826c56640,1,9,True,False
8aee17d2-3811-4188-b408-ab4e2a93b8e4,1,4,True,False
8af29e0e-b7dd-4fa0-949c-45ba69386306,1,3,True,False
8af31e01-d960-4963-98c6-e31d616f0127,1,2,True,False
8b010388-f69f-4759-960f-7a406dfbd20d,1,5,True,False
8b056fc6-b7d2-49d8-8a89-e2b5887e421f,1,10,True,False
8b12a7ba-f72a-47aa-a6f7-e10c8751e97e,1,11,True,False
8b1d4716-2131-440f-b9df-851911d0a920,1,2,True,False
8b2330d9-79c6-4749-a4f5-b0f0fe72191a,1,4,True,False
8b263420-b787-436b-9e9b-18eb2c693d98,1,3,True,False
8b329ddb-4ece-47ff-9b56-d711b4cafc32,1,8,True,False
8b4b8781-e003-479c-8d5a-27f05fb429ac,1,2,True,False
8b549a6b-c33c-4bb6-979a-6913cbd55860,1,8,True,False
8b576813-092f-4dc6-8a94-60acff860ed2,1,7,True,False
8b5e65b8-e22d-4011-8cde-b8d9776d54e6,1,9,True,False
8b6b80a0-cf92-43f3-8fd1-7767a8178940,1,9,True,False
8b74bd32-5552-4fa4-81a8-56efacb8d3f3,1,1,True,False
8b78ba8e-7129-4196-9958-6c5220ade939,1,5,True,False
8b8e0acd-1405-40af-bc7f-892ab586ba3c,1,9,True,False
8b8e553c-59c2-4239-871d-275b7ed031a5,1,4,True,False
8b91f271-c972-4300-96b1-881d065f61d7,1,7,True,False
8b97b522-b2d8-4311-a5c2-660cfbba4044,1,3,True,False
8b9de182-7827-49a9-8925-91a233c4b7e9,1,3,True,False
8ba70d39-6362-4286-afe1-06fce1ee5d6a,1,5,True,False
8bb54a90-bf16-4d93-bb8d-0169c786a6e9,1,7,True,False
8bccf07f-eb0b-4fd1-9a8f-f37856dc1a58,1,10,True,False
8bcd5e4a-0c7e-44e9-92d7-bfce594a29c5,1,8,True,False
8bcf2761-d8ab-4ce9-8ab7-a295a7a3a978,1,5,True,False
8be0686d-7dda-4c06-840d-1b458de61d1c,1,8,True,False
8be569f0-8e33-436d-9cdd-dff3a2607c78,1,8,True,False
8be88760-b721-4bd5-a8d6-02d2e79736cf,1,9,True,False
8bec4655-fd86-4d17-9237-8a153d649f20,1,5,True,False
8bf53f2b-8e06-4b96-9697-cfb27a16c7a3,1,5,True,False
8bf7c84d-f4d1-463d-908d-3165f19b0e51,1,5,True,False
8c09b2e4-cf2d-4fa7-b8a7-2639929c942a,1,4,True,False
8c0c4607-b69e-45af-a24a-692db96cd09c,1,11,True,False
8c109202-08df-4c7d-8205-8b922dc26511,1,1,True,False
8c185960-95a9-4517-919f-2ef1b7bf09b4,1,10,True,False
8c198c0b-5067-4de1-a358-b1e40e0f8bc3,1,7,True,False
8c1d6227-4693-4e20-8c6a-418a6edb7116,1,5,True,False
8c1dbb06-4db7-4c62-95f4-d04b93af47b3,1,9,True,False
8c1e1876-8684-4087-a6b1-c242b6c00817,1,4,True,False
8c2c3f4b-5431-4e99-bbb9-141f1901327c,1,3,True,False
8c31663e-f856-41c2-bd09-bac26638d4e9,1,3,True,False
8c3fa5e0-2da7-4f41-879a-865dcae946f5,1,4,True,False
8c4f54a9-0c1c-49b7-85c2-ebe48f7ff731,1,1,True,False
8c59c290-ba5f-461b-9d6e-8dde52af90c6,1,1,True,False
8c5a15b9-1300-40a3-a884-0f045a86260a,1,7,True,False
8c6fb8ad-a170-4ef8-b94b-4434354d8a6c,1,3,True,False
8c6fe217-cc1c-4364-9bc9-b0c1fb8dda70,1,3,True,False
8c779438-fb0f-45c9-8106-5e8d7e15ee5f,1,7,True,False
8c835721-4181-4960-93d3-d073779cd637,1,9,True,False
8c8f9b18-4f7f-4d40-8d0d-172a18547251,1,11,True,False
8c966e7c-8f1f-4294-a759-d35f4cb49bc2,1,8,True,False
8c9af442-0a4f-4d44-af4d-5bb6064a4344,1,5,True,False
8c9afd31-212e-4593-aaf2-2f87bdf2f026,1,6,True,False
8c9eaea8-e7d0-40f0-92f1-734d001a6ad7,1,11,True,False
8ca77ad8-855b-406d-9faf-babec3049271,1,6,True,False
8cbb1597-1730-4cf7-813c-ba2e60d1a7e7,1,8,True,False
8cc4d9d9-75b5-4193-b8b8-e9e09c757946,1,9,True,False
8cccec92-c4be-407d-a237-0e8e996a600d,1,7,True,False
8cd1824f-48ec-4867-8615-71efa54a9dd6,1,5,True,False
8cd1acbc-d362-4bad-9ab9-2dc527c9c2d2,1,1,True,False
8cd42b86-7672-4a0b-b14d-9237d73194e7,1,4,True,False
8cda14f0-fd93-40f1-bccc-0306e49536ea,1,11,True,False
8cdeb460-aef0-45c8-9c38-2a5a204a1ded,1,11,True,False
8ce23ecb-46b2-4e20-8835-7bdde08ebde8,1,1,True,False
8cf6833b-de23-418a-9009-a44d4acea208,1,11,True,False
8cfb2e95-72ed-4ae3-9b93-f557512ae7bf,1,4,True,False
8d05266c-1d58-40b6-9b02-df4173ef6a2d,1,10,True,False
8d1044c3-01f2-4290-9062-08edd347918f,1,1,True,False
8d115e60-c389-4fba-a912-5ab2a4f995f3,1,5,True,False
8d21797c-87b5-4e92-9132-b652228bd0a1,1,6,True,False
8d23c351-d6ae-452d-bbb5-33bdaca87de1,1,4,True,False
8d302839-f58f-416c-8cf0-401e7bf0f3c2,1,1,True,False
8d30d32c-cc4c-4b8c-9eab-0e0152bd0168,1,5,True,False
8d3bf66e-20c0-4abe-86d1-5ca7a9619637,1,7,True,False
8d400554-230f-4c32-b262-d0777fb9c9be,1,6,True,False
8d48cf20-102d-45f7-b244-c1b8996db6ce,1,9,True,False
8d48e69c-1f9e-4f74-aee0-6c2d86f67cc2,1,10,True,False
8d4d1754-d880-4a53-9f36-3c82a044cec3,1,9,True,False
8d51fce9-4afa-4996-9d3f-a7ebd5f08ba6,1,5,True,False
8d580f4b-81bf-4aec-9778-033c4c5b5535,1,3,True,False
8d583fb5-f794-4bc7-8576-8967198b48b2,1,1,True,False
8d5a434d-45ee-4ffa-9efa-6ac6af678d56,1,9,True,False
8d649b1c-269b-47d0-b7ec-1ddb94e85cee,1,9,True,False
8d688a8a-bb1e-4bb6-a202-ba486bfa06e3,1,2,True,False
8d68bfcf-cdbb-4d0d-bf6a-f81b9fb4e878,1,3,True,False
8d720bb6-60c3-4227-9550-3204417a2db2,1,11,True,False
8d84dd32-b2f1-49c8-9f80-34bbf7d7b9d7,1,2,True,False
8d89e950-d417-4ce4-9c52-70375542620b,1,9,True,False
8d9229a9-743c-4603-9a6b-44b8bf54d889,1,6,True,False
8d978790-7c0d-49a9-8d94-6cff9d1abd51,1,1,True,False
8d9f2d0b-6bc4-4886-9990-f82f08b61b5a,1,1,True,False
8d9ffeea-f309-4f59-abdf-31717bd91343,1,9,True,False
8da1fded-047a-40d8-894c-832553b9f787,1,2,True,False
8da2e903-51ae-4a0c-8d91-780b6fa5096d,1,10,True,False
8da984df-ad3e-4ec4-8c1b-6a0f919f4bd8,1,10,True,False
8db4ca20-d0a3-421c-a856-5393da8c609e,1,7,True,False
8db579dd-8ec1-422c-9087-edcf58ca4cf7,1,10,True,False
8db5e197-f6c4-4567-b2f5-68b8ba19ac72,1,4,True,False
8db8e227-9fa2-4c9a-ad20-d86fbdbfe9d1,1,10,True,False
8dba1bbc-1301-40c9-aacd-c027aa2b1b93,1,9,True,False
8dc2fdef-523d-4b6d-82b4-0b5c235447dc,1,8,True,False
8dc8cb24-15a8-403c-bca1-c83e21aa9586,1,8,True,False
8dce39f0-465d-4eee-be59-d39776266bec,1,6,True,False
8dd301f1-ebca-4597-be3d-b68dc81b70bc,1,11,True,False
8de732ab-135d-4970-8316-db18a366ad1f,1,3,True,False
8de97f9a-be62-4955-bf17-368a4a7b46e8,1,11,True,False
8df7d065-8005-42bb-ae70-6696d15bd895,1,6,True,False
8dfc13d2-9292-44e9-b053-327faf5ccca3,1,5,True,False
8e10e5fe-13cf-425f-a69f-8669062fb05d,1,11,True,False
8e1d5692-a2a1-4d1d-8b2e-7f2dba80e1fc,1,6,True,False
8e23ebd2-9dfe-4dfd-a1ef-a7e3d0dc35f1,1,10,True,False
8e27a178-8697-46ef-9072-10da36c96193,1,6,True,False
8e30921f-f7f9-4227-b6ff-e1256f1e1850,1,1,True,False
8e3628b8-c272-4c15-be98-0604285ea5cc,1,5,True,False
8e417a7a-09c4-40d6-9aee-fd955f89c84c,1,11,True,False
8e4181e2-64f0-4aea-b5c2-ea54373f765d,1,7,True,False
8e429b19-79f6-4f11-b5f6-75fd1e3f3a4d,1,1,True,False
8e47a857-01dd-4595-968f-81b6d7b99888,1,4,True,False
8e47ad58-b8f4-47ec-82cd-23e2792e7cf5,1,6,True,False
8e4a640b-e581-49d5-b75a-0d9c6440a1d8,1,7,True,False
8e56dec0-920e-4b5b-8d7a-ee13e5bbd866,1,8,True,False
8e5997ab-3232-4861-a2ea-858282c8408e,1,3,True,False
8e5a910a-1a83-4f88-8f19-1661ed66794b,1,3,True,False
8e5b5a4f-b8eb-4e3e-9572-8504b0dfce31,1,6,True,False
8e652a5a-56b1-4a3e-97b4-3ab17073f944,1,9,True,False
8e6de9b8-c322-41eb-8faf-a2fbaa894813,1,8,True,False
8e6f789a-476c-4d26-82c3-a3877a0280f1,1,3,True,False
8e7561f0-a24d-4269-af6e-240239370c9f,1,7,True,False
8e7cd869-32c8-428c-b0cb-0e243867a10a,1,7,True,False
8e852790-afa1-473e-9490-4db1bdde4076,1,2,True,False
8e8bec27-cbf4-402e-8d16-6c74b8ef7749,1,2,True,False
8e9c0ee5-b739-429e-bd2d-6e23611a3847,1,2,True,False
8ea30ded-92dd-4841-9d20-25a9dac59446,1,5,True,False
8eaa45c3-2d32-4c17-b750-46dadfa8fc25,1,3,True,False
8eb0f38f-3a7a-42e9-8674-7191060872dc,1,2,True,False
8eb23c13-c9e3-4480-899b-945fd89f55e1,1,8,True,False
8eb32bc0-3205-4a7a-a386-de257b290a2e,1,5,True,False
8eb9ffca-b4b8-4a56-9f8a-f87bff37e811,1,6,True,False
8ebb10fa-932d-4319-8ff9-3e3d577f2323,1,10,True,False
8ebb5f62-6f9a-445c-be76-79f6c8d3e52c,1,6,True,False
8ed229e6-572e-427e-91b2-50f56495733d,1,7,True,False
8ed2e64b-da72-4f63-8b26-2c22ec448104,1,3,True,False
8edb26f8-9c90-4ff4-b251-41016cad3924,1,5,True,False
8ee257e9-2354-40b7-bb79-aa4b72c51485,1,6,True,False
8f0307eb-df71-4b4d-8afb-a160e43e2a4f,1,2,True,False
8f05d9cf-7f5a-4ebd-9a6c-60cc2b26e3dd,1,8,True,False
8f09463d-5388-4073-ad57-e4f42e33c705,1,7,True,False
8f0dcfeb-9207-4698-b2c0-7e034c77bb3b,1,4,True,False
8f0e33d7-8b74-4abf-bf16-4e1f9afeddbc,1,8,True,False
8f15d353-544c-4cf9-af00-542487e3007c,1,4,True,False
8f168736-73e9-4380-b82b-c2a308ff1af9,1,4,True,False
8f2993eb-b8d0-4dd3-892a-452b683aa683,1,2,True,False
8f2aefda-27df-42e8-9fde-539a419cd461,1,4,True,False
8f35eecf-eca6-407f-9a18-4657995e9901,1,5,True,False
8f3783d6-a85e-4a4b-be72-1cf512e3ba61,1,7,True,False
8f439771-d9f0-4faf-bdab-c3602477c7a7,1,5,True,False
8f453967-b177-4049-82d4-5313ebc77310,1,6,True,False
8f45ebb4-1eea-4387-ae09-6f4125168815,1,2,True,False
8f4d2f28-262b-4645-b80d-2cf324dce220,1,4,True,False
8f54302b-a737-4a84-9f6b-9f38e118277c,1,2,True,False
8f572760-ad81-4575-95e7-394d49b82d15,1,6,True,False
8f5ab9e7-ce06-41aa-8df7-0f6211b9db8d,1,7,True,False
8f5ae1ed-49d8-4859-b16e-534a450c5cf2,1,5,True,False
8f5b301b-4281-4293-9d2e-ca7955da6f38,1,9,True,False
8f600b14-bceb-4507-8e1f-74efcf08fc13,1,6,True,False
8f781cd1-4751-428f-acdb-c5ffc81a5461,1,5,True,False
8f7824d1-14ee-4c46-badb-76fff797582b,1,10,True,False
8f795925-6217-4a59-8044-787eba5ff5ad,1,1,True,False
8f8cd082-82dc-4251-9740-9246eeab14d8,1,1,True,False
8f91b351-62a9-4f2f-828d-3a0d6cb88a23,1,3,True,False
8f9201b2-cc84-4fd9-ac19-e0f19f901bc0,1,9,True,False
8f9706aa-e576-4c7f-b869-f6b1d3800076,1,2,True,False
8f9b397e-ef51-4ce0-a637-f1813f7a90f4,1,10,True,False
8fa9a2c7-c157-4c99-ab82-e48fc4ec02cc,1,1,True,False
8fb8c5a5-c1dc-4bd9-8663-babcb015401c,1,8,True,False
8fbe985c-9e79-4827-acfc-3d9130040fc1,1,2,True,False
8fccdc9f-0409-4e95-afff-68ab1f572a14,1,11,True,False
8fddc578-9aa0-4dc4-be14-fe84ef499457,1,1,True,False
8fea1365-1256-4aa2-8141-40ccd400bae6,1,5,True,False
8ff6c152-18b7-4011-84c6-7113c784cf52,1,4,True,False
8ff9ba42-9581-4096-815f-73d35dabf20f,1,3,True,False
90114fcd-80a1-46c0-87b7-745ce280972f,1,1,True,False
90174680-3948-4fe2-8eb0-dd2ba2c826fe,1,1,True,False
9026fd2a-ff77-410c-b160-b17d925c2445,1,11,True,False
902c04a5-8dff-46dc-9979-a6ac1759420b,1,9,True,False
90300c97-dca6-4ad0-8dca-9946beb73c89,1,4,True,False
9048cd95-c895-4dec-863e-ffe2abd89fa9,1,3,True,False
9049a685-e122-44f5-b076-c891113dde03,1,5,True,False
9049b8a7-1662-4633-a016-b325435c3f08,1,11,True,False
904ce1be-3fa4-450c-989f-2eba98c4ad35,1,11,True,False
9052255c-4b17-461b-80da-ca392e94b46e,1,5,True,False
9063b27c-6842-4141-939f-761808ba9c92,1,10,True,False
9065f96b-0ff8-4f99-8115-1253dd8b26f1,1,2,True,False
907049e8-3c99-4561-96dc-3c6caad221c1,1,2,True,False
9077e6c4-e260-4651-8878-5625e6dfa2fc,1,8,True,False
90785e6d-3536-4234-82fc-3888c32eca54,1,4,True,False
9082d27a-b169-438e-a29a-d52d34eb5d91,1,8,True,False
90983762-fdd0-47ea-b27d-65c16d9a6724,1,1,True,False
909e513f-7e21-4319-a029-fa26690a33d0,1,8,True,False
90a3864c-2642-4242-b260-e4a2355ed727,1,5,True,False
90a86016-f65c-40e7-bb89-aae817677dad,1,9,True,False
90ac1c4e-1e98-4b4b-b26e-68cff00e0baa,1,2,True,False
90c00c9d-d51c-4728-8c4f-78c35af8d0e8,1,7,True,False
90c6cae5-a70e-4a13-84a0-1502e17a27d9,1,6,True,False
90d8f34e-343c-439e-8452-9e45088603bf,1,3,True,False
90d97987-7d25-4f2d-a351-37af12c0b4c2,1,2,True,False
90e00c13-9c90-414a-a707-6be3906fc15e,1,9,True,False
90e780fe-1a65-412c-81da-2c93222e6b19,1,2,True,False
90e8bb49-a9fd-445a-91fb-0b776e4be63c,1,11,True,False
90ea4aa0-5f2b-40d1-b471-17f728e8370e,1,7,True,False
90ecc143-c8d0-45d3-8c40-bf1aaf579220,1,11,True,False
90efcc04-2f39-48f8-b800-6b974edc4031,1,4,True,False
90f6ee04-8d62-42c1-baf1-1e6003131945,1,2,True,False
90f9f398-8203-48c3-b821-2b182c9dc049,1,10,True,False
90fd2924-602e-476e-8c12-f588fa47ad38,1,7,True,False
9102ff29-3a7d-4a51-a4ee-71138c389827,1,5,True,False
910a3114-ae32-4c8f-b073-4e4b8f385c20,1,5,True,False
910efc13-875a-4fd3-899a-f6d704c58a8f,1,2,True,False
91209808-1e07-4ebe-aa30-52f54ca3b679,1,2,True,False
91295e5b-34fc-433a-a253-caa23a57a81f,1,11,True,False
912e2046-b452-4c31-8311-7ad8c228cce0,1,7,True,False
9137fcec-3153-47a9-a2b3-a01214473308,1,1,True,False
913b990b-1776-489f-8b7d-68641b4eb48c,1,11,True,False
9140c354-79c9-4865-838e-c33c57c924ea,1,9,True,False
91441226-296e-4e2e-8a00-ac1614d43382,1,11,True,False
9144ae05-cba1-4d0c-a046-5c4ecd71529c,1,6,True,False
9151efe1-6721-4c79-93f4-8abd6f58256b,1,9,True,False
915665ab-dc3b-44aa-ac0b-2ea26dfd4f65,1,7,True,False
915bc400-ac28-4c83-aaea-3e8a9d316e45,1,7,True,False
9163512c-2d34-486d-a8f8-06c71d01863f,1,6,True,False
9163cdc5-564a-484a-a7d6-85683217cc5c,1,10,True,False
916e102e-c8e6-49ef-883d-c6198a113f39,1,9,True,False
91704528-2ee2-4d60-ba4a-327daca02dc6,1,1,True,False
917d01c7-65d9-464d-b5cb-37d4168511fe,1,1,True,False
918ea3d7-d41d-4bb9-91d7-34c174a1b3b2,1,8,True,False
9191ea2f-9d14-4126-998e-5e9250bf4e03,1,8,True,False
91932a3c-6a47-4ae5-84e2-565bb7a4380d,1,4,True,False
9195dc99-8865-4a1b-baa7-3e18abec578a,1,10,True,False
91a3764d-1298-4975-b8c9-01a1862fb82c,1,9,True,False
91a4cf82-6da2-41ea-ad4f-e1e22c4edd63,1,2,True,False
91b734c4-657d-49fb-bb63-272acbd96405,1,10,True,False
91ce796c-1973-49c0-9c81-43f810668e1f,1,9,True,False
91d1e63c-9e79-4d5a-b532-1e5e29ae3320,1,9,True,False
91d2cd23-8489-4758-902a-18cee8976e0a,1,6,True,False
91e1e9c5-95b8-4346-939e-36a29e90ab59,1,2,True,False
91ecd189-20fa-49c4-a770-4dcf7c3547a8,1,5,True,False
92007cbb-a6a9-4715-a45d-0be331721d4b,1,8,True,False
920d20eb-46fd-4d97-afcb-7db7a6f3b7ae,1,7,True,False
921bdeca-7f56-4b1f-b86b-605cb0153605,1,2,True,False
921ee2ba-bc76-4c63-a79b-c6c1f2403d76,1,2,True,False
92257962-ee72-4b68-9f83-600db964c971,1,7,True,False
922ea17e-f2fb-4c49-919d-096c4493fc6b,1,8,True,False
9237b219-2554-49ab-a412-e9477c653af0,1,5,True,False
923d589a-2b02-481e-9910-0112105ed0bc,1,11,True,False
923ee764-db69-4e45-99b7-dbec08ea9ab9,1,2,True,False
925e28fd-d9ec-4eb6-a89d-80886b7fe19d,1,1,True,False
926155bc-b89f-4a34-939f-b82a16f05875,1,11,True,False
9270cb52-7a14-4416-be5b-9032c7317b94,1,1,True,False
92722706-146c-4d0c-9b75-edf56a871ac9,1,6,True,False
92844c05-9a97-49c9-858e-125da341b614,1,11,True,False
928b80b1-cc96-42ad-937a-f0bec60f9249,1,8,True,False
928c836b-da8a-4aac-847c-f542e876802e,1,8,True,False
92a0cd2c-392d-4741-896f-01be90fabdbf,1,4,True,False
92a3c0ce-4858-4185-81f6-fa5ba17ef291,1,3,True,False
92ab16a5-2fd2-4b5c-94b5-251ef3cc9ac9,1,7,True,False
92be468d-4102-4b4d-bc09-ee37c0e9ac36,1,2,True,False
92cecac9-0713-4a1c-a958-b98699e13068,1,1,True,False
92e099e1-ced8-47bf-b53e-308c9da6e796,1,3,True,False
92e96f0c-1dab-436c-8960-c23c62806ae3,1,1,True,False
92f3367a-636f-4fa8-bc82-f5a4a34920df,1,1,True,False
92f496c7-da1e-4afa-a58b-4d01566f0bf1,1,7,True,False
92ff4526-41b8-470b-a2cc-502fbdf4d82c,1,10,True,False
93022758-77a4-4e91-b493-efe8a166dc4c,1,10,True,False
9304962e-8684-42aa-aba6-aab43f78bab5,1,8,True,False
93092385-2b1b-4f7a-ad5f-2de74d382fda,1,6,True,False
93112e0d-dde5-461b-9fc4-1f346220bcc2,1,7,True,False
931312d9-1a2d-4d2e-a118-e3aeb455ecab,1,7,True,False
9316c40c-1a28-4012-8d9a-3b168f3340c5,1,4,True,False
93207194-dd8c-4d0c-8392-af105d2d8835,1,5,True,False
9321ce29-7436-4c94-9fb3-13b4b1935d90,1,2,True,False
9331e1b6-14c6-4cf9-8e46-092bd6096fae,1,3,True,False
9335b368-b2b5-41a5-8038-f678e924d7ff,1,10,True,False
9359c1ca-0513-4f2a-831d-4b38ec5e5484,1,3,True,False
937d384c-72f1-47d8-9274-b212e7eeb5ad,1,10,True,False
9388802f-bfea-4ae3-be44-5d9382c2bc6b,1,10,True,False
938defb2-931f-477e-a9ca-3fc77b9fda3c,1,6,True,False
93902129-5f9b-4dff-8cd9-5749608ae1aa,1,7,True,False
93959ba2-aa10-4f6c-bf82-35c88c2400cd,1,8,True,False
939bcd1a-a344-4eaf-b85a-0bb2eba1a753,1,5,True,False
93a20277-0bf1-4eda-a83e-4e491407800e,1,2,True,False
93a23d31-a506-4df6-8d86-0b21fdfbb585,1,6,True,False
93a31bcc-d4fe-490c-bb87-1ae93fc908a7,1,8,True,False
93bd0d13-d317-4cdd-aba2-dff08e322d73,1,9,True,False
93cb56e0-446c-49a3-a4b1-2ff55e7baf6d,1,9,True,False
93d63fb7-6db9-4854-82ad-0abb730f34c8,1,10,True,False
93e97ae6-bd1d-4b0c-ac22-c75a32726094,1,6,True,False
93ed38e1-daa5-45e2-b070-4b39619cb65c,1,8,True,False
93efd7cc-228d-4c54-b35f-93a40ba37ccd,1,10,True,False
9409eb32-8228-4a71-84e8-9e968e27ffd1,1,3,True,False
9412aa49-9171-463a-8daf-9861f66ddf68,1,2,True,False
941af0f9-020f-4db7-ad02-0cd55e1f2aed,1,6,True,False
941bc1db-9a8f-49e6-9313-db36cc08e5e0,1,9,True,False
94238017-5150-448c-8146-56720e7277b6,1,4,True,False
94349344-5315-4906-b78d-b5cc429b8107,1,1,True,False
946822ab-f4e4-4eba-b60e-25934b9a5256,1,3,True,False
946febd6-bf37-4ac2-b697-5639514df8d3,1,6,True,False
9470c253-5886-4e60-9e17-62061c029a21,1,1,True,False
9473bd50-042a-41ce-9075-4e220d5b2b4d,1,10,True,False
9484925e-c2e2-45be-9b43-55f043396ce7,1,2,True,False
94970cf1-1f22-46c6-9ae2-1d528df630ed,1,4,True,False
949be480-4034-424b-9eec-8922500c670e,1,2,True,False
94b07a79-ce9f-462b-b7c1-d81efe0b0607,1,7,True,False
94b5470f-72fe-48f6-bc3e-56b2d2c6c71f,1,7,True,False
94b72921-af1d-4f40-bb47-3b845fda047b,1,6,True,False
94c46af8-7e8c-4b44-aaba-6a5d72ae1b92,1,2,True,False
94c64cb4-5063-46da-846d-755179f40f2a,1,9,True,False
94dcbd76-5d27-438b-8f41-e45335788253,1,1,True,False
94e451d7-f961-4d43-a6fe-457a299b61a1,1,3,True,False
94e6aad4-b457-4dec-be4d-778a2b17cc3e,1,7,True,False
94e78503-debf-4f37-9a90-0b7897659640,1,8,True,False
94ea7a24-6c43-4c5c-9cce-eb9da14f2002,1,4,True,False
94ef9ed4-9b2c-417e-a156-832ff7e55ba2,1,10,True,False
94f3504c-aa47-481f-889a-17e25bfc70f5,1,1,True,False
94f4d93d-c7d8-4406-89a2-300e4ed9ab5b,1,7,True,False
94f60fed-20b5-44f0-ba44-f5f1e706583a,1,5,True,False
950570fb-b725-43b2-b71d-0bace5a0703f,1,5,True,False
950eb3a2-2fdb-4180-b961-5ab6c53b09c0,1,5,True,False
95120be0-131f-465f-be2f-0d32b8fbf121,1,5,True,False
951dfbbd-b0f9-41eb-984b-e2092b64058c,1,5,True,False
95286f3c-8eb0-4c0a-b8e6-a9a613d03e8f,1,9,True,False
952f7f8a-a243-41d0-b876-fd02994b8866,1,1,True,False
953b820e-39b9-4a6d-97d6-8ffd67f1eaad,1,8,True,False
953beb4f-202b-4bd4-989a-a968915a2e2f,1,9,True,False
9541e866-012d-4c94-bd3f-d675a6dab5c5,1,6,True,False
95433f7c-b1b2-4d6f-af28-d3a3f8282981,1,10,True,False
9543662c-5a97-48bb-8f20-dbd2ca70dfdc,1,9,True,False
95471dc2-8266-45a4-b91b-25b7e63a2d77,1,8,True,False
955c6ed0-95e3-408d-a3d2-6af26800238c,1,3,True,False
9561cb09-96c0-4ac9-a490-45abe530bc09,1,11,True,False
95690dfc-0776-4ef4-b210-5262d46f5236,1,2,True,False
956aa004-2e55-4822-95bc-3c9067d55999,1,8,True,False
956d8cfe-3ead-4fa7-a332-821f9398118a,1,5,True,False
956e8dfd-4fd6-47a9-84fd-950a080a4569,1,5,True,False
9584cdc8-056d-4c8a-8ce9-09e3b742fb13,1,4,True,False
958db0cf-0a58-4637-a932-2eb42a62e16d,1,11,True,False
95aaa809-c536-4ffb-888c-4c388ca1244e,1,6,True,False
95b1858d-9448-4e57-bcef-ff660eb0023d,1,11,True,False
95b5145e-897d-4892-a08d-4f5874d6678b,1,2,True,False
95b9cbaa-f9c4-4558-9169-8fc74cd33a9e,1,4,True,False
95bc862b-efa3-4320-9879-80ca9813b08f,1,5,True,False
95c60e61-0293-4d49-9041-33274bc45a07,1,10,True,False
95c6bf3d-731c-43c2-b71a-94c3e90172c5,1,3,True,False
95d21f08-6cba-4859-bb67-3e5145002ec6,1,7,True,False
95d720ff-b6a7-4536-a43d-40e53da21a76,1,11,True,False
95e2f81b-7ccc-47c1-a8f9-7c6b40d26192,1,5,True,False
95e52cde-bff9-4944-8168-7c762dd1d288,1,4,True,False
95e8159f-816d-43dd-939b-639f5b6f65a2,1,6,True,False
9604f6cf-1dd5-4fd4-aa35-8cb0403b2a72,1,7,True,False
960791ef-f5cd-4520-be9f-f54826bec5e3,1,2,True,False
960babcf-faf4-42b7-a4a4-4d8f8fcd27de,1,8,True,False
96118441-b0ce-4c3f-ad74-c3585d93518c,1,8,True,False
9611ab65-11ce-4cc7-b9f6-946648369f6f,1,9,True,False
96196476-9195-4822-b7f9-d20cc51de13e,1,5,True,False
961b9a23-027f-4b07-898d-57c8f3003419,1,2,True,False
96261e52-9168-4c2f-b97f-5a4b70ced039,1,2,True,False
963349db-da56-4876-b93b-f98a940c91a5,1,5,True,False
96345efa-c164-43d1-811b-913ff2919b9d,1,3,True,False
96515944-da30-44cc-ab5d-1ac08d126e9c,1,2,True,False
96614b13-6c6c-4691-b80d-925d4a17d7b1,1,9,True,False
9662c9e0-930e-4a70-a627-07779f319705,1,1,True,False
966ee82a-61f8-4ecb-ad9c-0ec3aac3e339,1,11,True,False
967045d7-2a7e-4115-b8bc-ee4ea8d15135,1,3,True,False
9673f583-c70c-4d44-8679-ddabfa8c6a7d,1,2,True,False
967aaa2c-9227-4920-8e7d-4095a39b9ed7,1,10,True,False
96861ab7-0272-4c44-bf1c-71e42c7a8f2b,1,6,True,False
969c9b09-4d59-4430-8d17-775cadf7b8ed,1,6,True,False
96a50c18-18f5-4a00-8a08-79d63f1ba8ef,1,5,True,False
96afe7f6-a849-4532-9a79-e20a9b1fa838,1,1,True,False
96b9cd28-9da0-43ed-a98f-a1f9269a6960,1,8,True,False
96d02159-239c-4787-a057-1852f01055c2,1,6,True,False
96d15986-9fb9-4c93-a838-6cd1adf860a6,1,10,True,False
96dee047-42d7-49bf-93ff-d580cf970790,1,4,True,False
96f6966d-58ce-4a92-9ed2-6bada6981780,1,1,True,False
96f9f940-7143-4ca5-88af-03476af04568,1,9,True,False
96fe7e6e-5951-4f6e-8bfc-a876d3b46e83,1,5,True,False
970966ed-b4d4-4eef-9099-bf033ccca51c,1,1,True,False
9714bb20-a854-45d9-8640-573d95e35c0a,1,10,True,False
971565aa-e903-473a-96cd-bb3ffd6e5841,1,11,True,False
971cc9ba-f5f8-471b-aadb-1cbdab570533,1,2,True,False
971eab1b-198d-4920-b52e-619cda49caec,1,3,True,False
9720911c-954d-4309-b6ce-ae58b00c42c8,1,5,True,False
972adfc2-9c72-4fc8-9ae6-e9f05996fec0,1,9,True,False
972ae3a2-5093-43b3-b93b-bf2ff3a8c3ce,1,2,True,False
972ece9a-3cb6-4bf2-82b6-7b55ea71e689,1,5,True,False
97364418-0cbf-4462-ae68-a2a42db09ec4,1,1,True,False
973b8cbc-45b8-4660-8880-9a074e8f349a,1,5,True,False
9759cc1a-bbe8-48c7-a4d5-7db1d543f467,1,9,True,False
975b4f04-4bbd-4f95-b169-954568037894,1,11,True,False
975e657c-6fa0-4555-acdf-d39808a6ea83,1,4,True,False
9760d483-01ab-4c3e-9741-992fefa1f996,1,9,True,False
976e1f4c-6903-4706-8ebc-daa2874a971b,1,2,True,False
97772791-557c-4b8f-b9ab-d6cc80d42be7,1,4,True,False
977b4389-f2fd-4f34-b64a-0aecab6b832a,1,10,True,False
97afd6a0-f8c9-44d5-87d4-f9ad4de65f58,1,3,True,False
97bc6c3a-c0a5-4175-ac94-8afbe763154f,1,4,True,False
97c4619a-0a2b-4f26-aa57-d5ccd780bd79,1,1,True,False
97c9cd64-ac03-42f1-8ba3-d836522bf188,1,2,True,False
97d05d52-be67-4020-83bb-c4827975c3a8,1,1,True,False
97e8280d-04dd-45cc-9194-75a103a1ef04,1,5,True,False
97e87859-e1d6-4b1d-acae-d13626904a2b,1,3,True,False
97e88dd4-3b04-4300-b1ca-4c1fba480a9c,1,6,True,False
97f1c680-8727-42e6-9b83-2387121c3d9f,1,10,True,False
97f5b4fe-0901-4159-9e28-063ecca63a17,1,10,True,False
97fc9307-939b-4d3c-9e52-fb3aeb7b5403,1,5,True,False
9802e177-60a9-4e57-ab16-ae8cd47ff29d,1,4,True,False
980579e9-8bac-46ab-8c1c-0caaa9330ce4,1,11,True,False
980b95e1-82da-44d0-a719-d4e74280ffa0,1,7,True,False
980ec371-4d43-4ef6-b2e6-ded158ebad6f,1,1,True,False
98143856-32e5-439e-bc98-ddd483fe316f,1,7,True,False
98152b76-0c5a-4821-81da-cd22aaf98b15,1,9,True,False
981ac10d-ea72-48d2-932f-532c8d43591f,1,5,True,False
9821f209-afa6-43b6-8215-15ae0118323a,1,10,True,False
9828a36f-b5f7-44b0-961a-354139419c9e,1,2,True,False
982f25b5-be6f-4643-ae86-ab80d81983c0,1,11,True,False
9834093c-4a2c-4752-89b6-b0dcbbeae491,1,1,True,False
983df7d5-2dbb-4814-bd17-d2313dde1882,1,6,True,False
983f1be9-3c81-4ad9-986d-4b2a1a8f9688,1,8,True,False
98595100-b2c8-4fab-a4ed-e6bd1c3b4ed3,1,1,True,False
98602f61-b2b9-4c17-961a-36c32705eb63,1,11,True,False
9865e880-b06d-4c0a-90d7-33b69e3737de,1,1,True,False
986ca384-a014-4b22-81e6-40b9e5b53479,1,4,True,False
98714bbe-1242-449b-9b8e-30d759f12e23,1,1,True,False
987d2ba3-c9f7-4d60-9a43-e5b38f248599,1,2,True,False
987d2dec-5178-4748-8fce-5504bbb546c7,1,1,True,False
9883074b-4ea5-446e-868f-cfafbaf358e2,1,9,True,False
988e7ab4-84e5-41b1-ac8c-10276661d34c,1,7,True,False
98a73e5a-5f52-4617-a220-245e23a31603,1,4,True,False
98acbd15-a637-45e5-8084-7b4248d81d32,1,11,True,False
98b015ab-d818-465a-b095-7a13ceecf3cb,1,1,True,False
98bbcd99-2cf3-439a-aa03-b8f1db70becb,1,8,True,False
98caae43-debe-4fb6-97b4-572f1a25313a,1,6,True,False
98cd93d0-329a-4b88-9a09-8b71a0aa40a8,1,4,True,False
98cf91a4-2c82-4997-96b6-36d2964e70aa,1,10,True,False
98d7d98d-e5a7-4d6c-8ce1-aceec53ad9ff,1,10,True,False
98e629f1-b553-49ec-b97d-085296d8654f,1,11,True,False
98f0443b-1faa-4362-81e7-5f016bb31ad1,1,2,True,False
98f526b7-09b6-4cae-bb01-33538d8acddc,1,7,True,False
9910be44-dc1c-476f-8a43-5d28a171d107,1,1,True,False
991749ee-cfec-4207-9714-1489b61f426e,1,9,True,False
992c0378-3456-429d-b395-9dcdece94ef5,1,1,True,False
992c71d5-3c11-4b52-9d00-a9900006dcd0,1,2,True,False
993725ab-b374-4507-856a-8271d26d0524,1,9,True,False
99387dcc-8f61-4348-a258-0c1d4b91a450,1,6,True,False
9946ff93-2d60-4a85-871c-090ce22e8b10,1,11,True,False
994d06d3-a2fa-457b-b2c1-52564733c3ec,1,8,True,False
9953d550-32df-40c5-b88f-4b0e2ea57e46,1,4,True,False
99594938-2eb7-43de-bd36-bc1e69aa4284,1,1,True,False
996a5a4c-a5d1-4a12-bc7d-8472e6ab3a8a,1,11,True,False
99706e13-958b-4db4-93f2-028f839f5cb6,1,9,True,False
99738474-2693-4b0a-a826-c8d5187c0da3,1,10,True,False
9988b0b3-d141-47f4-9063-9a01cede8525,1,10,True,False
9992edd8-7bca-4429-8a3f-e0c67c39675e,1,10,True,False
99a467a4-6d4f-4ff5-89a1-80205fd0a19f,1,6,True,False
99a86db2-b964-40b4-87f0-34e25506a5fb,1,6,True,False
99b18844-0c77-491f-b2b1-dfbb61fb482f,1,11,True,False
99b22bdd-ff4e-4d2d-a14d-2fd19581aaa1,1,1,True,False
99c35b40-0680-4748-91ce-93cfada4fc4c,1,5,True,False
99c684e6-2bff-4172-8d41-31c4f510a314,1,4,True,False
99c714a6-95d4-43c7-acb0-335450b88ac8,1,10,True,False
99d000e1-e084-4c72-8194-a1f0b6e0e1aa,1,7,True,False
99d20d41-8d8c-49ec-8325-da115f14f044,1,10,True,False
99d7afa6-187b-40de-8b86-c5686972a988,1,10,True,False
99db9e1e-549c-4477-860f-b44411733d80,1,5,True,False
99dc6a51-707a-490a-bf92-9fe81441f81c,1,9,True,False
99e408c4-a04f-4c01-ae50-63cbdbc90358,1,7,True,False
99ebcce4-15fe-4dfb-9f36-64fa6bfb319d,1,2,True,False
99edbbd6-9d84-445c-aed7-598093614575,1,1,True,False
9a063d4c-bf1d-4d7c-a206-ce994a98fb87,1,10,True,False
9a15b074-2aaf-4783-a8b9-117f68e4835b,1,6,True,False
9a15d73b-aa8c-4c48-b12e-902643f0f308,1,5,True,False
9a189b49-df5d-41fe-891c-56020f2447bf,1,3,True,False
9a1b741c-8910-47f8-8db8-b4da9b7b4845,1,8,True,False
9a1cfaee-c275-4cd2-bdd6-30fbe4726aee,1,9,True,False
9a1fc865-8668-43b6-b71e-5436da89eda5,1,5,True,False
9a209186-490c-4d9e-8003-286e4e0de32b,1,9,True,False
9a216100-3557-4a31-aa17-11d646670af2,1,9,True,False
9a26ae61-dd47-43a2-ad9f-63b5bd63d5e1,1,4,True,False
9a28f657-8195-4082-8952-7cb885bc94df,1,6,True,False
9a3a98db-b21f-437e-bc55-ae80c8c59cc3,1,8,True,False
9a3adc92-fa2d-4fe4-83ed-71a17ab4d0a7,1,9,True,False
9a3b98e5-a49a-4b31-8d73-800a3a1ca29d,1,1,True,False
9a45d618-bc0b-4d65-a613-dbb10f9d67c5,1,6,True,False
9a53a56e-f5b6-4835-b116-f532b7bbbdb7,1,11,True,False
9a56bce7-a700-467e-b649-a17ff7bdddd0,1,8,True,False
9a6979e8-7ee9-4bb4-ad06-780ecf549417,1,10,True,False
9a720a4c-6126-4108-8022-478205792a61,1,3,True,False
9a7294a2-4122-4e97-b6da-26dae3077c48,1,3,True,False
9a78eba3-2b1a-443c-8310-291da6c01846,1,11,True,False
9a8d5f17-25d3-4693-80d1-3329708c303d,1,7,True,False
9a9141b6-bea2-4cc2-8bb1-b48e755015d2,1,5,True,False
9a9b1a00-e522-4274-855b-87a15cc72ff8,1,10,True,False
9aa03460-8794-4bd0-8dc3-8887b4e5366b,1,8,True,False
9ac06fa7-a2c7-46e0-9c84-8fbee72cbdbb,1,10,True,False
9ac1fc4b-80a1-456a-a33f-bbe4539f2a56,1,6,True,False
9aca509e-9629-4b09-b47a-aa4430428480,1,1,True,False
9acd6c25-40ec-4f19-9a1f-5c155cf90ae3,1,5,True,False
9ae31734-3417-4ca4-ab8f-bf684b0ecbe7,1,1,True,False
9aecfc1b-f0d7-442c-9829-52c842600e5a,1,5,True,False
9af7c317-d360-4ef5-bac2-9a22ace65208,1,9,True,False
9afe8fd4-acd6-49bf-9b98-c2b783c4bb48,1,7,True,False
9b005438-e8a9-4a45-98dd-db097ebe53c0,1,11,True,False
9b033a62-54e4-4c2e-b129-df4782eab0dc,1,11,True,False
9b0b7711-2dd8-429d-8df8-176aa055fc2a,1,3,True,False
9b16f9f0-b6e0-474e-baa6-b357dfd4df95,1,9,True,False
9b2bf491-0f5f-4ed1-8141-3054576eabfb,1,10,True,False
9b2e4414-712a-4714-8d9c-1c800b0b3d84,1,4,True,False
9b2e7670-d2be-4af7-a715-f9226d9c83dc,1,4,True,False
9b312f89-255e-42df-8ecf-06a6e54b5c02,1,9,True,False
9b324334-e680-423c-9389-2808eb4336e8,1,7,True,False
9b43c9f1-1691-47db-abaf-6bda77c88573,1,2,True,False
9b4568b9-a4e3-4013-86b4-1cfc9900f8b9,1,11,True,False
9b4bce2b-1a8b-4e33-8f36-ef95463c282b,1,4,True,False
9b4cce4b-9097-4945-80bf-4c9b1227976e,1,9,True,False
9b53fb41-d6ad-44b4-a1fe-885786626eeb,1,8,True,False
9b5b5ddd-7ccf-4b0d-a9aa-93eab0b1cbb3,1,4,True,False
9b5c946e-ad69-486c-9804-f00269192daa,1,8,True,False
9b5d1d11-54e2-41c3-b708-49875176a7d7,1,5,True,False
9b6d0b9f-0046-4f18-b8c0-530573ab6ea4,1,4,True,False
9b725e19-8ed3-45d1-ba63-ee0de9c85ab7,1,11,True,False
9b726b4f-fbb9-4882-a317-cd73cb545e17,1,3,True,False
9b729698-3a7d-4bdd-ac29-dbf28e7f48a8,1,4,True,False
9b7a5244-2718-4bb4-9021-a4cf50733367,1,1,True,False
9b7a80b3-5d24-4121-bea6-c47fe09ef8ba,1,5,True,False
9b7fcd08-dfb7-463d-be91-8615eaf09e87,1,1,True,False
9b87e2f8-3451-44a2-8291-8d439473701d,1,5,True,False
9b891c48-2c87-4f83-944f-ae73cafd9bcc,1,11,True,False
9b91bb63-f1a5-47bc-84e8-3078eb3f90f5,1,2,True,False
9ba9cb66-805d-4e89-9506-9bf4013bf85e,1,8,True,False
9bb04f8f-51bc-4347-9d66-50c6ff6123b7,1,8,True,False
9bb2f169-b4cc-403b-b274-5683d40e5f63,1,2,True,False
9bbd079f-a9c0-4d1d-b862-55d39718cd80,1,5,True,False
9bc2f456-87db-4263-a511-346c83373d9f,1,5,True,False
9bd315cd-4bdd-4d6f-84ed-de67ea9fb60d,1,4,True,False
9bda0e2b-2395-4ff8-9e57-4f6685c190ca,1,9,True,False
9be06cac-da8c-4edc-b5cd-acf8a4ea1301,1,10,True,False
9bf9ab96-c839-4f80-a85f-7bdf77d5c5de,1,3,True,False
9bfac79f-357b-4ca6-b4ef-65412d396388,1,5,True,False
9c05920d-7e60-49ba-b5e4-7cf84bd089e2,1,2,True,False
9c0a3215-2dd5-4bc9-b20b-c48cc766db16,1,9,True,False
9c0d3db7-2702-4371-b41f-7e79bca46b32,1,6,True,False
9c170ff8-b78e-4492-b0d5-9d381bef40e2,1,1,True,False
9c1daaf5-d29f-4d99-a89d-5273f8b48dac,1,2,True,False
9c213750-656f-49d0-951c-d232af5cb273,1,1,True,False
9c243d19-39f0-4d7a-b616-e38c2e6359a1,1,1,True,False
9c260742-c7c8-403c-9c73-fda7a1e6ac46,1,7,True,False
9c2a4e58-5b9e-4a57-8696-fa52dc7fe1f1,1,3,True,False
9c4ba56a-2413-425c-8728-06ec95a6d61d,1,6,True,False
9c510a5a-9559-49d8-8a1f-958f3b3c395a,1,5,True,False
9c5a6080-e520-4309-9c93-47250109bcae,1,10,True,False
9c627719-b66d-4edc-8353-bc4e2ca7cbb7,1,3,True,False
9c636e7e-9c9e-4bb6-a470-ca6b58e2bb15,1,6,True,False
9c67cd0a-287b-4b63-badf-079c893ed5d0,1,11,True,False
9c6a9b5f-817c-4a6f-80ce-79e343c93826,1,7,True,False
9c76bc22-8c63-445a-aa50-b5780af9e2bf,1,7,True,False
9c783085-deee-4cea-b33e-b9cca287d95e,1,3,True,False
9c7ea0a6-c242-4285-a64b-25180b5acdb8,1,1,True,False
9c814487-ffc3-4d44-91ab-513fbb0f25aa,1,7,True,False
9c9389d9-1405-42cb-80b7-89d307829c93,1,3,True,False
9c9f676a-737a-4a5f-802d-52cb7646d9ca,1,2,True,False
9c9fd3a8-0e41-4715-8492-cf636d945838,1,3,True,False
9ca23199-b2da-4bb4-bb07-fd959cecef1a,1,8,True,False
9ca8a76f-9d78-4ad9-8550-81f95083bcaf,1,4,True,False
9caf926e-430f-4c90-8f55-1bfedfb4f43d,1,4,True,False
9cb74243-14e5-4e0f-bbd9-5610b3c45885,1,9,True,False
9cc4e935-440e-42c6-bba5-19cdb0f985b3,1,2,True,False
9cc52017-a3e1-4657-98c2-4a41d6615744,1,5,True,False
9cc6869e-f506-460c-9211-cfa00c43fadf,1,10,True,False
9cc81c59-8b4c-46d9-a2c3-420cd8b30b89,1,5,True,False
9cd9b7fb-a9e0-42db-a0c2-943fc30ff4cb,1,10,True,False
9cebcbce-fde6-494c-bb23-0f5d2507191a,1,6,True,False
9cec3c47-ef05-4a53-b1c3-d72df2eb27a4,1,10,True,False
9ced57ad-ff07-4ea9-8e56-ae3aebaa2500,1,9,True,False
9cef7dd5-ca69-441f-a6dc-342b9548846d,1,2,True,False
9cf1ddde-ba17-419f-889f-9e19a11c46a4,1,11,True,False
9cfce4a7-7e24-4dd7-a10f-070644abc937,1,6,True,False
9d04d2ef-11d4-4d63-8ece-26616246fea0,1,4,True,False
9d0e8037-09cf-4c34-b33d-39ca4bdeec23,1,9,True,False
9d1a5b00-a452-497e-ad07-8d1c01045029,1,5,True,False
9d20c8f9-e041-4301-a8b9-45ceebb2cc3d,1,7,True,False
9d21a501-15b8-4e28-b053-4e6d191d4130,1,2,True,False
9d2b56cf-9706-4bbf-872b-7d5cd1fb9738,1,4,True,False
9d310904-858a-4615-a767-c8ea693557c1,1,1,True,False
9d3a13cc-026c-41cc-a54d-2220d6ca0d21,1,9,True,False
9d450702-f101-4e2a-87c3-5f8185f345ae,1,1,True,False
9d62b081-8056-443c-aee3-0a6d6adf7308,1,10,True,False
9d63e3f2-6029-4417-8893-ed9676cb0584,1,8,True,False
9d68b91d-8672-468a-993e-de7d2f0b86f2,1,5,True,False
9d6f7931-81e7-46c5-a56a-19165c6e6d76,1,3,True,False
9d7a8da0-a422-4e4e-9793-67759e5e1f50,1,11,True,False
9d855c6c-419e-4d00-b08b-55201601b9e4,1,3,True,False
9d906bf0-5503-4fdc-b7e7-f6bbbf39da8e,1,4,True,False
9d97811a-630f-4a8c-a0c3-700671ca3ccd,1,2,True,False
9d9dfc33-e0c2-4c70-9cbe-eb7855d5c86c,1,1,True,False
9d9ef35b-c403-42e7-8924-4531a23ce8bf,1,7,True,False
9d9ff594-1f00-43e6-aa8d-ab0a4de8c80b,1,4,True,False
9da5c2da-243d-484b-ac5f-aaa9df3e9715,1,6,True,False
9daaf944-0fbe-4c76-a6ce-dd23ee38b688,1,10,True,False
9db1f680-d409-4485-b246-5811413d6cad,1,6,True,False
9dc7f006-605e-4c03-be1e-ea83b415a016,1,1,True,False
9dc8670a-88ea-4c9d-bc85-f0f76fe37427,1,3,True,False
9dcb1ad1-e8ca-47d7-8424-e15846a76f2e,1,1,True,False
9df26129-0e96-485d-9c3d-097ec848ea69,1,11,True,False
9df9899b-6350-44dd-9314-ae649f92f66e,1,11,True,False
9dfb8250-43d7-42f8-92f5-a14d3363a4b1,1,7,True,False
9e043f41-5074-42c5-99d2-025e4cd8cbb5,1,9,True,False
9e076d60-368d-4b9f-9fc3-e31699dde7ae,1,4,True,False
9e163a26-5b4c-45a3-b5a6-f07a14c0d40d,1,1,True,False
9e188c64-041e-49c2-ac0e-f78329fa54d0,1,4,True,False
9e1fdc62-3e59-420e-ac42-3f18949a11ed,1,6,True,False
9e20faab-ad15-48c1-87e4-7de9152cae5f,1,5,True,False
9e2c0c47-7d87-4fb5-941f-e6262cdce5fe,1,2,True,False
9e2ede25-0a65-43ed-8db3-884e7fafb322,1,9,True,False
9e370da9-f1d0-4ec8-8468-d0b753996583,1,4,True,False
9e389168-a187-4b8d-9b09-ce580bcbb4d3,1,11,True,False
9e3c0166-0853-4e83-baaf-d74c4a4ba837,1,8,True,False
9e3e848a-df5b-416b-b052-e9ffa7c8b14c,1,2,True,False
9e417259-f5ff-4a25-bbc7-b2447c252a7e,1,4,True,False
9e524fe2-05c4-48f6-bd61-e20815b041b2,1,7,True,False
9e52610e-a5e9-4a32-95f7-35ea76866b2f,1,1,True,False
9e6d4499-aee2-47b6-8bdf-a40d519bce52,1,1,True,False
9e6e661d-16a6-46dd-b54e-5335a7bbbd39,1,8,True,False
9e8c4714-88bf-47e7-a516-9c37361c0126,1,11,True,False
9e8eea5a-94d5-41a0-ae9b-f47253d0dc2a,1,6,True,False
9e970cce-0d3a-48df-af20-f92b9eb22564,1,8,True,False
9ea38031-6ec2-4525-bdb8-557c7b474d97,1,4,True,False
9eb0f90f-ffd2-495c-bed4-c76a9e7b40f8,1,10,True,False
9ebc4bc4-d80a-4886-84fd-c529980a474b,1,3,True,False
9ee94a68-5fac-4252-adf6-9f33729e5f90,1,11,True,False
9eebd42c-cc88-46c2-bb6c-2b2b54e42bf4,1,10,True,False
9ef04a01-0207-461d-981c-18c2822fba9a,1,11,True,False
9ef61b34-a872-4cfb-9fb5-1e6818d047d5,1,6,True,False
9efb1840-d235-4476-b724-a360cf966af1,1,5,True,False
9f0c3123-f2e5-4938-b158-6662bee7f87d,1,10,True,False
9f0c3c99-7548-43ee-8516-f8a6b2071359,1,10,True,False
9f0dad5a-12db-4b1a-aacc-9fde71d5ce19,1,1,True,False
9f1c6c76-a15f-45f2-adc8-66240e6acc09,1,4,True,False
9f314669-d0e9-4e9e-b82e-4f8182278fdf,1,11,True,False
9f32ebdd-ef01-4225-a39c-842f5a069962,1,1,True,False
9f386f75-4a03-4e70-87a5-a19db8e8dfff,1,10,True,False
9f466ebf-ecf5-4db5-ae6d-6a9c2b88c67d,1,10,True,False
9f4dfbf2-c527-4faa-9939-4c06e8a8f9c5,1,2,True,False
9f53c79b-28fc-4bd4-a0b1-8853e3cf3b20,1,7,True,False
9f73d94a-f042-4a40-b96e-bda92c93f773,1,2,True,False
9f76ae8b-5db0-4d97-a1fc-7f554e819cb6,1,5,True,False
9f86d98b-205c-47c9-90f4-c0e4d255cdfb,1,1,True,False
9f87fbbe-ee87-4ffd-bc46-f19fb02bfcd4,1,9,True,False
9f90cac0-400a-4399-8431-15e17ba1267a,1,4,True,False
9f96cc0e-f81a-428f-9b63-be49230bc29e,1,10,True,False
9fa144b4-411f-40ab-914f-e203bd870fce,1,7,True,False
9fb0be94-dcbb-47c1-b6cc-a74c7341c1a3,1,9,True,False
9fbfd5d7-d97f-4535-8ab6-917d250c6128,1,3,True,False
9fd330bd-3317-481d-8338-4b96338f5c58,1,11,True,False
9fd4f52b-e08e-49b9-bbf8-1b28e49b827d,1,4,True,False
9ff00586-03ca-4534-9aac-bf6f16aa93ce,1,8,True,False
9ff4e544-97a6-4f47-814e-14ae28da03ac,1,5,True,False
a002cb79-b561-465a-9d01-24c9f8ecfde0,1,3,True,False
a00b2b12-0c37-4779-b900-d3d0f7d7bc77,1,11,True,False
a00d5890-2f68-47bd-84e8-abeefd011501,1,10,True,False
a01f4124-d906-46f4-9fc5-a7436523af5e,1,1,True,False
a0281b5e-9108-474b-863d-d51d0c495608,1,8,True,False
a02a9d78-d2d7-464b-a804-9c8c33003791,1,2,True,False
a035e767-389b-4f7d-80e6-a1501b8c22be,1,8,True,False
a0428dc1-1e95-4bee-9b05-c323f3cb61bb,1,9,True,False
a045da12-4b54-4681-b468-ad9e5c7fdb8f,1,7,True,False
a047accd-82eb-4a1d-b269-d204dc47e25f,1,9,True,False
a04aceee-b1d2-44b1-ad0a-5d20461c1015,1,2,True,False
a06b30dd-8287-4efb-8a4b-38627352e5c0,1,2,True,False
a07483a5-1490-4433-a790-cdbcd1cfe7c8,1,6,True,False
a0807619-597e-4b87-b8f6-03c4612d21da,1,7,True,False
a088170d-770d-444f-b256-21304f7838f5,1,3,True,False
a0894a80-729c-4908-a54b-ff1cc30da8bb,1,2,True,False
a093c7e4-82ed-4b60-87ec-2025f554fcc1,1,6,True,False
a095345a-59de-44e9-a33a-2749154f1ddb,1,6,True,False
a095387b-96af-4b39-b69e-0c60373e224a,1,2,True,False
a0959234-1d0f-4d46-aa22-1e9ef6d2a0e7,1,11,True,False
a098f16e-e6e0-4bfc-a9d7-0b7c1a064c7c,1,5,True,False
a099fa31-245d-4049-87fa-9e13c68313b7,1,9,True,False
a0a33a4a-fd58-4275-a0f6-f86912434b71,1,6,True,False
a0b9d25c-0c76-43f4-8b22-ac288cb84451,1,9,True,False
a0ca9ba4-ca71-42b2-a0ef-c6b03810ac69,1,7,True,False
a0d98efd-7866-4669-bc11-370702c455b6,1,10,True,False
a1043648-81ea-42e4-9584-914605014dcf,1,7,True,False
a110403e-d04c-438a-845e-173fca968b5f,1,2,True,False
a11e192c-e766-428e-ac9a-ec2ae0358c02,1,1,True,False
a125f661-d70d-4cfa-b304-146d42366645,1,6,True,False
a12c293c-f21c-4c67-a7fd-b2e0a32d9829,1,1,True,False
a12ce939-3ab6-432e-a81e-df3856b2595a,1,2,True,False
a12e784c-b6d2-46e1-ad51-c47813ef361d,1,1,True,False
a131091e-e8ce-49ba-99bc-7af6c00ba648,1,3,True,False
a14a7222-cc23-4d2f-b0f5-64c3cec3e538,1,1,True,False
a15b4b4d-2d91-40e0-9bfe-6080e6c04bbf,1,9,True,False
a16205e9-f829-4ba3-99bd-6d794caef412,1,11,True,False
a16ee5d5-2736-4b53-a03f-c8bae30ae7c4,1,3,True,False
a16fec52-8273-419f-95dd-9217be881153,1,7,True,False
a173bea3-814b-4935-aa47-0d1b4f159ea4,1,10,True,False
a174100c-ef9e-4dea-8863-99e4a7e58852,1,3,True,False
a1792da1-bfef-42b1-9ff7-0ce32b19308c,1,7,True,False
a17aebab-6935-4be2-944a-9b7dbb1457db,1,6,True,False
a17af7eb-a28d-45d7-b913-3df6b9c51a8e,1,6,True,False
a18628c2-2d39-4296-a187-d500fb1812a8,1,3,True,False
a19371ef-dee9-4e50-a888-97d9ad89100b,1,8,True,False
a19d11b8-d7c0-4e1c-a12f-ff0954cb29f4,1,9,True,False
a19ffd66-1e46-4624-a90f-15393c39c3e9,1,4,True,False
a1a4f871-0be4-4f57-8043-ba6121aeeb92,1,1,True,False
a1ad6e53-78c7-4912-8e01-7d07bdc7516b,1,11,True,False
a1bc0c73-c09b-4ecf-a986-25e189908795,1,2,True,False
a1be6459-b749-43d4-ba47-0463d24564df,1,5,True,False
a1cb4cd1-b3ad-4816-828e-805e2751f83a,1,9,True,False
a1cf1663-d47d-4fe5-9830-1d4d6ec2cae5,1,4,True,False
a1d1fb15-a49b-4740-b80b-c369458af138,1,6,True,False
a1e1e680-9849-46e7-ac3d-1dfae71d12c4,1,2,True,False
a1ed1cc7-6989-4f00-adf9-c96308f3e655,1,8,True,False
a1ef9df5-4830-4b22-9182-6565b3b7470f,1,10,True,False
a1ff3d5f-2118-4b23-b9d6-62b38a38bdd0,1,1,True,False
a2061729-2077-40a4-84ea-eaeb15509baa,1,3,True,False
a20d425e-db17-4ee6-b0e2-c5dd4367f343,1,11,True,False
a21566f9-8cdd-4eca-96a5-d277b8745dd8,1,8,True,False
a227d17e-f930-46a6-af3c-efb7e5ff29fb,1,10,True,False
a22f13c5-7769-4bec-89f1-633348296968,1,1,True,False
a23483f3-1101-4e8b-b86a-a9bc7f721fcb,1,9,True,False
a2348a98-1708-4ff7-a85d-772dd2d410ab,1,7,True,False
a23668ac-d33f-4f3d-b173-78171e334fa5,1,5,True,False
a23bdfff-74aa-4011-bfa5-4ea13e868d91,1,4,True,False
a24b77e4-f264-4fcd-9ea7-0ed757da4fd7,1,4,True,False
a24e4a17-c30e-46f2-8eec-f525cc2dfff3,1,8,True,False
a2644094-456c-4990-8cb7-6f086794ddcd,1,4,True,False
a267361f-7d14-45f7-83c2-bfb1dac09746,1,8,True,False
a2687611-871b-4fc4-a85c-97b25a280c36,1,6,True,False
a26f27bc-310a-4240-8f0e-a5b2081636e1,1,8,True,False
a2778b04-bc6d-4d60-8544-564dc41dc113,1,3,True,False
a27873da-5a59-49ef-ab32-0f8d722672cc,1,5,True,False
a28c756a-028a-4764-b4a9-0671ac0c450c,1,2,True,False
a297f648-ef59-45f4-ba89-2ddd61018847,1,1,True,False
a2aae0a5-c077-4425-a65d-6346b54dea2d,1,7,True,False
a2afa515-a8b7-439a-ac0b-c6e82a6e9337,1,2,True,False
a2ba926e-dfa7-4448-bc56-400cf771d173,1,5,True,False
a2cb57a4-9866-425e-8bd2-f93bc0d47385,1,9,True,False
a2d1b13d-4278-45f2-947b-cf084f50cd98,1,9,True,False
a2d822ea-f353-4ae7-a214-fd7652b34489,1,9,True,False
a2db4ab7-3318-4091-b022-ecf9c8bfd77f,1,3,True,False
a2df0edd-929d-4cc0-927c-2bc06d0a502b,1,6,True,False
a2e4191e-d8d5-40a1-9f65-76e06c7bc548,1,8,True,False
a2e99b02-e739-42b8-9e17-23e8b67bef42,1,9,True,False
a2ebd15c-1443-475b-b694-e3397ff13d96,1,11,True,False
a2f674b3-d3b2-41fb-8698-bc09536810cb,1,2,True,False
a2fd9385-0962-40ea-a421-d24ebca30db9,1,5,True,False
a309480e-64df-4f42-b841-09a399a3bf59,1,7,True,False
a30ecf98-1f58-4ed1-b5fd-6eaa50f7c2f3,1,3,True,False
a311fb84-fbfc-4dc0-b2d2-3b1be4710185,1,1,True,False
a32963ff-60a3-4183-abdf-449191c1fb26,1,3,True,False
a32bc1f4-71ba-4745-87fe-4c3b993ddf1f,1,9,True,False
a331665a-1ffd-4f63-a3aa-9ca5a021e64d,1,7,True,False
a33a6f9d-be34-44f0-a65f-ab3f36640c40,1,5,True,False
a33f45f2-2a19-4315-8a6f-b0ce448caad7,1,4,True,False
a341f107-b6f8-4178-8d73-4972646b8ee1,1,8,True,False
a3432d48-e08d-4179-9654-ef37753d1f1e,1,1,True,False
a343bf5d-42a1-4d3d-bccc-daac1474eff2,1,10,True,False
a345f682-b143-4603-bf43-b40bfcc20adc,1,3,True,False
a347c9f1-c9ba-4bc5-bd79-273c44402ecd,1,10,True,False
a348e6f9-1a12-4ede-8b5e-b721c750fa61,1,4,True,False
a353e06f-e698-4532-82f9-026ff344c755,1,10,True,False
a35b5568-3f1a-418f-8164-1939c4a0c02c,1,3,True,False
a3638f8a-34b9-467c-b64e-c3e1ee54908d,1,4,True,False
a36dca3a-e791-4bf1-af6f-177d7849175f,1,11,True,False
a37130e3-5e72-4e43-bb1f-e75181e7ff41,1,3,True,False
a376396c-3da7-489c-95f4-d71ff4266786,1,4,True,False
a37928fd-3cbf-4f1d-a16f-0e1a0e4ea245,1,1,True,False
a380241a-18d0-461b-bdd5-2ce3c9e35f37,1,6,True,False
a38067b4-b0e2-439b-a733-edee9578ad08,1,10,True,False
a3878130-40f8-48d1-a60d-e4bc5e5bcc50,1,9,True,False
a387a052-23b6-4848-8366-0d966441a64f,1,2,True,False
a394f7a4-1fe3-489f-9154-ee73806c37c6,1,3,True,False
a3965719-4879-44f9-91b5-7b03bb4fe166,1,2,True,False
a3a0669c-43d2-40bf-983a-5db6b08ca665,1,6,True,False
a3a9160f-83c0-48dd-86cd-293587285166,1,3,True,False
a3aa7d02-5596-4f90-9196-8e831d624ac0,1,1,True,False
a3ab2dc9-a1f7-4f9f-a9c1-e2eb3217b0d3,1,8,True,False
a3b4de13-c511-44e6-acff-31b04e99ad1f,1,8,True,False
a3b80b81-af70-4d91-a021-fcd90c38d27f,1,9,True,False
a3c456a1-6435-4c14-b52b-6e9912a36998,1,7,True,False
a3d965fd-b59a-4462-8ae7-07881981fe0c,1,3,True,False
a3e07849-48e2-4bb0-9741-a64b5933166f,1,8,True,False
a3e6699d-62db-4b56-b052-ea4cb572fc54,1,10,True,False
a3ed72c9-d12d-4c46-ab0f-488d85881ac9,1,9,True,False
a3f4fd26-7a85-42ce-8b4b-5c47eaa5e72b,1,11,True,False
a3f827cc-a654-4ff6-82f3-795abe4bf175,1,6,True,False
a3fcc2c1-4db7-4a97-b1fe-64e5654343d6,1,8,True,False
a405302c-24e1-453d-971d-7eb4432c01a5,1,3,True,False
a408834d-982f-492f-bd2d-3d06afbff50b,1,10,True,False
a40929c2-5df7-4532-9925-4f576bc874ca,1,3,True,False
a409905f-8053-4885-8b9f-bedf568865ca,1,5,True,False
a416ccd8-1829-485a-a965-82764a003ae7,1,2,True,False
a4216dce-89b9-4886-b157-596f1fb452ee,1,1,True,False
a4223a71-1723-4243-b464-7ef22440d652,1,3,True,False
a42534ac-55af-40dd-a4b0-69171b327b51,1,10,True,False
a42eed69-fd35-478f-bf83-9c0a72129b35,1,10,True,False
a42f90f3-38e9-4368-8092-931f97f0fd83,1,4,True,False
a4353474-0fb7-49a9-877f-c1f7c4749568,1,9,True,False
a43aaec1-ff02-4c23-a531-72f144e20d7e,1,9,True,False
a43e1843-d2ce-4b83-a907-f9a195d3d5a9,1,6,True,False
a44722d1-f457-414d-a22e-8920cd306598,1,5,True,False
a44e2a02-61ca-4e20-8aa8-8f203da43770,1,9,True,False
a45168b5-6564-4aaa-a16f-cab911ff77c2,1,7,True,False
a46676a4-6900-4c1a-b6ef-228497552048,1,11,True,False
a4699926-7d56-4b06-aea5-5d9d4bbb9020,1,11,True,False
a46ca559-73cd-4c21-b047-6cf813251061,1,7,True,False
a471d26e-bb2f-406b-9631-f980cc441731,1,8,True,False
a4731ae7-929a-470d-b283-d42a7c6df494,1,1,True,False
a485d18e-6401-4047-a6e7-19132167c242,1,10,True,False
a48d33af-cbc2-432d-8c5f-bce0a0e75d7e,1,3,True,False
a48d3b72-9341-464a-a63c-194490410584,1,11,True,False
a4a03544-b71b-43d3-af3e-e8ba6d450659,1,9,True,False
a4a20e97-2b05-46fe-868a-61d4ddb57d41,1,8,True,False
a4a42c50-ba29-4757-9478-bb7964689e1d,1,8,True,False
a4a6537e-dbb0-4f64-892a-1928cf84f096,1,3,True,False
a4a72288-0907-4929-9e0d-e9611f92b269,1,11,True,False
a4b75b7e-bdcc-43d8-b79d-025d49ef6d75,1,6,True,False
a4bdd921-b942-4b7f-b4f3-e5c9b0c4c6da,1,7,True,False
a4c2f745-af25-4e16-98a7-cb7292174a72,1,3,True,False
a4c5db99-c72d-4c70-80f8-9ec8e789452a,1,6,True,False
a4d6e736-f360-4ee0-9e50-b53a93d1b2e5,1,9,True,False
a4d93c53-96e7-4bab-9319-9acd23d930d3,1,11,True,False
a4e03da5-d977-4a9e-a57e-89ba2ebc919a,1,1,True,False
a4e09a0e-8e50-48d8-84ce-98cc2a5fe907,1,3,True,False
a4e6f539-5b19-44ba-90e4-2142ad0702b4,1,6,True,False
a4e724cd-cdd1-4f45-901d-9c20a83c4d6e,1,10,True,False
a4e8322f-2bfa-4bb8-b04e-0687efc812c9,1,2,True,False
a4e8bae6-803f-457f-a190-0d5b784b1a08,1,2,True,False
a4e9d2f0-11e4-42e9-a304-661b921a651e,1,10,True,False
a4ec9a2f-593b-4ea4-b975-ed6fdb296934,1,5,True,False
a4fbbd98-3dc7-4f05-adef-ab980eaf854f,1,11,True,False
a4fd95b9-4dbc-4a2a-9736-440f5932fd90,1,11,True,False
a4fe258c-abc6-4a96-a5ad-c2c5ef79632f,1,7,True,False
a4fe9b9e-2f79-4ce6-8dc8-694928f3c050,1,3,True,False
a5022059-2916-4371-9258-1d8457738ef9,1,2,True,False
a51b6c94-2db1-4154-8436-d3078415c6f0,1,10,True,False
a520a65b-128f-4220-97c7-23dd52559c4a,1,4,True,False
a52f4bf6-66ca-4570-aedc-fb65eaaec221,1,8,True,False
a5321bd2-62bc-4027-8ebe-45bf1022716d,1,11,True,False
a533c95d-31fe-4cc7-b61c-9f70713ec407,1,4,True,False
a53925b1-4f29-4492-93e4-98b99e505549,1,9,True,False
a53ccf54-2618-404d-977e-1698df2adf10,1,11,True,False
a5415c0e-ec63-4833-809a-135e07974d94,1,5,True,False
a55aa4f6-9dc2-47f6-9eef-738c799dd19e,1,2,True,False
a55c98a4-50f2-4e25-bbca-cd5308b17c79,1,4,True,False
a55f8e58-e91f-4436-b445-d306d21aa074,1,7,True,False
a5606861-dd6a-4266-8db9-0af2d9e01dd9,1,7,True,False
a56f2d45-9011-461b-ba3a-84c03c7aefed,1,1,True,False
a5790d76-62fd-4007-bd4a-f96360911ef1,1,8,True,False
a59777ff-0d6f-468a-b888-0a5a67c6dbd9,1,9,True,False
a5a1213e-324c-4bc0-a25c-cd8f704ff199,1,10,True,False
a5ab6f32-c724-4c9b-8a43-9491756bd724,1,5,True,False
a5b181e2-f133-48e1-a6cb-fef8bbd25e52,1,5,True,False
a5b691e3-e559-4ae8-bc6d-f7ba59b5c9d5,1,4,True,False
a5d1dd58-3521-4cdc-9ae3-5e94ba160022,1,5,True,False
a5d6982e-6e88-49ef-bd04-a8b689419c48,1,9,True,False
a5d8ef3f-4393-420c-9e28-c9b3bad6932b,1,9,True,False
a5db10c1-df8a-4185-af4e-c6aad35cbe9d,1,4,True,False
a5fd63a1-1a5d-4a91-91a6-5b8a87c0433d,1,9,True,False
a6056aba-bfbf-4c0d-8cb6-3b618695d183,1,5,True,False
a623ba7a-e366-40cc-91e0-7e3b5e20169d,1,11,True,False
a62438f6-aa26-4af0-b16e-4b1923117920,1,2,True,False
a62634ee-9c58-436b-984b-441b9e928afe,1,9,True,False
a630d3b9-c803-4c1d-8ac9-43f4c2cea2d6,1,9,True,False
a6334ae7-8609-42cd-b838-0f5e8fac6896,1,10,True,False
a64dacef-2139-44b7-90b4-409b853a9b7c,1,5,True,False
a64feaba-7baa-400f-970c-91c9abf5d146,1,10,True,False
a6505c4a-3bb3-4717-b8b2-b2f68a768fec,1,11,True,False
a6578c6c-2bd0-4f9f-87f0-6723405a093c,1,3,True,False
a657c56d-b486-4e48-bd1a-c8909f74c6b5,1,11,True,False
a65b1311-af79-4eff-aaba-6db9fdf94bb0,1,3,True,False
a661e8c5-18fd-44e0-992b-cbd6c4caf554,1,5,True,False
a6632822-46b2-43e8-b31a-db7620641ef4,1,4,True,False
a66be8f7-6591-4694-bb83-aea292204201,1,8,True,False
a670533f-4bb0-4f98-b4dd-8f3d516222be,1,9,True,False
a6753a1a-7971-4655-b703-6d57325c02fe,1,8,True,False
a68d5985-09d4-4308-916e-00780f7e70d9,1,11,True,False
a69a0525-3820-40c2-bd2b-4c540dc42eff,1,9,True,False
a69ca2c0-b05e-45b5-ae1d-a0061edc12aa,1,8,True,False
a6a4a7e9-38d1-40ca-a90b-feb3046f0c3a,1,6,True,False
a6a77db7-fd93-4bb3-ad3f-4f6b6109eb03,1,1,True,False
a6ab8d5c-8807-49e3-a9fd-0ac08f003e4a,1,3,True,False
a6b3cd3c-7f03-42d6-acb1-930988a6deb6,1,4,True,False
a6be73d4-d4fd-4cdc-bd7a-e9d25f75ac60,1,3,True,False
a6bedf73-81ee-4cbf-975f-7b3f891fdb27,1,8,True,False
a6c4ebab-7d62-47f8-8ef8-5c0bedcf31e1,1,9,True,False
a6cbcab3-fc10-41f4-aa4d-88da93d0df79,1,6,True,False
a6df0911-8af4-49c1-a50d-b5c50dd981c3,1,6,True,False
a6e5a171-6a18-4da3-875e-34bc6853f149,1,1,True,False
a6edd1c5-fb14-479c-a2ab-ecf0b04d2654,1,10,True,False
a6f28a4b-1a26-4d4f-b205-94bd11ee4a66,1,10,True,False
a70d1668-6878-42f4-9e82-f20f32003c0f,1,1,True,False
a711d1d7-4cc6-4f15-88b5-88a8c679cfc4,1,3,True,False
a729e1a0-a333-4ef3-95e5-a29b30e70784,1,8,True,False
a72aeef3-ec12-43ff-bb76-b86d2627c72d,1,7,True,False
a72e6ab4-b426-4c53-8307-76e573ee9512,1,11,True,False
a736d4e4-80ed-4f54-85df-3c99afd3f1a6,1,3,True,False
a748bac2-750a-44ba-93d3-24c7167b028a,1,1,True,False
a74c48d1-1021-48a8-952d-a1d51c3909ec,1,10,True,False
a7573821-e376-4d3e-825b-11dda63bd2fa,1,8,True,False
a7580363-c8f3-45fb-9f27-04103c5fd050,1,5,True,False
a76f0bb6-ca3e-4c3a-9aa3-71494e572066,1,3,True,False
a77123e5-5064-443b-9933-87d85c8e13f4,1,6,True,False
a779b081-08b2-4b32-868f-8e8c79c8219d,1,6,True,False
a78ee4ac-20b4-4575-b21a-258752b9fc81,1,1,True,False
a7919314-14d8-44d7-bd9b-661821dbe1ce,1,10,True,False
a792f758-6963-439b-bf9a-9d20f0a86862,1,7,True,False
a79456b0-188c-46b6-8407-096861f6f331,1,1,True,False
a795d307-f62b-4ee6-b322-5a9b4b144778,1,1,True,False
a798aa6b-d9f6-40e0-a90c-1a008c5b9890,1,5,True,False
a7a97e0a-c7b4-46ed-8b9c-80e91c7f33b2,1,4,True,False
a7aed26f-8aeb-4a11-8968-1bd9e7a973ff,1,1,True,False
a7be2a43-355b-4114-90a7-f375e1660bce,1,7,True,False
a7c02b90-bae6-4aa9-8bd1-6d7becefbf11,1,10,True,False
a7c70a38-e070-4624-910a-f529bf2e727a,1,2,True,False
a7cce3d7-9b08-411b-80d8-13661d6002d2,1,6,True,False
a7cfec7a-c388-43e3-ae4e-4b4f9e53b212,1,8,True,False
a7d606d9-2241-44e5-be10-c95692e1f659,1,7,True,False
a7efcf4f-5055-4b21-85a7-9f6cd488feb6,1,11,True,False
a7f23ccc-fde7-4e0f-a39d-5b1b1b4d6e58,1,2,True,False
a7f6ed88-4997-427a-9eb8-8492b4855d76,1,6,True,False
a7f7a727-d396-4df4-8193-e373f8296a06,1,2,True,False
a802fb62-167e-4a0e-a7a4-a473dcb73b71,1,10,True,False
a819bed2-d362-480d-bdf1-754900d8dcc0,1,9,True,False
a81d6a91-5107-42d9-a156-cb74ee01300b,1,6,True,False
a823fc19-4d1e-402e-a3d5-34afdaf4d25d,1,5,True,False
a8334e15-03b9-4e06-b7a0-eb6de5d8ce6d,1,11,True,False
a833a018-958c-4719-a8d5-432233a350e6,1,1,True,False
a8393f2f-fea5-4a57-b9bb-efe0a89a3cf5,1,2,True,False
a83cb99b-d415-4739-832f-0c41c252f6e2,1,2,True,False
a843893b-2129-4ff3-99cf-871c176087fb,1,6,True,False
a84bbc51-f5c0-4de7-a8a6-b0b4b1af9cef,1,10,True,False
a84c5091-07f3-47d7-aa46-b57ab736d528,1,3,True,False
a851dfb5-f66e-4b00-8aa4-d11d7ed48633,1,9,True,False
a8568e63-5626-4995-b25b-7c374528723b,1,6,True,False
a869d06b-b509-47e4-86c9-a46571df8367,1,1,True,False
a86ff3fa-a567-43d4-b310-c4300c78efc9,1,9,True,False
a88358d6-311e-48fe-a589-a0864e1b6c17,1,9,True,False
a889cd2c-19fa-46e0-bdac-34d3ed1c22c9,1,10,True,False
a892bd57-d131-4978-bd09-8dcbf03db259,1,10,True,False
a89c6c9d-b5d4-4de2-9adc-320792b15d26,1,1,True,False
a8bb44fa-9801-489c-b545-e9438f832f8b,1,5,True,False
a8c18bad-f8de-45fb-9399-addd299005bf,1,2,True,False
a8ca72db-7e03-4694-a854-25a5828ca5e2,1,7,True,False
a8e0362f-aeb1-4843-9f9a-24ce2cff57f7,1,1,True,False
a8e1cf13-effc-40c1-84d2-83d6f89d5879,1,4,True,False
a8f18ce7-8541-45e9-8019-36a07c4c0999,1,6,True,False
a8f243b9-b712-486a-b331-0d4e7743aa9c,1,9,True,False
a9050b15-2dad-4626-8ff9-853be989078d,1,7,True,False
a90adc2b-e939-4e10-a5ee-6b3cb4f70a3f,1,1,True,False
a91c34a8-f94f-4435-945e-539d624cab19,1,3,True,False
a92d7669-3237-42d6-8d43-86b56d31913c,1,6,True,False
a9337a93-4a32-4431-b1cb-91582391a90d,1,3,True,False
a938621d-01d7-43df-a3f5-53ce32769756,1,9,True,False
a93aee36-4db3-4458-9d8f-ebe594ccce3e,1,8,True,False
a94001cd-11e8-494f-9106-060684791efb,1,2,True,False
a941fca0-46e1-46be-b9e0-37555d445144,1,5,True,False
a9489835-7214-4c8a-8d79-faffe8982974,1,5,True,False
a94d7b72-74b8-4445-ae11-dca519406427,1,6,True,False
a9681bd1-3c6b-4b0e-9b38-e3d8b858e440,1,6,True,False
a96b5691-03e3-4c37-a149-86fcf313fbf0,1,3,True,False
a96bd279-2614-4d4d-8672-6a30590fb9c8,1,3,True,False
a9704bf2-5235-47f4-853a-a1159571e036,1,7,True,False
a970da09-61d1-4ba4-a711-68bb696a215e,1,11,True,False
a9839452-b273-44bf-9509-54c38f4bab93,1,7,True,False
a983d307-7f48-4745-9a9d-b7e6be4d84fa,1,3,True,False
a9867f78-d0f5-4e80-b4c4-e921fb6326da,1,6,True,False
a98a7d73-2013-4641-bff9-ac44a617b964,1,1,True,False
a98bfa3c-e617-4bbf-b990-e2698aaca519,1,2,True,False
a992b880-7657-419e-9294-9417585e2a02,1,7,True,False
a993fa47-ce4d-4998-9366-fbce7f270d39,1,11,True,False
a99737ef-6e19-45b7-a078-b0a35aa8e9c0,1,8,True,False
a99ab2a4-fb65-4077-8afb-f99e505d7468,1,1,True,False
a9a15e4a-cfd1-403a-8dd8-a5044f8cd060,1,11,True,False
a9a20d7b-b2ca-4cfc-b996-8fc68ba57ba3,1,6,True,False
a9afbcf6-ad74-4a0e-8cda-9ba7402a7f76,1,2,True,False
a9b723fa-b1c1-44e2-9410-933cd6a75d82,1,5,True,False
a9c8ebda-541e-435b-b189-e2fbeab77f1e,1,1,True,False
a9e5439f-3440-47ac-b8fa-0be26752d2f3,1,5,True,False
a9f1afa5-be51-4d15-a5e5-d17338228026,1,7,True,False
a9f7a4c5-cee5-49da-b0ed-1dafd217eaaa,1,2,True,False
a9fbb067-4f58-4c5a-9b4c-8e805be96c1a,1,6,True,False
a9fc2b43-539a-4192-ac2e-7379c9bf7afd,1,1,True,False
aa08da8a-8633-43f8-b5fa-b80c777b0bed,1,6,True,False
aa0ea92b-9dd9-4a36-b706-a4515b76e8cd,1,6,True,False
aa0eff59-1161-4852-a66e-3974b45859dc,1,3,True,False
aa13899e-4fef-4f2f-8c60-bf7c26331148,1,9,True,False
aa196e5a-f8a2-4b1c-9af1-49e9245a3032,1,9,True,False
aa1dac6d-eccb-4369-968a-7ff25fdc92bf,1,8,True,False
aa2b5547-5350-481f-a948-309f69f9ac70,1,11,True,False
aa3b2c69-8130-40e6-af7d-dbcb5d98d2ca,1,4,True,False
aa4240ad-e55f-42a8-9f80-e00eac24e322,1,6,True,False
aa449252-4364-47a2-b9d8-9aafb38685e6,1,8,True,False
aa44926b-86e7-4591-b6d6-eaa2558801ab,1,5,True,False
aa4ac70a-c255-4707-a099-8df0b08e3655,1,2,True,False
aa50d3da-ba95-4376-8873-09e394ccd277,1,11,True,False
aa5eb86e-1108-4313-9f10-1a5311b0170f,1,5,True,False
aa624e99-d5f2-458b-bccc-f20fc088ea1d,1,11,True,False
aa6ac3f9-2a64-49c3-a5dc-36fa1b4b6261,1,8,True,False
aa6ff227-30cc-4b37-a0eb-f73f2f17f143,1,8,True,False
aa7023e9-8781-4a5f-92c6-2ff594492a4b,1,3,True,False
aa76a155-bcca-4662-b806-f534ee91f0d4,1,8,True,False
aa861ac9-e2f7-4ec0-8422-4a6bebb4f00c,1,8,True,False
aa90ecc9-c27a-40c8-8174-9e6c411c8191,1,1,True,False
aa95e753-d429-47d5-8f3d-1bd2dd119ad6,1,11,True,False
aaa2ff2e-8940-4f29-9275-fe605f2428d7,1,8,True,False
aaa5c2f6-fcf9-48be-ac67-c0bc8e1371bd,1,11,True,False
aaa85b65-e7ab-477f-846c-1b28c1d5b652,1,10,True,False
aaa88905-4291-439d-ad94-5fb8d2c69ba4,1,6,True,False
aaadb4f8-9d23-4d69-94ae-a1e293519ae8,1,6,True,False
aabfce73-e5f8-434f-befa-1b36314f6da7,1,7,True,False
aac83d19-9389-4b05-a669-5525b121ad75,1,10,True,False
aadbd482-a8b1-4075-97c7-d421e94919b2,1,5,True,False
aae182ab-3434-4100-8a3f-4bafa6457c8f,1,3,True,False
aae37f32-a7ae-4fff-82f2-8aaf9649a322,1,11,True,False
ab26c1a1-cc5d-4d6c-89aa-7dab9f0e2b8d,1,6,True,False
ab315fe4-84fe-49ce-8e8b-1e3cdb4871b4,1,4,True,False
ab366f78-5a2e-4ce1-b1a1-67d6f610f984,1,3,True,False
ab3998a1-f86e-4ce6-a4f8-1ee7351bedc2,1,3,True,False
ab3d5305-d81f-45c5-8b0c-e16006f0d138,1,11,True,False
ab3e3f7f-64bf-4ef2-8344-6a3b227078b1,1,3,True,False
ab5670fb-271e-4d92-a8be-8c0983c34f77,1,9,True,False
ab5baded-044c-42ce-9fb1-af7196e1101f,1,9,True,False
ab5c027d-c4fa-4c1c-b8ba-3819081c72df,1,5,True,False
ab6a6fae-cf8b-4ac7-8756-75f5975e4eca,1,1,True,False
ab6f56a4-f6e0-49fc-a0d1-dc883d67f337,1,8,True,False
ab7d939d-318a-4f46-b793-c650a58e6c26,1,3,True,False
ab8a60c1-844c-4211-a691-549dceb82fb7,1,10,True,False
ab9cda51-7f2f-457e-8ac6-7d5026413599,1,5,True,False
ab9e0912-7f08-4387-8c43-6ba626dd03a3,1,3,True,False
ab9ef4c6-a01a-4cfa-b0a0-8e10ce6caeb4,1,5,True,False
abafc677-8d82-4777-a747-ce79fe3bfe0a,1,10,True,False
abafee47-e691-4556-92bf-786e8e4a34fb,1,2,True,False
abb27e4b-bb1f-45ef-ba16-37de345c877d,1,7,True,False
abb4358e-9a55-485b-821f-ada227e47f82,1,4,True,False
abb8d654-cb62-4e8b-b951-4e1c6460f6ed,1,1,True,False
abbc728e-94be-4169-8554-d744bb69bb3f,1,3,True,False
abc9b687-6d74-4c0b-a300-2c8b55c37c24,1,9,True,False
abcdf09b-4217-438b-b7a2-aa01e3a2ddb3,1,1,True,False
abd23403-5b14-4342-8a9e-b6d1844fcb43,1,4,True,False
abd8c71f-584b-4b10-ad22-9822ce82215f,1,9,True,False
abdedfb3-3ca9-4158-af1e-28524aca28d5,1,1,True,False
abeae9d2-a0b5-4ca0-a941-457a43f0ccfe,1,9,True,False
ac065f33-9149-40a2-a279-63ff849b13af,1,10,True,False
ac085abc-9317-425d-b8a3-8394245e0644,1,4,True,False
ac12e94b-d7c4-4428-b168-4c1c8026d33f,1,8,True,False
ac1fde63-197c-4913-b209-f1eee27d02c5,1,10,True,False
ac24cf68-62bb-4072-8aee-49784151a0f3,1,7,True,False
ac2c896a-7a1a-475c-b6a0-db7f906c64e3,1,2,True,False
ac3ac010-1dfd-4e6a-b7e3-481e68512d09,1,10,True,False
ac3b1cf9-0b05-41a5-80e6-8eb3e467f3f0,1,1,True,False
ac3d0728-74f7-4101-8c1c-ce65b10bd5a5,1,2,True,False
ac452807-b2ab-4cd1-8ce4-2c51c9db349e,1,1,True,False
ac4a742c-0cfb-4772-80b1-70b9f7983ef7,1,1,True,False
ac51713a-e3c6-4d1f-ac60-f585a2333280,1,5,True,False
ac561b67-81f2-4f47-8085-943f4a175331,1,11,True,False
ac75735c-fc95-4a5b-ae1d-8622180e23f4,1,11,True,False
ac970eae-a3e9-4b05-911e-1afa288ecb0d,1,6,True,False
ac9c4fad-7989-4d54-a123-61924000210e,1,10,True,False
ac9f4569-10d6-410f-925b-efe87f350a3f,1,3,True,False
acaa2bb0-1e56-4a4f-b6da-f44c0eb33c75,1,4,True,False
acaaf29b-2abb-4161-a0d3-149a37b37d3d,1,7,True,False
acb4e21e-33d6-4acc-b2b1-1aecc182333b,1,9,True,False
acba380c-d4e4-404e-aca5-60945fdd7c87,1,11,True,False
acbbaba1-0dea-42bb-9324-7bae7bd1b5f2,1,10,True,False
acbc3235-f8c7-411f-8c97-43dc5cad30f1,1,4,True,False
accba1d8-e16a-4d3e-90a3-47771f4edcc1,1,4,True,False
acce7c68-aa8e-4be0-8185-2e12e86481b1,1,1,True,False
acea8c0f-8256-4008-a1f9-1491896c371a,1,7,True,False
acf673ec-471a-4607-8ddd-59dcd0d3df92,1,9,True,False
acf702f5-d34a-436c-bd46-8db7c3de9847,1,4,True,False
acfb8380-cc94-4c2c-a586-4e843213600b,1,2,True,False
ad0b023d-7d33-4f0b-a3cf-3e312ebe4f81,1,9,True,False
ad140306-a857-4a8e-902e-1bcf0e491280,1,9,True,False
ad151175-7190-41e4-81b3-92c2b50d2b61,1,10,True,False
ad17fa5e-fba2-47b7-87af-9bfea9c73104,1,9,True,False
ad1cd418-ab9d-401b-ac3e-998e103f076a,1,9,True,False
ad2672a9-1eff-43ac-ab91-8903cca72654,1,3,True,False
ad2c1137-a9e0-4c4f-8dbd-5b6db921b62c,1,5,True,False
ad2fa4c8-81c4-4808-b7de-299bf57ce02c,1,4,True,False
ad314636-7f7a-49f6-a031-7b77d5400d98,1,8,True,False
ad33e469-3159-4e11-8482-4e3dc65be0c6,1,9,True,False
ad3ea9ae-3f4a-43f7-a1c2-d6f2ad7de3fc,1,5,True,False
ad41ea55-260a-4f14-b5e7-4383d942805c,1,1,True,False
ad545ff1-51f5-486c-9293-0c5ee10a7bcd,1,10,True,False
ad62ebd9-e788-48a6-bd1f-8f62ae9c7d55,1,6,True,False
ad74fcfe-be32-4422-960d-ee80c8729840,1,2,True,False
ad7ba68d-3b72-4296-8de1-02761929d7f0,1,8,True,False
ad7c100f-e81a-4460-8a4b-a76293afffbb,1,10,True,False
ad7f625c-997e-425c-b0bb-98a425a69d6e,1,1,True,False
ad891267-bec1-4c59-8b4f-fcf583847011,1,8,True,False
ad9f09d1-a3be-4fa2-b283-fa8b2a5a1323,1,7,True,False
ada33e35-76c2-4699-9277-b527c6da36cf,1,4,True,False
ada342a4-aa4b-4dbf-8d31-e6068d074811,1,10,True,False
adab8c71-b0db-4ed7-a045-f4ce034c242c,1,4,True,False
adad2c66-dcd8-4d42-ba7b-1a4527f68de8,1,1,True,False
adb0e895-95fb-4e70-a500-c3aa5a57e4c2,1,10,True,False
adbc1d6f-d07e-4147-bf9b-742961edc07a,1,9,True,False
adbf3da5-73b9-450b-ac23-34e77526d61f,1,6,True,False
adc910f3-c963-445e-a0d5-b462500e89fa,1,5,True,False
adce7ff4-c6c8-4a53-aa4a-84b1af601f3e,1,5,True,False
addc1d63-2075-42bf-96da-d5860f7d7064,1,5,True,False
adddaa97-8c1b-4761-8683-30db8469551a,1,7,True,False
ade6372e-8815-4f85-83fe-0ab10d1f6e7b,1,1,True,False
ade7a087-c620-49f2-a69e-f1238e74f453,1,1,True,False
adf19d87-c2de-4c59-bd75-f83dcf7c03f4,1,2,True,False
ae07442e-560b-4b86-90fd-773a07b72899,1,7,True,False
ae126d60-cfc0-4339-9fbe-ff4d8bf69047,1,6,True,False
ae1efb6c-1d60-47bf-b207-17b6ec9d864e,1,8,True,False
ae2c496b-ca55-48e2-9fac-879cbe0d9a49,1,10,True,False
ae339668-1f3e-4d70-95dd-c35ae2559e28,1,10,True,False
ae348c7a-da3f-46fb-8db7-e25a9b5223d5,1,11,True,False
ae43372e-5010-4206-9688-60d090a5ca84,1,11,True,False
ae45d5ea-843e-4a6d-bb88-38db2e0cc77b,1,9,True,False
ae48a94c-dee5-44f6-bd28-3faf2acd1b67,1,1,True,False
ae4db004-710e-4b04-bdd7-02492874ef57,1,5,True,False
ae542697-8e11-4d4f-9bcc-2484b482ca1b,1,8,True,False
ae57a297-0131-47d2-9845-3724f4006a19,1,6,True,False
ae5b468e-3d58-4ffb-b880-d2d5d90b2259,1,3,True,False
ae7d9133-2742-4921-abde-09ed72ad7fe7,1,2,True,False
ae7f1b31-4a6a-41dd-900f-a3483b964872,1,2,True,False
ae852ad0-788d-4308-bca0-02aaf684b3c7,1,6,True,False
ae867cb9-979f-4a81-90f3-5a38ab83ed99,1,6,True,False
ae8b2679-b75e-484b-9597-6b681a082df0,1,9,True,False
ae8bcf56-9429-4ea6-92c9-2fe78203aad1,1,5,True,False
ae99c3c3-521d-47a1-acc5-ccd4a0e14b09,1,10,True,False
aea9b756-1eec-414b-af4a-53ed6a7b9a6f,1,6,True,False
aeaba3b5-59a8-4720-a038-a413d481c345,1,11,True,False
aeacdf5f-1eae-409c-8786-455d91ed2aaf,1,7,True,False
aeb42f61-40fd-4183-974e-06e07052ed77,1,5,True,False
aeb60c2c-c770-4b97-b0e9-3da9ddf52882,1,7,True,False
aec6030c-afd5-460d-983f-3d7021039c45,1,1,True,False
aecbf0ad-7879-444b-9b3c-2022051b85e0,1,5,True,False
aed92712-9327-4d81-b9f1-c358c8c8c209,1,9,True,False
aedd8999-db82-41c1-9a10-02e7447524cd,1,5,True,False
aeddcaa0-94ac-4cad-b211-5c2264591113,1,5,True,False
aede6938-f4dc-45d1-be29-30b8007e3771,1,4,True,False
aee2ca41-5b52-408b-8fcb-f5c5534ab3bf,1,3,True,False
aee3ee6d-79d3-4d32-afd4-10945258389f,1,10,True,False
aeea93f7-1ea1-4026-932b-e2b394300997,1,10,True,False
aeec2933-534d-4838-9f84-5d8774abcc5d,1,5,True,False
af15d4d9-b6ca-4140-8308-51f5d8160a47,1,9,True,False
af23e5f5-f04d-422c-ae60-c9328aef0e6c,1,3,True,False
af297391-9b87-4222-b4e5-339063a835c0,1,1,True,False
af3030b3-70a0-4071-a8aa-bb635aaf5790,1,1,True,False
af3e6825-1b4f-41c4-be38-3d7596216044,1,4,True,False
af4913e0-a015-4e58-aebc-b8a76ed65c71,1,1,True,False
af4a85c5-5969-4c4c-b0ff-99d6af6f9e3b,1,5,True,False
af4b8d3f-7786-41a7-aa37-91f628a4494e,1,7,True,False
af5a868c-0780-49ca-bcd4-6b55c5e5693d,1,7,True,False
af5b273c-021d-4697-b73b-c0ab0bde601a,1,1,True,False
af657c86-32b1-475b-b62a-cd870b1b3ac2,1,2,True,False
af66b307-a289-487b-aab3-5523aac5351c,1,8,True,False
af6a1d76-9720-4706-957a-877743dbc4d0,1,3,True,False
af7504bd-0d03-4cc2-bf1e-eecd836eed4d,1,11,True,False
af7d4bad-91af-445a-bf10-3a37e156d020,1,1,True,False
af7ec7f9-878c-462f-87cd-f7410dc4c0e3,1,3,True,False
af81083b-5abf-4bd9-8b16-5651fcf414f3,1,7,True,False
af9362ca-0bce-449a-8b1d-4c432270e791,1,1,True,False
af976d19-bbcf-40c1-bb9d-ba16b4413822,1,6,True,False
afaba111-b4cd-4b19-a933-21b0bd6782a9,1,4,True,False
afaecb12-ac95-4681-b4bf-0436818f9366,1,7,True,False
afb1f13b-3cb5-44e6-b558-e18451c9ab24,1,3,True,False
afb42ba5-a91f-4c3a-b94c-3956572c5963,1,1,True,False
afb85107-7760-4520-a807-f1ad01941d47,1,11,True,False
afb9618e-4658-402b-bccc-d9982089deaa,1,11,True,False
afbe3e57-663f-40d2-993a-230a09a4cdfc,1,6,True,False
afc7bfe4-ca53-45a1-ab20-056f83930047,1,3,True,False
afe2c210-2c8e-47ae-a3cb-b0aa91732ceb,1,7,True,False
b005bb03-3484-4ffc-a91c-953a2ec139ec,1,5,True,False
b007e12f-3da4-4996-9c9e-c03e228eeaeb,1,6,True,False
b00835ab-7cb1-4eb3-ab6b-04d643270331,1,11,True,False
b009eca4-83b6-469a-b320-d598ec5e579d,1,6,True,False
b0177a6b-4d71-4473-8d64-10f2c108299b,1,6,True,False
b01f857f-e77f-42fc-b1b6-e5dad6271b35,1,8,True,False
b0244994-1fb0-442b-b539-c9d9420e7a0c,1,5,True,False
b0288286-448e-4590-ba58-567c1843056e,1,1,True,False
b0433212-34bf-4b70-b06b-c7523315e614,1,3,True,False
b04a000e-676a-4691-985b-418a810b5e63,1,4,True,False
b055266d-7193-49ef-b742-4da23d629a6d,1,1,True,False
b0561926-166d-45bc-994b-77712ec87392,1,5,True,False
b05c6bd0-06f6-4e2c-8a92-51c45665f3f2,1,10,True,False
b05de696-4ab0-4d28-8371-4315b9192bb7,1,3,True,False
b0695108-04d6-4c04-a3c4-40e21dcab1d0,1,4,True,False
b0696caf-240a-4ec6-a67c-0dc5838127cf,1,4,True,False
b06aad4c-b792-4ac2-9b62-31a805f12397,1,8,True,False
b06de52e-2925-44c6-a789-fbc546b29631,1,1,True,False
b07f3f42-63bc-43ef-b07a-160333aa1abf,1,11,True,False
b0836fa5-1257-4535-b0e2-fb52e931ee9d,1,8,True,False
b089e5e1-6bca-41bf-b873-bf41bbe92b46,1,10,True,False
b0926e01-567b-45df-a66e-11c1564f90f6,1,2,True,False
b094d122-573f-4bd6-8530-2977db7795bc,1,4,True,False
b0972df2-6f77-4d0d-8281-a8c91d00d5a0,1,6,True,False
b0a27a55-cbbe-4667-9100-c69db8009033,1,7,True,False
b0a658ed-1d94-4369-a3b0-da93b24ca772,1,2,True,False
b0ac7258-a431-40d5-b7d4-79f6835440ae,1,9,True,False
b0baf885-dd68-42a7-8a05-5fc0948e3dd6,1,3,True,False
b0bb80a6-f725-408a-9269-9d2afef2285e,1,1,True,False
b0c4a6f4-f6ea-4127-8efc-5189b9d3020f,1,11,True,False
b0c9f025-7e4a-4955-a469-1fa212734b46,1,1,True,False
b0ce33c4-fb43-47c0-a77a-047003ea47ab,1,5,True,False
b0d9b935-e26e-4f5e-a6d4-65cb2f37774d,1,6,True,False
b0e556f5-bcf6-493b-b43b-63999015b4f3,1,8,True,False
b0f51fe7-b9f4-418f-b8c1-f68557f64dc3,1,10,True,False
b0fec59a-d8b0-4395-a294-d15e4480cf81,1,2,True,False
b109096f-e9ed-4b15-91a6-07601a964a9c,1,11,True,False
b10975f0-5a39-4506-87df-7710f4169aab,1,2,True,False
b11c3240-71c2-4adc-8f64-998ab65f2bb0,1,10,True,False
b129e855-2e36-4c4a-865f-eaa5faa00792,1,4,True,False
b12c4929-5c51-4a5f-9f5a-2417dc8ab470,1,9,True,False
b132a645-5950-4e7d-a77d-279e727144f0,1,4,True,False
b13495ef-309b-4f64-bdff-93ec5957ac91,1,9,True,False
b1407eea-aa72-4466-9a8e-30e2b5e65dc9,1,3,True,False
b148a00e-1fe1-421c-a411-7add63268063,1,1,True,False
b14f4b4b-7737-4830-8a8c-3aff6a2198cf,1,10,True,False
b15595d7-94fe-4f45-bb1e-082587fd64d3,1,1,True,False
b15dc93e-1c0a-48f9-9220-0427b5caa29f,1,11,True,False
b161c4f4-626b-4a9c-abd5-382c24a231ea,1,1,True,False
b175c8fa-178a-486b-9e76-36d848668bff,1,8,True,False
b17b20fb-d645-47a4-ade1-7d54735a60dd,1,2,True,False
b192e947-a543-4a91-94f2-8e585e2bfd3e,1,5,True,False
b196e353-21a0-46ce-b038-e514810dcf34,1,9,True,False
b1a76b8f-c0da-4de4-a0f3-0eb8935f5ba1,1,7,True,False
b1a9a693-3c35-4d96-a236-bb71f7c7861c,1,2,True,False
b1b2e27d-3e68-44c2-8fbe-a8004fe6081c,1,8,True,False
b1b37904-8737-47c8-a595-12d8fa46d15e,1,4,True,False
b1b3b2b8-5068-4646-9071-df11e1e5956b,1,5,True,False
b1b4ccfe-e1a5-4cf3-9b22-62a70d477786,1,6,True,False
b1b4e730-1dfa-45ff-83bf-46348a90d0b9,1,5,True,False
b1b87bbb-0d7d-4b3f-8a06-5e032c37431c,1,7,True,False
b1be40af-2a83-4401-9fda-a3ddee772af1,1,9,True,False
b1cad718-0a9a-45e8-8945-68dbeec28314,1,4,True,False
b1e41bd8-82ac-40d4-a7da-42fc78df1159,1,7,True,False
b1e5c72b-0bea-4364-acbd-4877eaa65976,1,8,True,False
b1f9cfa1-b307-4a5e-8a53-e87ea87729b7,1,5,True,False
b1ff641e-f039-487d-a0c4-9d371d7640d6,1,7,True,False
b2005161-5fd3-4a76-b06c-69e0e3b1f796,1,8,True,False
b2051882-4b47-482e-97d8-46434519f95e,1,7,True,False
b2071fa5-0f2e-49fa-8584-941895f61d64,1,8,True,False
b20fb114-cf26-4ab9-8217-febaf3ae33da,1,6,True,False
b2118aee-2d54-406b-90c4-8bc8e57ac007,1,1,True,False
b21ec8de-290b-4899-b164-1dd77005b91f,1,3,True,False
b22ef233-ca01-443f-9a4f-a72367fe04a0,1,4,True,False
b23c8b74-9191-4fbd-947a-00a993fcdba5,1,4,True,False
b24ba6fa-feb8-4dc3-b6aa-8030e50c44b9,1,1,True,False
b24f47fc-f022-4e17-8dd7-337c8f85c1f4,1,2,True,False
b2554f50-6381-470a-8854-e170a43e5c5d,1,6,True,False
b25be4f3-158e-4204-a9f9-8db73d54d245,1,8,True,False
b2680ef9-a09f-44b7-90c9-c6ed92d8df11,1,6,True,False
b2708cd3-19f6-4309-a130-a0056b45c32e,1,8,True,False
b2763ee5-b89f-48bd-b96b-e0077052d5e2,1,5,True,False
b2789568-137a-4ee0-a1ec-8f1315f7c298,1,7,True,False
b27fcc9a-9696-4bdb-bf17-74c9f7b4bb05,1,2,True,False
b28dad7d-9ac4-4cf4-b940-8c4e1e03cf88,1,11,True,False
b2a17d85-42ac-4338-80b5-182b07d8d546,1,6,True,False
b2a2ef3a-c6ad-4e98-a215-77fc1943ca36,1,8,True,False
b2a57b3a-a844-4cde-9e1a-d3445f3e1512,1,4,True,False
b2b90a10-ba27-472e-a565-a3b4c0aa8a12,1,10,True,False
b2bbd502-605d-4ce6-b1bc-f0563508eb50,1,9,True,False
b2c5c4c3-7b32-4a9a-b5f5-8f73082a7c78,1,8,True,False
b2c632bf-531b-438c-82e7-8a8c7d8f6426,1,4,True,False
b2c7e0d7-f92a-45db-8443-d8f88da9bc5a,1,11,True,False
b2d65386-ebc8-4774-a5d4-77bc87c7749e,1,3,True,False
b2e1031f-b9e1-4e6d-ae90-f2ee503b7af4,1,11,True,False
b2e43023-6021-4e92-b453-620ac34bfeb8,1,6,True,False
b2e5bbe0-c524-4ea5-b036-45fd56959075,1,11,True,False
b2ea8777-a637-458b-bec3-ac17387c8390,1,7,True,False
b2f762b8-89d9-46b9-b7e8-5408148069ec,1,7,True,False
b2fdd23e-ce8a-4e00-976b-d199b8913cf3,1,10,True,False
b303ba8b-76df-4a34-aeb6-ea7d6c064275,1,4,True,False
b3064cb7-1fab-40e8-8f46-15a42a33e4f8,1,2,True,False
b30f6785-cea3-42ee-ad26-18c363ca1fc1,1,5,True,False
b31653c0-ee88-42db-8122-054699c85e98,1,1,True,False
b3176e78-1270-4248-8f65-b830e986265b,1,9,True,False
b31ae93f-85f7-46a8-af9e-c1906332b537,1,3,True,False
b31c262f-1b56-42c7-affc-39e8c282a1bb,1,6,True,False
b31f0166-40d8-47e3-8d6c-34c137dd2a60,1,11,True,False
b3322d81-6e35-444f-9238-e3f0e674ea24,1,9,True,False
b332742d-78f9-4469-bb07-ff9fd3220a27,1,6,True,False
b33413a6-fe2c-4825-8fd5-b1039c4238bc,1,7,True,False
b3348903-6efe-451d-80c7-585be03fc163,1,7,True,False
b33a2c50-e5d3-47a7-920d-07d7c7a51330,1,4,True,False
b33c5ba4-2e1e-41dd-8422-288df17a6715,1,7,True,False
b34c50ea-e6e3-43a0-8da3-5cef0e29d025,1,7,True,False
b3508d9a-85f7-4f90-876a-978424ac4879,1,5,True,False
b35f3cc2-5626-42e7-b18e-7f08af75ea23,1,4,True,False
b361a8ff-af76-40cc-9f54-811b6bfd5eb5,1,4,True,False
b366bcf1-fd27-4c09-aa77-4d1adcfac5bf,1,8,True,False
b36cb057-1ee9-4485-9015-e7d2d5b4dc27,1,4,True,False
b36e8d04-424d-457c-91a8-1e7976b679fc,1,11,True,False
b3885ee1-113c-46fc-a8fb-9990448dcc86,1,6,True,False
b389016a-090e-43e2-a88e-50ec952b068f,1,5,True,False
b3892df9-a496-47f6-b9f5-7a35e1e316b8,1,9,True,False
b39d2bb8-7835-4d9d-8e01-f7cec9ff5289,1,2,True,False
b39e3f4a-9683-4f9f-9285-0345f9e385c1,1,10,True,False
b3a6e71d-7b4a-4e51-b7cc-ebdf7569f988,1,2,True,False
b3a6fee7-6337-4196-b52b-83bb0b9f2f77,1,1,True,False
b3b096e3-5038-42e4-b0d7-23e0913a5d35,1,5,True,False
b3b5dcb0-9341-411c-a1ee-9b44e3b52841,1,3,True,False
b3b8fc45-1346-4f7c-ae69-3adbc09ddb44,1,4,True,False
b3bb805e-93fb-4c29-a873-969855af405a,1,1,True,False
b3c1e432-41c0-48c4-9771-f4efe6d8b155,1,8,True,False
b3c40fe7-e0ca-4ea9-9a70-60ebd5915db4,1,4,True,False
b3c86b17-ca02-451d-b402-43531ab6db77,1,2,True,False
b3c8792c-16bd-4e08-9c23-565f46e68432,1,1,True,False
b3cf6a58-1b63-4b5c-9494-ef92d769b229,1,5,True,False
b3d3c699-6a3f-4195-ba65-ed7c5bd4e0fa,1,7,True,False
b3d46c35-232c-4bf7-a42c-05cd0b367fb0,1,10,True,False
b3d6fc66-d477-4291-94e9-694b01f1fcf2,1,5,True,False
b3e07019-45e1-4f1e-9b40-08bd87df7871,1,9,True,False
b3e50e52-cf7a-4a9a-a974-db55f9a3dafa,1,8,True,False
b3e63c6e-4b76-499a-a025-e201e1a13d8e,1,7,True,False
b3f813fc-88a0-4688-af4e-ead24b8271c6,1,8,True,False
b4028c5f-3ae8-4b9f-8450-4216e0840a8c,1,7,True,False
b402fadc-a452-4279-b08a-3f0c415f319d,1,9,True,False
b4167381-461d-4786-8871-206b2adda5b8,1,1,True,False
b42c9cf6-ac71-4c42-86d7-74092f1a9a71,1,7,True,False
b4306190-7426-4283-86b9-8a4251ff6838,1,4,True,False
b4373f3b-777d-4a85-bae7-434bcf9b4b56,1,5,True,False
b4389b43-69aa-4efd-9780-dd67eb31b033,1,1,True,False
b43d8756-0f8a-47c2-a2b6-2bc0ef369b29,1,7,True,False
b44cc825-f4a5-4df1-8ced-57c37a38a835,1,9,True,False
b4610d15-fe9d-4a4c-9967-d60ab46e9b1e,1,10,True,False
b467af07-0f63-4bba-9f34-e30905bccd83,1,1,True,False
b46c2425-27ed-4fa4-8fdf-7810798f4442,1,3,True,False
b473e3ac-6df5-43c1-80f9-8dc9979d1afa,1,8,True,False
b49bc1c6-0fde-4eb3-854d-74ecfb778154,1,7,True,False
b4be4e40-0b3d-4a12-b6b2-675f3e525589,1,1,True,False
b4cc0bf6-a35e-4525-bf51-b96978303ab8,1,1,True,False
b4e103a7-ec32-4f75-b9fd-0ab877e61c04,1,7,True,False
b4f37ac4-6f3e-4cf4-bea6-f926cf5dc86e,1,5,True,False
b4fa053f-3d77-40a6-9e1d-4066f4fdbdb8,1,7,True,False
b5002482-3470-4f54-857c-8d346415447e,1,3,True,False
b50bb38d-6130-4c26-9e45-25344aeb260d,1,8,True,False
b50bfff6-49f1-443b-8042-3f8e64cfa8fa,1,10,True,False
b51aa4b2-c582-4d8d-a749-f72ca42c985a,1,3,True,False
b51de709-ce7f-461d-b9cd-fdcf35cc1042,1,6,True,False
b5200f3a-1f20-4c58-806d-3aaa8ddcad1c,1,1,True,False
b5239bf9-881f-43e1-aa1a-c2e081507df9,1,6,True,False
b540bdc6-8086-4cfc-80ee-0043c42ff506,1,11,True,False
b543f29c-a9c1-4c65-9869-96c3e08cca4e,1,10,True,False
b5552dc5-b8ab-4474-9ebc-639a40001500,1,3,True,False
b55b7f42-2a7d-4ecc-acab-f3e8e1973037,1,2,True,False
b561ade7-8a95-44c4-9f9e-a17f99756efd,1,7,True,False
b56435af-48c8-4627-a576-6a8c5b214456,1,4,True,False
b592c19e-484c-400e-b4aa-0b6d8bd550cc,1,5,True,False
b5943608-7ec9-4ed8-8799-0bf3ae1b6657,1,7,True,False
b5961ac2-d742-4644-9854-1f9072f4f512,1,7,True,False
b59aa270-2999-436f-ba58-3badbe1b678e,1,7,True,False
b5a3b762-4d72-4daf-88cd-173fa032035c,1,4,True,False
b5a811aa-cf1b-4d40-97f1-a095ad4b8d8d,1,5,True,False
b5b627a1-3abb-44ea-9234-7fab45cff450,1,6,True,False
b5c16b55-372f-4e7b-babb-6e999dcec1ad,1,10,True,False
b5ca9d69-19b6-424a-bc11-693f0d722a3c,1,1,True,False
b5d0e657-cd64-49c2-96d3-fc509b5ae68f,1,4,True,False
b5dcb704-5b02-4dc8-8fe1-5db2e6e663be,1,2,True,False
b5e5ea20-d788-49b7-ac13-6a170240508c,1,8,True,False
b5e67092-32d8-425c-91c6-cf1079fc7f1f,1,2,True,False
b5e724ab-6971-4239-a6d1-dbbe038c9a0b,1,7,True,False
b5f9dcb5-af06-4ea5-91c9-71e63fcc6209,1,2,True,False
b5ffb2ff-2af7-4342-96cf-336a48dacdb2,1,9,True,False
b609b52f-4ebd-44f9-b5ce-1b519811aad9,1,5,True,False
b6120a42-cbc8-45d8-8559-53fc395cb91d,1,4,True,False
b61526df-e60b-4811-85b8-1d42ae148486,1,10,True,False
b6197181-f6d7-4b16-a9df-f197b5a07351,1,11,True,False
b6291db5-bfc1-493b-9e53-287231e95115,1,8,True,False
b633e629-2cdb-40bf-9634-5d3de66fd080,1,5,True,False
b63dddb5-8f8a-4004-9a1b-138d35f88c77,1,3,True,False
b6487da6-bd0a-44ea-8990-11197009b0f8,1,6,True,False
b64b3661-dfe2-4460-a77a-1f35505065ec,1,3,True,False
b64c5456-1fac-4922-b337-28d9dfb83581,1,11,True,False
b66788ee-2e92-4090-8872-860d984dd106,1,2,True,False
b66f9de9-837e-4b7a-a74e-e4c83fa1b6cc,1,6,True,False
b67122df-5af4-46a2-ab84-b3e482398f00,1,3,True,False
b6758f27-fad3-4d65-87f7-b2b3eeb94583,1,3,True,False
b680dafc-623e-4993-8f1d-8d168ae379d0,1,7,True,False
b6880be4-f088-4de9-bc1e-4ddcc64981a3,1,6,True,False
b68c3a06-d519-45b1-b6ed-b063933fd2a9,1,9,True,False
b68de13f-f922-4be5-9763-31485134a898,1,1,True,False
b699864d-2aef-488e-a1ea-02f763b1b833,1,4,True,False
b699c87d-457d-4d59-bbad-302bc05f2504,1,11,True,False
b69b086f-5803-4b2f-a319-7f4a6219f734,1,5,True,False
b6a1812f-057c-4eb2-8c40-12c5788f496e,1,11,True,False
b6b25c3d-5a68-4153-9442-255ebaa77f09,1,2,True,False
b6b3e6d5-c9ed-4412-ad02-b18bb45bee3e,1,10,True,False
b6c5f7e2-f8a9-42fd-9410-60d0b09eeccb,1,4,True,False
b6d70915-51b2-414f-977d-fa231f463df6,1,3,True,False
b6d9b12b-ba45-41df-a575-abc42c650f53,1,9,True,False
b6dcd2cc-0207-4429-aa6e-a4b0baa67c01,1,11,True,False
b6deff6d-0662-4f08-b7ce-3e0f72299bf6,1,6,True,False
b6e5d322-4db0-42d7-8b82-503bcb02c001,1,2,True,False
b6e6703b-2012-4a90-bf30-8b03bbb40785,1,9,True,False
b6f05868-027c-4c87-8649-18ba9f4f46c1,1,8,True,False
b6f1e728-0a5b-4b83-aea2-e6a91175dec5,1,7,True,False
b6ff33b8-da0e-465a-a519-d7439b2cafee,1,5,True,False
b700ea26-9151-4dfa-ae97-4e7601814125,1,5,True,False
b704d179-51cf-4894-9093-d098e7af5976,1,10,True,False
b708616a-e5d7-46f3-9c0f-0526b1a4cb2d,1,11,True,False
b70e9b69-3026-4216-9a4b-c244782734c9,1,1,True,False
b710974b-6993-4110-9dc3-48ce103fb9e1,1,9,True,False
b71ad6b2-aec8-4b48-a912-b6e71f5cbcd0,1,10,True,False
b71ebd60-a90e-4019-88bd-749c61268311,1,7,True,False
b722e22a-6ca6-42b8-979b-1efcecc2e15a,1,1,True,False
b7266c4a-7bbe-4235-ac04-41d5dc7f0210,1,2,True,False
b7268772-9e71-40f5-8518-48cb2bfa5022,1,9,True,False
b72e3a3d-9cd6-4d2b-b0ee-909ec122d048,1,3,True,False
b7327b9b-0813-4138-a8e5-f6afad0a5472,1,10,True,False
b735f445-2ebf-406d-82d2-7c9efbed6da5,1,3,True,False
b73e882a-10d8-451e-b868-0bd1431300cf,1,2,True,False
b73fa159-2fa9-42ba-954e-78f950d7088c,1,4,True,False
b74a22eb-9680-4395-a61b-c30371dcbb93,1,11,True,False
b74c15ba-03a9-4bf4-af84-d22d82d2916c,1,1,True,False
b7514b26-3f6b-41ad-96ac-ea730426242d,1,6,True,False
b765744d-fb56-410b-8648-4152eb970fef,1,6,True,False
b77238e7-8010-4277-b38b-8376d6a871a8,1,9,True,False
b7770a40-0a86-41f6-a57d-627d0416632a,1,6,True,False
b7848da4-29a7-435d-8831-c0428c90011e,1,1,True,False
b7851e64-16ac-4789-9f4f-b59319e6d055,1,4,True,False
b78619ba-d5f9-4387-be13-8fda8e3ab972,1,8,True,False
b7898822-5efe-4ba0-8888-240d462a6373,1,6,True,False
b796762b-ebd6-475e-aee7-a07a2dab029b,1,11,True,False
b7a2ee61-0d22-45bb-ba72-ed9f546256d7,1,1,True,False
b7abc05e-8412-4b8d-8c50-7769c3bbe268,1,10,True,False
b7b39310-08f5-474d-beab-5108653d199c,1,4,True,False
b7b9d42a-c3fe-485a-b452-b2b2bc58c8c6,1,5,True,False
b7c0fd61-929c-436a-b219-fa8d7bf3d14f,1,2,True,False
b7d3f4a5-a426-4a4a-b51c-cde178707bc4,1,1,True,False
b7d98b6f-b169-4759-b7b0-3a3367377d86,1,11,True,False
b7dea250-8446-4129-9858-66a6ed2a8f15,1,7,True,False
b7e02899-a93d-4593-86ad-08eb6fd511d0,1,11,True,False
b7ecb2ab-baf5-4c78-bb83-23d0190f3f55,1,7,True,False
b7f4d74e-5dcc-4bc0-952c-af7de716fa5d,1,7,True,False
b7f8adc6-370d-40fc-922d-f3a0c173f308,1,2,True,False
b80c886a-76a0-4be8-9b22-c40dae8ad40e,1,7,True,False
b80ce630-e6d9-4ad3-922e-c3d025ad184e,1,2,True,False
b8123d5b-3eb2-4c0b-b58a-bfbb6fce9805,1,8,True,False
b81869e2-a7e9-466e-a0ed-4cdfb8c22c56,1,10,True,False
b81ab60e-b7e5-45a1-b41f-136234ee37e5,1,1,True,False
b82468dc-e08e-46d8-a34c-72e2fc217860,1,3,True,False
b829c797-d360-4497-80e1-4c6c02e6d3f6,1,8,True,False
b82ea481-25ae-4035-9019-8aee5d19404f,1,8,True,False
b8330339-8d16-4269-a64b-983a153a90f0,1,3,True,False
b848b0e8-1426-4e03-a47b-aa664a31ed2e,1,7,True,False
b8577eab-0d0f-4f70-8372-e020336232ca,1,10,True,False
b85bf41f-1006-4f75-9022-ec5219472619,1,5,True,False
b8693a44-7fa1-45fe-95ba-5c84f8714448,1,1,True,False
b86a06da-94cb-49f3-8aaa-6eb3ad2014f8,1,7,True,False
b8797ef2-48c5-4afd-9a0a-3595e5bacd58,1,9,True,False
b8863cac-e82a-4fe7-b24b-0c34cdb41b85,1,10,True,False
b88768da-5c92-4de1-b37e-f438aea64082,1,5,True,False
b88f86d7-82b8-492d-876f-65de43e2fe9d,1,3,True,False
b89da291-5734-4655-986f-4b76a013cd47,1,10,True,False
b8aef1c0-0697-43ac-9fe0-a243f7c82574,1,5,True,False
b8b23303-69b3-4d4e-b7ec-3241f706857c,1,8,True,False
b8b2b33e-b666-4d5e-b0b4-aeaca8f8ea3c,1,1,True,False
b8ccfeed-b878-4c4c-bc6c-a05b21e3babe,1,5,True,False
b8cfc94d-8a82-41b6-b62d-ae36db378881,1,9,True,False
b8d4a280-c842-42b9-8158-74e34d9ca8b9,1,6,True,False
b8f03c47-9293-43b6-99d4-a5163083379e,1,1,True,False
b8f3e90d-e697-45a7-8df1-7a9ede9e003f,1,11,True,False
b8f8b532-5997-416b-8669-ad2155d2e98d,1,6,True,False
b8fdc0c7-abfc-44bc-91af-c5ba3b1de465,1,1,True,False
b9074242-ea51-43ff-94f8-d765a6908c9e,1,2,True,False
b90889aa-b23d-4098-826f-2c321bac3fdf,1,5,True,False
b91df6b2-bca7-43dc-b5b6-4aac65f8e526,1,4,True,False
b91e8338-93b9-411b-9b67-788f2ee3f8bc,1,10,True,False
b930095a-cc2b-46d6-8602-2d7758d8a5ae,1,4,True,False
b94d2bab-a3bf-4fdb-b726-d9c77c0cda11,1,1,True,False
b94f4a03-1c8b-43e6-8964-1f03db43a016,1,11,True,False
b951c00e-e2ac-4d1d-a84a-2688c27d06c3,1,9,True,False
b96e0826-6b3f-4702-8d26-5bfa32cf5ad4,1,6,True,False
b971dab9-a494-4cca-b1b4-750c3416990c,1,8,True,False
b980ee8a-633c-407a-b746-9fb7b290d253,1,7,True,False
b985f6ad-f40c-4b06-9027-317ac1f126dc,1,9,True,False
b9865c40-2298-4f03-871c-16f13d690a54,1,7,True,False
b9b3b8d9-5048-40ee-88a8-5aca9b237c77,1,7,True,False
b9b8a69e-c8f1-4e38-9c75-e623f579a24e,1,5,True,False
b9bd2c1d-9ace-4790-ab62-78ee0ffb61b4,1,7,True,False
b9c1fa69-bf21-412d-a290-dfe60cf98a18,1,4,True,False
b9c44ee6-c5ce-4c24-98ec-ec06882479b7,1,4,True,False
b9c984c6-5976-4827-a7ec-66e048c1e6a6,1,2,True,False
b9cf53db-4011-4884-a9b7-07b82c900d97,1,2,True,False
b9dd2e9e-9ba4-4e07-9a74-ec5e17dbf9d5,1,8,True,False
b9e05f07-6fb5-4fe8-9ede-975fe8adaf90,1,6,True,False
b9e2127c-9844-4bd2-9b16-244c8c91f4e3,1,4,True,False
b9e771be-8313-4eb3-8faf-b5d3baf4b5d9,1,4,True,False
b9ebebbc-4ae2-43dd-ae49-d4a9c8a1b214,1,9,True,False
b9ee481a-5fb3-4891-beab-6af8f7dfdf15,1,7,True,False
ba03fb8f-b6f2-43aa-bf26-89d2695a1894,1,7,True,False
ba15f758-681f-439b-8411-618a22087cec,1,2,True,False
ba18b1ad-393c-46e0-90f4-602033869b5b,1,5,True,False
ba1ad1f0-cba3-40c2-a2ac-e437eec08882,1,7,True,False
ba26dead-24b4-4f00-b6af-a6df6d23007b,1,6,True,False
ba2ee84b-fbc8-4c39-ba95-af4a0506abd4,1,10,True,False
ba3d1bd7-fc78-45fe-ba6b-19f424f3b2c5,1,6,True,False
ba41c7b1-3b0c-476c-b452-24a302984207,1,5,True,False
ba43188c-062c-4606-ad6e-e12ad2d4e070,1,9,True,False
ba4dfc99-c652-474c-bc06-d2205e6f05e0,1,11,True,False
ba653051-fe08-4ac0-95d2-416c0cfbe791,1,7,True,False
ba65aaca-889e-4dbc-829d-cdf400db1a2e,1,7,True,False
ba69f40f-332d-4131-a144-428d282fd526,1,1,True,False
ba6e40e1-9864-45d0-b008-c94cddaf7718,1,3,True,False
ba707122-7681-4e85-a4bc-d09074c8cbe0,1,11,True,False
ba7d4c97-e96a-4e26-a73e-8312861bef62,1,9,True,False
ba8033e7-a250-4864-9879-f783d5128707,1,4,True,False
ba91e1f5-dab3-400e-a1e3-212461757783,1,6,True,False
ba98300e-c53d-4559-8a0e-13597e20b233,1,11,True,False
ba9938d6-8174-44b2-a564-e1e2887ba2f9,1,2,True,False
ba9bdbdb-476a-40d5-9626-da2c2d883be3,1,4,True,False
ba9ebcfb-b274-48f1-87fe-d5db79bcba97,1,2,True,False
baadf57d-6a5e-48c5-8617-c0c19748de34,1,3,True,False
bab520a8-59c5-4f0b-94b8-355145ef6568,1,1,True,False
bab61810-a646-4e72-84b8-ca9f356cd286,1,1,True,False
bab64db9-c73e-420b-9217-ba0c2466c1b2,1,2,True,False
babcc295-0d25-4faa-bae2-39ca352f7436,1,7,True,False
bac3be31-1671-4d74-ba6c-8f30bedaf014,1,10,True,False
bacc31f9-f663-44cd-84ac-46d45d0ccb24,1,4,True,False
baceea6d-1824-4a56-97f6-941a8ee21d00,1,9,True,False
bad30554-6d34-47b3-a6ac-8209f0bd5ac0,1,11,True,False
bad93e44-dff8-4a66-a599-4a46f531dcca,1,8,True,False
baefed8d-c2fb-44c4-9d97-6c1fedaff20b,1,4,True,False
baf991c8-e621-459e-9e50-0cb6dcdadc52,1,9,True,False
bb0214d9-4910-451a-be58-ebfc085d63cc,1,9,True,False
bb073724-c3cd-412f-9c3c-d698bb696e26,1,10,True,False
bb083f55-25a4-47df-b50d-be9945aa84f5,1,7,True,False
bb0b3fdb-114a-4e64-99c1-2566d8af9bb0,1,2,True,False
bb0c0cc2-1709-4411-becf-6f2c4b95b14a,1,9,True,False
bb114c32-b389-4d00-9f6b-57c052058297,1,10,True,False
bb1f90e2-590e-46df-97d4-4a55ed7c5dfd,1,10,True,False
bb214220-1e97-4a02-9687-db872fded73b,1,2,True,False
bb236b25-93e5-421f-9a3e-8ea1b84e805f,1,9,True,False
bb23868d-7bfd-42a3-96f9-c5fb7dc8be06,1,5,True,False
bb2a48da-5b1e-44ea-ace4-82197bd4de09,1,8,True,False
bb40b6e9-ab60-446b-b26f-e029fde23a70,1,9,True,False
bb44e18c-7624-43cc-acb5-c6f7a52b98f8,1,10,True,False
bb4e5f4d-1bd3-452c-a91c-63439d254acc,1,9,True,False
bb5455e4-000b-41a9-a188-a3a50c1b2063,1,1,True,False
bb547360-60e0-423c-8aed-492cd238801a,1,1,True,False
bb549631-3d68-47a6-8d70-564a0e151b2e,1,1,True,False
bb6c5141-1919-4b26-ab19-af695aa22e51,1,8,True,False
bb7a1efe-18ef-4081-886c-05c39ba88701,1,11,True,False
bb7b7db6-a802-4a76-896c-7bd91f16ec46,1,10,True,False
bb7be049-c356-4cbd-8105-1843ef1c1009,1,3,True,False
bb7ca9bb-bba1-4f21-abac-576b411f3f43,1,9,True,False
bb83d3eb-b0dd-455b-bfe8-e083cc39b4e4,1,2,True,False
bb8c9100-c7db-47a0-b749-18a845f0c9cb,1,11,True,False
bb8d0dfd-442e-4aa2-a208-2b6b3a5815b3,1,11,True,False
bb8ddbf5-0375-4a0d-bc82-aefbca3413c8,1,3,True,False
bb8f5a68-27c3-4c41-879b-11490f8da602,1,1,True,False
bb974e09-18b9-49f2-a49a-32e113f378c2,1,10,True,False
bba839ee-c838-4044-ac24-7820159b3ad3,1,10,True,False
bbac126b-ce96-412b-ad0a-c6fd569bade9,1,1,True,False
bbaf3e48-c2b3-45b8-9f6a-65f854ebd96d,1,7,True,False
bbb1bc17-ac88-45a7-a8b7-644ab9409859,1,4,True,False
bbb5c715-65d6-4719-bc0f-e48358c7d67d,1,9,True,False
bbbbdc98-efcf-4d7e-b595-a9319ed6ed47,1,1,True,False
bbcd3003-1df6-4985-a1f4-4bcad5f2458b,1,2,True,False
bbd2fe0e-0b82-40b5-8189-fbf7356ea407,1,10,True,False
bbdf7b9f-8219-4660-b52d-c24a095ba56c,1,7,True,False
bbe3d67a-1166-4904-a849-f90f4d23c615,1,6,True,False
bbe5872c-7216-4cce-bd4b-f16d0f913d15,1,4,True,False
bbe7b038-f946-4fa3-a4ff-6c851ba1a109,1,10,True,False
bbe87608-22d5-466c-b280-3f1a330a51d3,1,4,True,False
bbecf2bc-50b4-49a3-90cb-43c5fa081cbd,1,5,True,False
bbeee87e-d435-4aef-b16e-a734609dbf8b,1,10,True,False
bbf51f39-b6ac-4f3c-98d8-052b4e59b26b,1,9,True,False
bbf8dbdf-175b-497e-9fcc-1e261b30b18f,1,6,True,False
bc0571d5-504e-4928-9ae7-37f159fc69e1,1,3,True,False
bc1b227a-baf7-48fd-8ea3-838039f6d9aa,1,10,True,False
bc21b602-1969-4ef5-b45d-37ee2e9dd3be,1,8,True,False
bc227d2a-af7f-4ab7-8b2c-b54f1e22e613,1,1,True,False
bc2407f9-dd81-449e-be10-982e7f5d61ac,1,10,True,False
bc294d7d-ef83-41cd-9010-94c6c7b5b0e7,1,6,True,False
bc35e40c-adca-49b4-beec-220ae0823a70,1,8,True,False
bc361e30-feff-40c2-8df6-c9d24829549b,1,7,True,False
bc3e192a-892a-45d9-9b5e-48a8783c13de,1,1,True,False
bc3e50e2-da53-4c6b-bd91-db9874c24189,1,2,True,False
bc444622-20f2-43f9-89aa-ae1950561a40,1,4,True,False
bc51a54d-3559-4461-8950-4a3d1c367ea9,1,1,True,False
bc5ad12c-b42f-4519-a098-b5d3573d41f7,1,10,True,False
bc613516-4bc7-4bf5-a5b5-20537c71c7a9,1,6,True,False
bc66bb75-527d-466a-946f-e94a912ac27f,1,4,True,False
bc6f49c8-a39c-464b-86e2-441e632e4fa8,1,4,True,False
bc7c0232-a895-4c39-95d2-18b6e1cad21a,1,10,True,False
bc83d996-da9b-4dcd-a739-6f03c690682c,1,9,True,False
bc849780-3f25-484d-b3d8-705cabd3b5ba,1,3,True,False
bc8c4d64-9764-4cc6-bd2e-e79aa54bf26f,1,4,True,False
bc91289a-4ea6-4a3c-ae4c-d2a1de0657ef,1,6,True,False
bca40d4e-7768-49f8-9ca3-79e3c07c73a6,1,4,True,False
bcaa5989-2db7-417a-8be7-a0255af3ef25,1,9,True,False
bcaa5fda-bc4c-4d88-9b46-133dc531c26c,1,4,True,False
bcbcf16e-3e43-45ad-be27-5b245c65b262,1,7,True,False
bce355e7-fb00-4b25-8cb3-83d169f1fb7a,1,10,True,False
bcec5ea6-4ffd-4486-804f-ab0de620ae21,1,11,True,False
bcf2c17a-7847-49a4-a9dd-7cc9d4503f32,1,1,True,False
bcfc107b-4989-4935-8cb6-058098295bf8,1,8,True,False
bd05e14d-c043-4b21-9f9a-eb57f13e352d,1,2,True,False
bd21d365-6856-4eab-a50b-34fecbfbe40d,1,3,True,False
bd235116-11e2-4a4e-89da-930fa72066da,1,2,True,False
bd271c32-a7f1-4a6b-8e38-eca2789a8ca2,1,8,True,False
bd2fc97a-e84d-45d6-8dc1-6a03a021ed50,1,3,True,False
bd3978a1-e22c-407c-aaee-9630a961ac82,1,11,True,False
bd4b893a-be3b-44f7-b629-2ae476e76603,1,2,True,False
bd577b72-1ffc-4e1e-808a-6148eb44ad52,1,10,True,False
bd5b480c-e74b-4c5b-8c82-f1e0d9925de4,1,11,True,False
bd5d488a-2a39-4023-b3a5-2f220c72806f,1,11,True,False
bd5da065-ca65-4a84-81f6-91ceceecc86c,1,10,True,False
bd5e12b8-a5ef-4aa3-96c7-bac6da0a626f,1,2,True,False
bd609635-2261-4eb2-9d3f-16a1937e6818,1,9,True,False
bd62f04e-a21b-4c2e-ad49-28345d36f6cb,1,6,True,False
bd6ee4f1-e605-4cd6-a96d-e99ebf9c3f85,1,2,True,False
bd797251-7d6c-4474-9d98-360569111fad,1,2,True,False
bd8bcee8-bb4f-41cf-beb6-b9a2b712bc43,1,11,True,False
bd8c8bf1-f8f3-4f35-880a-ca2bb03ed182,1,11,True,False
bd8e6274-c83d-4a42-b8e2-ca1f79d426d3,1,9,True,False
bdaa9616-3112-464d-97d7-5ec047a01f27,1,7,True,False
bdadd3cd-4017-4f44-8af8-3dbe085b04e1,1,3,True,False
bdb38c10-9bcc-4b86-b3a0-5dd1f0cca4b5,1,10,True,False
bdb5caae-99ee-4270-8cc9-83926b51c3ac,1,5,True,False
bdbc3f66-c148-4469-be70-0c85c96f8530,1,6,True,False
bdc0ad3e-9743-4768-9319-28d95d2a3496,1,7,True,False
bdc34339-ff8c-47fe-8e1e-c8db6ef10233,1,7,True,False
bdd02b3d-1882-4d6b-b0fb-ad3554b95708,1,11,True,False
bdd0ea89-3970-42e5-a13b-0bc053aa22e7,1,9,True,False
bdd78df4-c0af-4a9b-b198-e3d72edab6e4,1,1,True,False
bdd83d23-dba4-4a16-be91-675766fd43eb,1,11,True,False
bdd9f982-0f88-4bb8-b69f-fbb866dc49d3,1,3,True,False
bddcb210-06ba-4f48-bb83-315e58565c2c,1,8,True,False
bde28fe9-e398-4055-8e8f-4b07f499ef6d,1,6,True,False
bdea26ce-2ea6-428a-a4f4-b1b5018307f8,1,11,True,False
be1eb97f-927b-4d76-b74f-6df796b502ab,1,7,True,False
be21f540-4361-4325-b870-b8555825c8ae,1,6,True,False
be2ed87e-b7c8-4c97-af64-3c89787cc1dc,1,10,True,False
be38a90f-a0dc-4470-b428-d941d9f75c88,1,10,True,False
be42826c-fc86-4ace-a070-2528c053ef48,1,1,True,False
be47e000-a689-4ad1-b91d-78b0dd9059c1,1,1,True,False
be487201-8fa5-4d93-8495-819fbdc2bb1b,1,6,True,False
be4d06c6-47b0-44a4-927c-d9db3053c55b,1,10,True,False
be64639f-35f9-40f0-8583-9e6a334eb2b7,1,11,True,False
be6cc4ae-5d13-4230-988d-1956ad63fb92,1,9,True,False
be6deb47-369a-4d10-a329-79e15f1cb357,1,8,True,False
be823e54-e207-444a-b18e-d316b41afea3,1,8,True,False
be8e7a45-b9c8-4c23-b8b0-c8dfa9a15efa,1,5,True,False
be93155a-ae42-4a84-b5f1-9291e845fa8b,1,9,True,False
be94dedb-2d77-4aa7-a9d2-00e50f4c4746,1,7,True,False
be94f7e9-f287-4026-a6ae-fe2a0d82c222,1,9,True,False
be96bb83-c3be-4c90-81c2-c634b239f896,1,8,True,False
be9d659b-0b85-4f5a-9987-a6b3d2d00168,1,8,True,False
be9ed5a8-4f39-4e1d-9b0c-285c5efc78e3,1,7,True,False
bea18724-782b-4141-914b-2fcda0445875,1,4,True,False
bea4b42f-55f8-43dc-981f-74197371a628,1,9,True,False
bea4c84f-2cd4-4c04-ab2e-0ea7de4652d0,1,7,True,False
beadfa6f-f07d-43ee-a494-78e75d70816f,1,10,True,False
beb4ad8f-5858-4187-bea7-025728de0572,1,9,True,False
beb53fad-3932-422f-a399-bc9c6d361c7f,1,1,True,False
bebaefd2-f835-4e2c-8f1c-c05ec6138919,1,9,True,False
becd3643-2a20-4e68-82c7-4242bad88f4d,1,2,True,False
bed7eb45-e0c5-44b7-9c22-b39ce9c9eaf2,1,3,True,False
bedd5bee-f670-45db-b367-b8f880aa6789,1,11,True,False
beea3e91-6f53-4233-a293-5e82c8ec16f0,1,7,True,False
bef45df9-28ae-4b39-92fb-0a5269e81e3d,1,6,True,False
befdd788-f369-415d-bdd1-bd4df3150e93,1,2,True,False
beff81d9-ce6f-4106-b2d0-064e1217c4a0,1,1,True,False
bf0375e6-2b5d-4c05-942b-46fb6c5cafbb,1,7,True,False
bf064df0-cf3f-4a8f-a8fc-812a3e548239,1,8,True,False
bf077cb8-ce45-4543-a7f2-d4312afc7a62,1,8,True,False
bf07d6fd-91f5-42e7-a6d1-c179f1115766,1,4,True,False
bf0e95fa-e6a2-4de5-a868-6ffbdd145919,1,11,True,False
bf16ecee-e298-4bdc-bbc2-5f4667249ef2,1,9,True,False
bf222d05-79b6-4bb0-9a20-2053d4866dfa,1,7,True,False
bf405e2b-b1d5-477e-aa36-0bb5cf7ddc4e,1,11,True,False
bf455eea-8ae1-4753-91a2-94a3c879fd28,1,1,True,False
bf4c2c24-53ad-4ec5-9511-3b0a5211c938,1,1,True,False
bf57819b-4b66-4917-bd08-c1b8a9c23632,1,2,True,False
bf5f3e37-e2ad-45b7-8fe8-7dabba0191cb,1,10,True,False
bf670ff4-9c39-4f4c-a165-dcc2d1c0f729,1,8,True,False
bf715d31-4587-4298-8047-31a19fddefa6,1,3,True,False
bf79b0cd-8ea2-4f5e-b500-e1a48966efce,1,7,True,False
bf83ce43-bc46-495c-9d36-a62b9a87799b,1,6,True,False
bf84e4f2-353d-495a-b4d4-4ee5a07f4193,1,8,True,False
bf88942e-70dc-48b4-9231-fb20557189f7,1,1,True,False
bf8c5749-b87c-41ce-9a41-ab5a19df446b,1,8,True,False
bf8ee732-12ad-40f9-9b28-d064014eb282,1,6,True,False
bf9064b1-23e2-4f89-85de-55a024faa237,1,9,True,False
bf946c0a-397f-4102-a882-4f326bd03f96,1,6,True,False
bf9682e9-e1d7-45b1-8e55-5518de198d17,1,3,True,False
bf9f49fc-f193-41bf-8d04-e9e6e6c4c7c9,1,9,True,False
bfa2b80f-4ce9-453a-85fb-cfb008a8f5d9,1,8,True,False
bfa2c9d4-72fa-44b7-b279-386001058f7e,1,3,True,False
bfa5f733-5627-4bf2-843d-a74c0395c509,1,3,True,False
bfc3ae53-deeb-44b5-b7c0-6ca610c21d9a,1,9,True,False
bfd85b2c-ecda-4567-8724-f61d8a9c1a08,1,6,True,False
bfda94af-a57f-45ec-bf20-c4b4ff672eb4,1,5,True,False
bfe56dac-8a6f-4bbd-9b61-2344185f2350,1,2,True,False
bfe5959e-c4ec-4293-aa58-23c75ba958aa,1,6,True,False
bfeaf512-c81f-4968-99ab-3a6e2c21ed7c,1,8,True,False
bfec1f76-360a-46ff-86a1-82cbd96434d5,1,6,True,False
bfed0129-403d-4a2d-bf49-3221dfb40613,1,1,True,False
bfef825d-f4b4-4e85-b0c7-41bb51a68c02,1,1,True,False
bff8bfdb-e308-4be6-89ad-7568802bbf13,1,7,True,False
c006ed81-6d4e-4af8-95cb-22b288fa0b8f,1,11,True,False
c00bb25f-f0e7-475a-a9cb-101663457683,1,2,True,False
c01393c2-8ad2-4049-b731-487206ab1314,1,7,True,False
c0184a94-14e1-4eb8-a17a-664feeeda05a,1,7,True,False
c023517f-dbc4-4b24-a91d-996ca7ac3a4a,1,2,True,False
c03263e5-d8fc-4506-b2b0-2e50e10709e2,1,2,True,False
c0573551-40b8-4c19-b974-9a45165ef6a5,1,2,True,False
c06d671f-cb8c-4b23-be3f-8099648912eb,1,3,True,False
c07cc827-ef1e-435a-94a6-37b5a0ca2134,1,2,True,False
c0803dad-d8b8-4efb-acec-b6b1b6292f5a,1,2,True,False
c082cbb5-2c2f-436b-89b8-414e01ddcfa5,1,10,True,False
c08f6d99-ddd2-44f4-91b5-c954154a44c0,1,11,True,False
c09de701-905a-4561-b63d-22afb4ae64a3,1,8,True,False
c09fbd86-eb9d-4e09-a3fc-36323adf7815,1,1,True,False
c0a2d098-dc67-4eb7-a1cc-b3f1a9e59f40,1,9,True,False
c0a7a81d-af53-4c42-936c-85d8839cd760,1,9,True,False
c0b49544-ea56-470e-b91d-40d36c53d14c,1,4,True,False
c0b8f694-1c17-487c-a2d0-ad0e7c5d88a5,1,5,True,False
c0b9a293-0c3a-49d7-b7ef-411b99265869,1,5,True,False
c0bba97c-6431-453e-8431-8e3a9eecafd5,1,1,True,False
c0bfcf10-b0a2-46ea-93db-165c02f246e5,1,8,True,False
c0c0de6a-4680-4b4e-9550-8a736bb72f16,1,3,True,False
c0c5c73a-0e5f-48d0-adc0-20f029d80af3,1,11,True,False
c0ce8e1a-df05-4736-a89d-9c1e594fbbce,1,3,True,False
c0d31b15-9591-40d5-a6ad-3d93fb905159,1,2,True,False
c0d6c129-03f7-4df2-aa35-6a12e92438d0,1,10,True,False
c0ee2c28-a7c5-4e5e-bff5-c99e44c1e3fa,1,4,True,False
c0fb2916-966a-4ef8-9e8e-856bffe6c7d9,1,7,True,False
c0fca3b4-42a2-498d-9944-913a4fdc65dc,1,5,True,False
c0fe313f-bf65-4081-ba0c-91dbda2fbee4,1,10,True,False
c0ff078d-2bf1-479b-ba8a-6289418233ec,1,8,True,False
c100b85e-04c4-4a24-9a28-d60cc8add54f,1,6,True,False
c103813c-e7a7-4ccb-b893-6aa0ba38d010,1,5,True,False
c10d3ca1-02c3-443f-ba9e-1d8323143ceb,1,4,True,False
c1166fa2-7972-4e65-a908-a325d6d6d0d7,1,3,True,False
c118d5eb-a99f-43a2-acc6-f5a3f975d7fe,1,7,True,False
c11fc950-a92f-4c06-b633-7413d8258757,1,10,True,False
c1288245-522d-43bc-9497-e8fa6e3957f7,1,5,True,False
c12d3827-30db-4e4c-9a6e-c5b5e4c53a5b,1,4,True,False
c1394578-032d-497b-86bd-ea18a47c5cd7,1,11,True,False
c13f06e4-711b-4ba1-bfed-f95e258990f8,1,9,True,False
c14428cd-3863-438b-9da1-27b0f2f5e89f,1,11,True,False
c15a46c4-ecfd-4b57-a950-899d18602317,1,4,True,False
c15d0589-246e-47ec-8a01-7fccb69889f0,1,5,True,False
c15efdb9-7a0e-41dd-ae97-f55140e35791,1,3,True,False
c166a95a-b151-480e-bdf6-a638516065dc,1,7,True,False
c16d063c-34cc-471c-ba8e-016438fd8ac9,1,7,True,False
c174cbd0-b7bf-420d-acf5-74989c6085ea,1,8,True,False
c179fac4-7fbc-490e-afe2-d3cadc1ac500,1,4,True,False
c183e2d7-f494-40eb-8909-d48d085f3e6a,1,5,True,False
c19244c2-7dae-4acf-8f08-1df8893b1891,1,3,True,False
c1965b03-072b-4633-a8b6-c51a315bc12f,1,4,True,False
c19805b7-657b-4c25-bdc2-522ad59f54be,1,8,True,False
c19fd262-9140-47cf-a153-dae96d1fa3fb,1,9,True,False
c1a02b3f-3f46-4a78-9b5b-72576e3874fe,1,5,True,False
c1a2379e-2ed0-4fc0-b1e0-7f906ed32f53,1,10,True,False
c1a45965-1280-4082-bca8-7cd53f3d3afd,1,8,True,False
c1aa2437-a865-4958-a930-d02cd7a6979a,1,9,True,False
c1adaa26-c105-4ed1-b6ac-0a17537af29d,1,2,True,False
c1be8384-66ea-4133-9d07-e084311a36ee,1,7,True,False
c1c881a3-576a-4447-8f42-ffbd12428168,1,2,True,False
c1cd06dd-42a6-4b08-b8d0-85fe4a83a6a2,1,10,True,False
c1ceeeaa-77f2-4d50-bcd4-f82a0617212b,1,3,True,False
c1d3a4d0-0cdf-4337-814b-4cfe629206ed,1,11,True,False
c1d8029b-e2f7-4a03-ae1b-46cc6502d7c0,1,6,True,False
c1d97fc5-eabb-4838-9ad4-b5c3592765a4,1,1,True,False
c1f4f76f-e3e5-40da-a669-01f13adb1de4,1,6,True,False
c20041cb-ed4f-455a-8d94-5443aca897cc,1,7,True,False
c205f8d3-ef56-4fc7-a2fa-b8d1fc0310db,1,8,True,False
c215e047-2aaa-41d9-b156-22cee7e505e7,1,8,True,False
c2185ef6-e3de-4240-a49e-91b429d2939c,1,11,True,False
c22026f1-75ca-4b4a-a466-f2293ae22cc2,1,6,True,False
c2259029-dc52-4872-a5e7-d4edfe4c8bfc,1,8,True,False
c22bd466-9269-4d28-9069-2a7c5f9e5907,1,2,True,False
c23c85cf-da46-4c69-a19d-465a4226e3d6,1,10,True,False
c23c9d08-e585-455f-b7e4-9387d5caba15,1,5,True,False
c23e3fe9-f6db-4fbd-9c3d-1b41525bb326,1,4,True,False
c2419524-e165-4d89-8204-c5e8b0cf860f,1,4,True,False
c242ff49-1f0b-4757-9cd7-73236324f7af,1,11,True,False
c24fb2b1-80f5-43a5-84cd-d641450925de,1,9,True,False
c251edb5-cd88-4112-88f3-fbe1b53e812f,1,11,True,False
c2520940-70ef-4b3b-85c3-cdcf113d6b7c,1,1,True,False
c254e9a2-853a-4321-b86b-842049971ca5,1,10,True,False
c25bcd74-82be-4772-bc2f-9a4d21c3262c,1,1,True,False
c25e9e8c-a47b-4ebf-b2e4-83979c5388a2,1,11,True,False
c2610f8f-b95e-4f5f-82f8-1bc3396c3389,1,11,True,False
c2650a3d-4c6b-4add-b96d-9c53b83a0284,1,6,True,False
c268843b-1a00-4963-aa81-3a6903d36fe3,1,3,True,False
c27789f1-c126-401b-b914-f8f7630aa6ed,1,11,True,False
c27813cc-ddbe-4b1e-980a-89b071dbfc94,1,3,True,False
c2837fb9-c9fe-470c-872f-150ba252b158,1,2,True,False
c2952e76-943f-4f67-b783-42ec24990f85,1,8,True,False
c29adcf2-a4c0-4909-bbf5-2392ffb5b391,1,5,True,False
c29e6fb4-421e-49fc-b24e-fc566997cf46,1,10,True,False
c29f6797-1ef3-4488-ba42-13a9ff6fd509,1,7,True,False
c29f88e1-8e85-48e9-9fbc-92b182c6ae66,1,1,True,False
c2b1bdf8-4b24-4b7a-9e70-c5d77b5fc2af,1,9,True,False
c2b75a0d-3a0c-47fb-a917-f4b2f30fc901,1,3,True,False
c2bd664f-f5e4-4df7-9393-5a95d23dec13,1,7,True,False
c2eaf79b-005e-4e85-9192-c43b1abe2581,1,11,True,False
c2ef4056-1ec1-4b1f-a7fb-631f873f2e52,1,3,True,False
c2f48315-0b9f-444d-81da-6eb605c80732,1,10,True,False
c2f4edb0-0f0a-48d3-8a9c-2bc6a6a79525,1,7,True,False
c2f9e9ba-386a-4ff5-b51c-c5f004309c7d,1,6,True,False
c3022761-857e-4595-8f8f-75572e902031,1,4,True,False
c3023e54-3abb-4a52-ba89-c17139e25f5e,1,8,True,False
c302c956-6036-4c06-838e-103f248f9bb5,1,6,True,False
c307d682-8302-4c39-ba79-e2529eb7394c,1,11,True,False
c30c04ac-f19a-4737-8df1-8c46755c072a,1,1,True,False
c30f66d3-f234-41d6-85bd-2dc95a2eea02,1,4,True,False
c312b995-d0ab-4f8c-9747-c0de949a7359,1,7,True,False
c3197f63-6477-49b3-a058-23dd6920f1bb,1,6,True,False
c31a5b19-7a39-44b8-9f02-5324423b2ebc,1,1,True,False
c322cca0-b4f2-42be-b40a-df689287c6e0,1,1,True,False
c352fc1f-d550-4589-909c-aa8c58c15212,1,4,True,False
c358978c-14c0-4cb0-b140-a77c5ca5beee,1,8,True,False
c35c2325-502b-47d6-8afe-d7f4fdf99bcc,1,9,True,False
c35cded7-1af6-47bf-98a6-9fdc5e61f74d,1,10,True,False
c361a49a-4b87-4537-8836-e1d69837f5e5,1,9,True,False
c36a87da-c010-4319-9df0-40e61a93f9ef,1,6,True,False
c3711279-19b6-46c4-8bc5-c70e7f63c554,1,2,True,False
c3775088-404f-46f0-856f-d01198422229,1,11,True,False
c386898d-12a2-4e28-b500-8109a603ac24,1,4,True,False
c38758f2-81a6-46ff-b841-8ac8fa7313ab,1,6,True,False
c38f196d-62d8-4467-a5b7-c30a9be104a7,1,5,True,False
c3922589-56bc-438a-83f2-8562187f7d4d,1,7,True,False
c3980efd-d942-4433-b370-1c88c60571b1,1,7,True,False
c3a02271-f66b-43ea-a112-7464651d1e3f,1,8,True,False
c3a38a6e-1358-4d2d-84ff-faeef4c2d0b6,1,5,True,False
c3aa7199-71b3-4120-9617-01d69dcf7974,1,11,True,False
c3aebbdb-bfd8-41e4-af6e-208b1e1424c3,1,5,True,False
c3c11317-3167-4466-a695-0443b551dc8c,1,10,True,False
c3c1df8d-36ba-40d3-a1d7-d657efa7109d,1,10,True,False
c3c692ca-d6d1-4f4c-b14c-70822f77292f,1,1,True,False
c3c6b580-6608-47c0-87a4-510e7662b387,1,3,True,False
c3cc1eca-d867-4283-ac67-7b2a9a1b2045,1,5,True,False
c3de21ab-b47f-4160-8c0c-2903f22b38f4,1,8,True,False
c3e8c9a1-7730-41d3-b324-a6acf329a7cc,1,7,True,False
c3edb9db-e299-4fc8-bb8b-fffb97cb8ef7,1,6,True,False
c3f8b18d-fe0a-42d8-8e06-d07089d3f7e4,1,10,True,False
c4024d0f-39a2-47b5-b63a-be329afbbe1e,1,10,True,False
c402964f-b406-4dd3-9953-2fefd7114244,1,2,True,False
c4057be1-8bd1-4e8e-9612-67c7160f4197,1,4,True,False
c40ae028-9acc-4e8b-965e-445a1a41b588,1,6,True,False
c42224ae-1570-46cd-a7cb-5de687444e63,1,5,True,False
c427466c-3716-4973-974c-0a7c54339222,1,9,True,False
c42e87fb-941c-4f1a-9804-08883a892a05,1,11,True,False
c42ebfb1-0d72-40a2-8903-932459cecb09,1,9,True,False
c43cf4bb-2391-499e-9d4a-7b87fbf54bcb,1,7,True,False
c43dc053-3ed5-4caa-8011-a544f7bb6af5,1,11,True,False
c4422f80-f2f3-424b-b82c-6bcc165375f8,1,3,True,False
c44522e6-8f1b-4576-bace-cecfa35c19ac,1,6,True,False
c448a03d-2fb5-4a04-b2b5-d5ab086f49d4,1,3,True,False
c4577366-c98b-4336-b653-746662486d27,1,4,True,False
c4580735-0a6d-4ad6-a43e-1f7a2254b7f7,1,10,True,False
c45b3485-89a2-4878-bf84-aaa6b24deee0,1,1,True,False
c45c3f2f-4ba8-4f3b-8040-d7e61f1c0271,1,6,True,False
c47c67b6-e867-4a34-9f03-08b6c833ee5e,1,7,True,False
c4852e02-7dfb-420f-8351-1aa3a572da2d,1,8,True,False
c496eccb-5f0f-4ecf-9e2f-516a36bb5dbf,1,11,True,False
c49d6eaf-be2d-43c5-a480-5d8b199e040a,1,5,True,False
c4aac935-65a2-42a2-8d0f-e98e344d71ba,1,4,True,False
c4be9bd6-57e8-4e71-953b-886831532f13,1,3,True,False
c4cf9f71-faeb-448e-a9e6-a86eb8ffdacc,1,4,True,False
c4d01002-5eed-4b6d-9c91-00d2569f9691,1,9,True,False
c4d037e7-66ec-4e72-a4da-643a865bf582,1,7,True,False
c4df7026-6178-4fc4-b7ab-378e86deb306,1,7,True,False
c4e27e2c-4f6b-4f37-98c4-78737a138b8a,1,10,True,False
c4e75de6-4016-441d-98ae-afb65c56583d,1,8,True,False
c50219bc-4350-46dd-a315-6b72afaae00b,1,7,True,False
c503588e-9c15-4478-9e77-f35419fb512b,1,6,True,False
c510e0ea-f895-45df-8c05-47880d337e36,1,5,True,False
c5186cda-b08d-4201-9517-bd42538f5986,1,9,True,False
c51acec3-df37-4aa1-8afb-1b8f585c36ec,1,9,True,False
c5281cc7-dbe9-45b1-8066-4570bf2d5be5,1,4,True,False
c52c4ac1-5a45-4680-9a75-c348fc79d3ff,1,5,True,False
c5328613-8729-46a8-a6e2-f9786e8bed04,1,2,True,False
c532f8e3-9dd3-4269-8f67-598144f5c780,1,2,True,False
c535f57e-7e88-41c6-9e09-3c75ff747c8c,1,6,True,False
c5360fda-a236-43c7-b363-eadec17fa51c,1,6,True,False
c53b64de-eb24-4e41-824d-6b75c8b11e12,1,10,True,False
c54913c5-2993-4460-9cfb-061553fafa9b,1,8,True,False
c5506bd4-1f2e-44a2-a1f6-ad80a2d13b45,1,2,True,False
c5518e75-241e-413a-b9af-d3be7c448459,1,10,True,False
c555c02a-af52-484d-8753-b0d12122d750,1,3,True,False
c558a719-a4a2-4c7b-ad6c-92ab7a5227f5,1,6,True,False
c559102e-84e0-430d-940a-7117b211d764,1,6,True,False
c56a8e78-8421-46e7-8bfc-dc34d1dae013,1,4,True,False
c573c43f-5ffb-4ffc-a4e2-54aa3bb8cce2,1,4,True,False
c582e3ed-9d3b-4aea-83c9-173d411d72b0,1,1,True,False
c5857ac8-0811-464d-8b70-1cb8608504a0,1,4,True,False
c598e242-b02b-45fc-a26f-6a50a457982f,1,10,True,False
c5aa43c7-7544-415c-aabf-a0852615657d,1,7,True,False
c5af71e8-c0d4-4b5b-aa54-909211b4d601,1,6,True,False
c5b3ae87-2ebf-4c48-80d0-d35af2cd361a,1,10,True,False
c5b66afa-bfc8-4652-b184-e55521b36ddc,1,4,True,False
c5c73afe-8fd9-4ebc-ab51-60b5bcdb3b35,1,11,True,False
c5d777f6-387f-4080-a79c-6bfba7692c2b,1,6,True,False
c5d81ba7-6fcd-4200-b294-265815925c81,1,10,True,False
c5e08855-fcfe-4fbf-a869-a1e26bffc494,1,1,True,False
c5e46c99-6c76-45d7-8e7a-ca0c340f92d9,1,7,True,False
c5f23fc3-1bea-4099-88e3-3b1be2963e37,1,11,True,False
c5f296db-1342-4d72-bfc3-07f40e7bcaa3,1,3,True,False
c5fd71f4-5695-41e9-a515-0e50923b2775,1,5,True,False
c6106971-8d2f-40b1-8e32-e48551c67742,1,1,True,False
c61081e8-31e0-49c1-a200-bcf91a225154,1,3,True,False
c61848fb-3e3a-4bc6-bea4-019eb65fb240,1,3,True,False
c61dfaef-64af-4a43-ab03-f727d43068ac,1,2,True,False
c61f8f4a-5d57-4dfa-b230-27028ea6440c,1,11,True,False
c6230214-0cdb-45ab-86e1-52a49f6c27e5,1,6,True,False
c6286580-42b7-4c17-9584-e86dcf5ec6ce,1,9,True,False
c6294d94-b918-4566-8d5e-fb03020b25af,1,11,True,False
c6300545-1f45-4266-a605-77bd8ae3ef55,1,4,True,False
c638f7bd-6472-4b72-91c9-c1e62a8ac726,1,7,True,False
c6461ac6-741c-4257-a345-7e2e5b089ffa,1,2,True,False
c647722b-e193-4f78-ba20-b6434443b963,1,3,True,False
c64d6010-a889-4799-a2e5-ec4ce02fe808,1,7,True,False
c655859c-62b6-4ce8-a58b-27a46596d96d,1,8,True,False
c655cb48-8211-4337-9edd-717a724682ba,1,6,True,False
c65c343a-2d93-46a4-9ce1-05b33ac79181,1,1,True,False
c66421bf-bf03-4cfb-a3ce-beec462a6479,1,11,True,False
c665e6f8-3ce4-4a2b-b295-9bdbbed0a8e5,1,7,True,False
c6672611-0823-47b1-973b-0f38a896fbdd,1,1,True,False
c6676d0b-e80f-456c-89c3-551b45ee33fd,1,7,True,False
c669fa57-e8f6-4b41-9053-55f8efa5be29,1,1,True,False
c676fc8d-12d0-4c2f-87c3-004b2a0cd223,1,8,True,False
c67cc96e-bcab-4b4e-b6b4-1b90bccb55e0,1,11,True,False
c6830e29-75a1-4307-bc7e-5150cf63b483,1,10,True,False
c687b343-b6ad-43ab-932e-6380a7e5b4e6,1,8,True,False
c68b26f2-acc9-4807-9b43-4905b77cc4c2,1,6,True,False
c68e6657-cda0-4521-ae1d-fdd0fcc9673a,1,1,True,False
c68eab5c-0ef8-42f3-97d1-ac3ebf725f5f,1,6,True,False
c695bb1f-6ef7-40b0-81f5-edaaeb7f01f0,1,3,True,False
c699dde1-6b64-4e1a-87d5-d44f5047b80c,1,8,True,False
c69c6d3d-788a-4877-863d-181c6ae38a0e,1,6,True,False
c6a4992c-bc99-4fc1-aafb-af0c8f6d7347,1,7,True,False
c6aa0040-1656-4234-a93f-8fc0b2c5f018,1,7,True,False
c6acbd17-c835-498e-a47d-0a56189e9d98,1,1,True,False
c6ad0568-dc8d-4708-bf0e-cde343ab3f60,1,10,True,False
c6b6b3fc-4c77-4a75-aa79-0574fc060d02,1,6,True,False
c6b78fbc-f4a2-4bd5-b184-c1571a4f3419,1,7,True,False
c6ca40d5-eacc-4ae8-8b92-7092dd8db378,1,10,True,False
c6d73f35-ddee-478d-8946-22ce8b6b92f6,1,1,True,False
c6d976f2-bef6-42c1-88d5-eb206461f32a,1,2,True,False
c6daaaaf-b0d8-48cd-b5a3-dbc2b62cc2fa,1,1,True,False
c6e2b780-88d1-4964-95e9-bf9296a9be66,1,8,True,False
c6e4f2d1-2aa6-4a4f-8b97-8328964787c5,1,4,True,False
c6e84a59-7f54-43e8-8237-2347e0982077,1,4,True,False
c6e853bc-b2dd-4bb1-be37-363cdff53b2e,1,6,True,False
c6fb037d-1909-4ac6-8de2-530c163fc380,1,9,True,False
c7084d7f-670b-4d4e-9580-d4a8f378eb33,1,11,True,False
c717c3f3-ee9d-4f1c-834d-05d593972fdf,1,9,True,False
c7182594-fea2-4ee5-a920-3dfcfef4d856,1,11,True,False
c72369dc-95f2-4b5e-a2f4-b94ef3aa480d,1,10,True,False
c7251c17-ffe1-4fbd-9a9c-46051a8a533b,1,3,True,False
c72a7e8d-b03e-46a7-ad35-5699e4df760a,1,8,True,False
c73ffa2b-69ae-4e15-9de7-69a9a2bf5352,1,6,True,False
c7414302-9e48-449e-b77a-4dfb86c80652,1,7,True,False
c7536233-ac1a-4ad6-bf25-b7df35498376,1,3,True,False
c755a69d-27a9-4cc6-89ac-eb44e4617b8f,1,11,True,False
c7634ee5-0733-4fe7-a325-6b14ba452134,1,4,True,False
c76c3c19-b737-4f62-b9af-da65beac99d3,1,7,True,False
c76fa30e-66bd-4d19-99d5-a851f8f220c7,1,4,True,False
c77abbd7-5d4c-4b65-9536-fe9f4fa84ada,1,2,True,False
c77d1c15-e89c-4f8c-8aac-acc4cd31be94,1,9,True,False
c77eec71-40f6-4391-ae2d-455eb161577b,1,3,True,False
c785583b-c5e2-4b53-bf43-cf7ecd43c7f0,1,10,True,False
c79abcbd-06da-4b82-b679-279982f4b10d,1,2,True,False
c79b758c-b1d9-4226-8b87-0e3d40171d5f,1,6,True,False
c79b98e5-35c0-4835-a70b-2639a957f1c6,1,11,True,False
c7a19ceb-1db5-4cc3-9ad0-745987675f2e,1,11,True,False
c7a4d0a0-334d-4c3f-95c7-a4fcda25bd11,1,4,True,False
c7a91c51-b10f-4c3d-a261-dca871302dd1,1,3,True,False
c7b78a12-2d36-465a-96ed-3030794bd5bc,1,2,True,False
c7bc8768-586d-4c2e-8f43-e6590bb138e7,1,2,True,False
c7ca7b87-cf81-4345-be0e-3bb7a8299e3e,1,3,True,False
c7cbf379-ff38-4eef-837f-08800cc57b00,1,1,True,False
c7d4173a-ccd8-427c-bb99-dcbb1d9057b9,1,5,True,False
c7df5c35-49b3-4662-98f6-becab46e5319,1,6,True,False
c7df69cb-43fe-4e5a-86fb-1d03283c587e,1,7,True,False
c7e8ab56-b171-4b00-9f6d-bb070c7a959f,1,6,True,False
c7ee48f8-6b80-4866-ba20-b31e78892282,1,7,True,False
c7ef9a18-2ba8-4f56-af1f-e27a9bdddc1a,1,9,True,False
c7f7c183-6e4f-46bc-8cd3-f0dc736016c2,1,5,True,False
c7faccc6-bb59-4307-83c4-b4b8d4fdc2ba,1,5,True,False
c7fdcacf-f4c2-432e-80a5-c468550f522c,1,6,True,False
c80518eb-01e6-4c7f-8672-6119ed1684d9,1,2,True,False
c81480f7-b32c-4f39-b1de-7a2cf656f3a4,1,4,True,False
c81a45d1-68a2-46f2-974d-40e0c198e9b5,1,1,True,False
c820fc38-62c0-44fc-9e22-8063b1915926,1,3,True,False
c8238f4a-38c0-4253-800f-d0db4b0ffb64,1,11,True,False
c824ea1a-ed51-4cb4-bda6-47776f33c3db,1,9,True,False
c82c63ab-32be-49e7-b7e2-87790b0aec20,1,7,True,False
c8308aaa-236b-4d69-b6ed-1656a0da72a7,1,8,True,False
c8314d86-b107-4bb8-9b7f-f13deaffe6ea,1,10,True,False
c833d9aa-c510-4581-806a-093c34a94581,1,2,True,False
c84abeb2-73a3-4895-9ad7-47a4a5534f13,1,1,True,False
c850ee0b-4ed4-4dfd-b59c-056063a60266,1,1,True,False
c856044d-658b-451b-a5f0-3f56ae7960bc,1,3,True,False
c8585fcb-1872-4029-8655-55f7157d6933,1,3,True,False
c85a7292-e33e-4ce9-b5d3-301104d314fa,1,6,True,False
c86c33bb-9cfa-4434-b8f1-05ddd8975f23,1,7,True,False
c88777f0-7556-4ab3-bc09-d55c25a586b6,1,5,True,False
c88d163e-0a92-4a8e-8dfa-77a2013ba851,1,11,True,False
c88d3a4e-bd3e-478b-ac14-3e543e8a6ec0,1,6,True,False
c88e8659-8194-4bb5-90aa-ebf33a4e4df5,1,10,True,False
c89fbac1-899f-4bd5-9b3c-ee8b867342a4,1,9,True,False
c8a1d9fa-0302-4cb7-b24f-92dd9675c1f3,1,7,True,False
c8a7b495-8a81-495c-9edd-4c8927dedc33,1,6,True,False
c8af7e1d-9fcc-4146-9d79-684d27304b5e,1,11,True,False
c8b32cae-c5ae-4e85-ae43-155cb0f3bee3,1,2,True,False
c8be5fc5-6dbc-4104-888c-46d9d2b9d591,1,6,True,False
c8c6ea92-c860-4f2b-847b-289f1c6145c4,1,4,True,False
c8f34ea5-3970-48dd-aa90-7bd2d30dd58a,1,11,True,False
c8fce901-60de-4dd5-994e-f8af1e3f2e0b,1,7,True,False
c900763f-b920-4818-8451-01dfdef78890,1,1,True,False
c90e0760-e2fb-465c-9d90-4c275e95fe48,1,8,True,False
c90e0eb4-c44b-4545-b5e8-d4d6b9b8f422,1,3,True,False
c916874b-8401-47d9-90dc-fcb8d5c5f298,1,9,True,False
c919d80a-5705-4bb2-aab5-791b781b9ee4,1,7,True,False
c9286b40-dcd6-4c8f-9b84-e696360d36e0,1,6,True,False
c92c4ee4-f04e-42e9-8b51-022a035e373f,1,2,True,False
c92fa05c-f974-4a70-a867-9970612a7627,1,4,True,False
c9474948-25df-4384-90b1-13a7aeac4972,1,6,True,False
c948777f-45cc-4719-8a43-88424735b1f0,1,2,True,False
c94bbb9e-b1d3-4b1f-ad73-0acb0219128c,1,7,True,False
c94ebb77-efa7-4d67-845b-1a366632acdd,1,5,True,False
c9725699-f8b9-411c-9313-56233cb62836,1,9,True,False
c9734f09-47d1-4670-b2b1-2667d9e74038,1,10,True,False
c97e36b4-27a8-4a35-8925-6357e95199c0,1,7,True,False
c98a48c7-1241-446b-9f3b-728c2682f245,1,8,True,False
c98f3372-06c9-4473-97bc-0a7e8aa4b962,1,4,True,False
c9914735-f84e-4203-b7b1-83adf311a814,1,2,True,False
c9a41595-4018-4a4d-8886-d8a1fb124a51,1,7,True,False
c9a547cb-2e47-4df7-99e2-9bceef14f304,1,6,True,False
c9aab45c-d78b-4ae4-8548-752e28967f58,1,3,True,False
c9acacef-44a3-4f0c-b752-5d8f28cbdec7,1,9,True,False
c9af574c-b850-457e-b4f0-b46c6aa765cf,1,5,True,False
c9b1c38c-5a29-4d95-bf51-91e3acf22b62,1,1,True,False
c9b71b35-5cb2-44aa-a16a-7a8228baea75,1,11,True,False
c9cf2991-f1b5-4114-8a3b-472710bb5916,1,10,True,False
c9cf987d-1df3-4b1b-9f1f-166c0817f6a3,1,1,True,False
c9e2fbb2-e92b-4210-8e95-50141c7d17f9,1,11,True,False
ca16391e-cb02-4bb5-952d-231051f74029,1,3,True,False
ca175dd2-0887-44b7-a330-cfe71a4e86f4,1,7,True,False
ca216f7b-c773-47d5-9dd5-73693c37cb1c,1,11,True,False
ca2b1324-79ee-4e28-aacb-2f327484cc6b,1,1,True,False
ca2c9a59-ee24-4967-aecc-563dd9f521b5,1,6,True,False
ca2dd7b6-6e2e-476a-86c9-742e1ef22d1b,1,3,True,False
ca2f18d4-30a1-4821-a497-b2b9aa6fd255,1,7,True,False
ca33381d-61f9-4417-9617-867ec296e133,1,3,True,False
ca373130-aaf7-4370-be89-9785aac82444,1,4,True,False
ca470132-e176-43e6-991d-7353a14d1a8b,1,6,True,False
ca47d940-5054-492f-abaa-2dca5e66d3ef,1,1,True,False
ca503933-ce09-4a44-8b73-aa1c06282424,1,8,True,False
ca549a08-c34f-49c4-b579-1624fdf2910d,1,2,True,False
ca55443c-39e5-4a08-8003-ecadca9d669a,1,9,True,False
ca5c2533-f8ea-4792-8b03-fa3c54944992,1,9,True,False
ca5fb7de-4a42-4a26-b5bd-8af22e3c78ff,1,9,True,False
ca603330-3038-476e-8c29-490babd82b50,1,2,True,False
ca6ec5f7-8d29-4508-b66f-cb4eb9795017,1,4,True,False
ca706374-b14c-45f6-9130-36dea3c5d2d9,1,9,True,False
ca762471-e9c1-4d7f-aac3-48e655abc13a,1,4,True,False
ca79e5cd-ceb1-48d1-a231-61f2b454e29e,1,4,True,False
ca7a8e49-1127-4392-abb3-490d98395739,1,8,True,False
ca90861d-97cb-4bba-9ca9-2433392d7353,1,3,True,False
ca9f8d59-c36d-41ac-866d-179fa21b8474,1,3,True,False
caa24627-cf5d-4a26-ae44-5d7ad7a9c10d,1,8,True,False
caa38129-e6c3-48ed-9a02-a42a6f8a8af1,1,10,True,False
cab23fe8-2541-446a-81ec-26c733edb521,1,10,True,False
cac4f9c3-c83e-4ae4-a6f1-e841fbb237a4,1,5,True,False
cad3837d-4627-4c07-bc97-e798a605fb4e,1,4,True,False
caf597d0-5f76-43c9-8f1e-cc349d83813d,1,8,True,False
cafe6287-2edc-4d65-99d2-2968a81e63d0,1,2,True,False
cb0b81ca-ca7d-4ac3-8b6e-24a2e47f87a0,1,3,True,False
cb0d77ea-b803-4309-b218-8ad8d4480f7f,1,1,True,False
cb14f8ab-7ddd-453a-b2c5-c712bf8df193,1,1,True,False
cb160493-b44f-40ba-a0ef-61249cc119a9,1,9,True,False
cb2323aa-0dba-45cb-b1e7-1bdffde97804,1,11,True,False
cb39062f-96f4-42f5-bec6-b1b87b271cb7,1,1,True,False
cb402b1c-71e5-497d-a3f0-7cf02f244276,1,4,True,False
cb470bd4-5ee9-4f6d-bed6-be21a5563494,1,3,True,False
cb55ff5c-2eca-4e28-b7ae-9697293ba419,1,6,True,False
cb5bd403-56f2-40cb-b45e-edbf1301f322,1,2,True,False
cb5e1e53-0567-4f3d-b528-ea3dbd8c88d9,1,4,True,False
cb5edbf1-2552-4960-929d-b7620ca8a443,1,4,True,False
cb605891-efbf-4f73-8787-ec0c864c586c,1,4,True,False
cb7d4d31-ed09-4e4b-a7ec-1ee70ae72209,1,9,True,False
cb905816-f3a2-416a-baf2-6452af4c6c94,1,8,True,False
cb914996-178c-47b0-a72a-12b23cfae991,1,7,True,False
cba67151-f627-459f-b8c6-d297b6904ee6,1,2,True,False
cbad234a-83af-40fd-aca6-6145d7882cf2,1,11,True,False
cbb1605a-66cd-4986-be54-af3090ffdba6,1,10,True,False
cbb2709b-7a35-4fc2-9bea-ca5cb150a30a,1,7,True,False
cbb3defe-348a-47e9-88bc-bf54808624bc,1,5,True,False
cbb46d7a-a392-48ee-91ca-4530ae3da16c,1,7,True,False
cbbcc9ae-dd75-467c-b2b9-a7cf2609564e,1,11,True,False
cbbd726d-ba94-42e9-a243-f2fedbdac2b5,1,11,True,False
cbc07dad-3d18-4160-b435-3d6176280d8e,1,9,True,False
cbc905a6-e896-4704-94e4-fb2e0b7df5ae,1,2,True,False
cbca0b55-fb75-4e8a-a294-94946e635e92,1,8,True,False
cbd6ed79-8e6f-4c4a-9e7f-ea9cb2a6d9e2,1,9,True,False
cbe2e986-b6e3-452b-a17b-ef6d0fd39733,1,6,True,False
cbeab19f-6372-44bd-b12e-08002e97451d,1,11,True,False
cbf18947-0a0b-447a-b017-b5806aa1747c,1,8,True,False
cbfb08ad-6a79-4d24-a1b7-7b1c516053d9,1,11,True,False
cc01886a-c11a-4ade-af67-30fc5d43ab3e,1,10,True,False
cc0670ac-6711-42f0-bef6-f93879e43e23,1,4,True,False
cc09bd7f-4bf8-4a6e-97a4-607db467ca17,1,8,True,False
cc0c0a7b-310d-40a6-b208-8b2c30390f38,1,7,True,False
cc0c62e6-2117-4bbb-8daf-23308b453dc4,1,8,True,False
cc205f22-207c-4130-9adf-83381e4ab1ea,1,2,True,False
cc38503f-cfb2-48ca-8f4c-2a34edfd13c2,1,10,True,False
cc41f499-3367-4fe1-8297-f9716d6b0cac,1,7,True,False
cc465e47-5824-43fd-b0ca-bbbfdb44d1bd,1,4,True,False
cc50858a-ce2b-439f-af6f-ab223a6f1d96,1,1,True,False
cc5f6a96-a7c0-467b-adf7-0e1eff75638d,1,11,True,False
cc636762-7cb6-49f0-b0fd-0c91017697e7,1,9,True,False
cc64c59b-8881-42f8-808c-1c0fe168187f,1,10,True,False
cc6507ce-5489-465f-aeed-52de2dd96a59,1,1,True,False
cc6653be-4045-4390-8a98-c9b99ad5f722,1,7,True,False
cc6a4a40-a39e-4374-bca7-530c4c97b97a,1,3,True,False
cc7b018b-8aaf-4516-a3e9-01ce76c794ca,1,2,True,False
cc820019-e449-47c8-abf1-06be4835bd31,1,11,True,False
cc845c54-d664-4b0a-aa9c-4434a0242d95,1,8,True,False
cc871b03-73f4-47cf-96b9-33dd90bcb981,1,2,True,False
cc8e775b-32b9-43bc-9195-00bfa6b3d4f0,1,8,True,False
cca4b0f5-7a0e-473e-aec3-4f13e3115bac,1,8,True,False
cca901a1-41e6-42c9-9ba8-708c72aba6e3,1,1,True,False
ccaab3d1-25c3-4b7c-95e1-04d2e7298406,1,2,True,False
ccae2347-b983-4dd5-95bb-fedde698fcc3,1,2,True,False
ccb39c5d-b95d-4f08-9e5b-d59f3a5ebbe0,1,1,True,False
ccb62745-c74c-4971-ae34-9b93f89d72c4,1,1,True,False
ccc2c09c-046b-43f8-a24d-00f43d2c18ba,1,6,True,False
ccce277c-d691-44c6-86f6-b0a5d8e07c6e,1,8,True,False
ccd4c390-63c7-4b58-b6ef-45d23e0b1646,1,6,True,False
ccd9dc3b-c784-4d5b-b837-5b86c928494f,1,11,True,False
ccdff2cb-d5f2-4749-a59a-a5797ca7f370,1,9,True,False
cce2d926-900d-4737-9041-770ed9c6b879,1,3,True,False
cce4bd47-467a-482e-af41-7bf0e5779000,1,5,True,False
cce76ab7-1eb5-42b6-94a8-2f1f92a1ebbf,1,10,True,False
ccf7ff6b-7979-4f53-af90-f31e3259cea9,1,6,True,False
ccfd92f3-a61d-4066-9671-e12859de5f31,1,10,True,False
ccfec7d9-f84f-4b7d-8725-03177bd51cd9,1,8,True,False
cd150c2d-b37a-4c0c-886d-be9797ff152a,1,9,True,False
cd152d16-0570-485e-9d25-7922a5b73ce7,1,8,True,False
cd176153-e9db-4869-b4bb-f34a3c52fe9f,1,4,True,False
cd1bec61-a5c3-40a4-8e6c-13f08ce5ebb6,1,1,True,False
cd1c928c-2e5b-47fe-a138-1b4e72432c85,1,4,True,False
cd1c9a09-aee9-4252-89a0-067fe788b44c,1,7,True,False
cd2af404-5778-4b81-92af-3b512e9ae054,1,7,True,False
cd2b9327-732e-4f15-ba5b-679e1eacbeb0,1,3,True,False
cd2d4028-ecc1-455c-988f-9658c0e93e87,1,2,True,False
cd46eb8e-f6d8-43c3-948a-167965367c86,1,3,True,False
cd48b237-5d18-4fd5-b3c5-191772ac2ced,1,2,True,False
cd4d1297-082a-4b78-a6ef-3a5faa1366fb,1,1,True,False
cd4d525b-f5e5-47c7-896e-ace5808655ac,1,5,True,False
cd50504f-91a2-46a3-917f-f8edb10a67f6,1,1,True,False
cd595989-9889-4c63-a918-aa4c85c71f51,1,3,True,False
cd6db48f-3567-48d2-a458-a1a24c95ecae,1,6,True,False
cd741034-498b-4550-a57c-24aaf8ba982f,1,1,True,False
cd9f14c0-4d03-4c40-8aa8-48bfb35baee4,1,4,True,False
cdb53f5b-b8b6-44bd-91c9-7dc916b6d708,1,6,True,False
cdbd078b-bad4-401d-ba0f-341ecfd6e72c,1,6,True,False
cdbfc528-1b5b-431e-91ae-2fe741981e41,1,1,True,False
cdc2ec04-8a62-4746-bdbf-e750acfcf1a1,1,6,True,False
cdcac71c-6615-4fb5-95bf-b9f2e5bd89d0,1,9,True,False
cdcd509d-5ac0-401c-a3bd-30cf79804dc0,1,5,True,False
cdcf2bb0-d825-47a9-9c69-459eef9ad7ea,1,6,True,False
cdd2eb39-a4fa-4bd1-9ebe-94e319b9c65b,1,11,True,False
cddaa2a2-ab60-4711-9883-0c5f20a920a0,1,6,True,False
cddccebb-dac7-4722-aa95-2a6d9698367b,1,10,True,False
cddfa5c3-93b0-40e9-b910-72846638ad5c,1,1,True,False
cde2b4a6-01b6-476a-8f91-3444f0c15e8c,1,9,True,False
cde3c98c-2ec5-4c1f-abfa-52bc482239cf,1,4,True,False
cdee1dbc-798f-4452-98ec-c720f2638bbf,1,3,True,False
cdefc90d-99a7-459a-bdae-4ac1e241cfe8,1,8,True,False
cdf4adec-d95c-44e7-9ed4-d8f6ae525155,1,2,True,False
ce040dbe-454c-4978-beca-d550b9bf7a07,1,1,True,False
ce0493a7-ffda-40b1-87c4-628c4194e4b6,1,5,True,False
ce12df94-845d-4441-b2ac-2383b6875e61,1,1,True,False
ce16ecba-2c89-446a-9990-efc2d4388c8b,1,6,True,False
ce2170c0-76e1-4696-9ccd-26edb6c336ab,1,9,True,False
ce2351af-94a2-4a7f-a393-8b04ebe4a6b3,1,7,True,False
ce24453d-bbdc-4e0c-b45f-ded293caba2c,1,11,True,False
ce27ae4b-7dfe-4ebf-b87c-f9af53337bb1,1,8,True,False
ce45de55-9890-46a4-893d-ecc2c15dd8c0,1,5,True,False
ce492fc7-9f9f-408c-9332-3df036af0c1e,1,2,True,False
ce632ce8-f427-46ff-ac0e-015396ccfcca,1,10,True,False
ce6ea26a-5dd9-49df-8b93-110b74f8845d,1,10,True,False
ce6f41f6-3fdb-43a7-a3c0-9b93ab118e7b,1,11,True,False
ce7531ff-e4f1-402b-9aa3-c93bb7d44646,1,10,True,False
ce78ba14-8df1-4feb-afc2-2cf051d18d5d,1,9,True,False
ce7b0abe-6076-4d28-a999-1d98ecb4dd73,1,8,True,False
ce813533-3c96-4a40-a8e1-63c1d04f62f3,1,7,True,False
ce854ec7-9211-459e-bdd9-3ce9409e7cb7,1,1,True,False
ce92b4b4-dc44-4abc-9057-f79cc4eb25ab,1,3,True,False
ce96f211-36f6-4e51-a91f-81807fed4d58,1,6,True,False
ce9e2df0-e9b3-4f36-bb25-2acd2c8ea849,1,5,True,False
cea1bdc5-64f9-4576-8165-31133ce8bbc2,1,7,True,False
cea687e2-1490-47bf-a8e2-091a7ecb97d0,1,10,True,False
cea7e4a7-9adc-49ca-841e-1888045bfc79,1,3,True,False
ceb5035b-dc53-477a-b5f6-ee7c7ec20234,1,7,True,False
ceb5d48b-3b7f-436b-bc3c-9ea28600ade7,1,6,True,False
ceeaec93-d53c-4a0a-af9b-1a0fae08555b,1,1,True,False
cef38e66-66b4-4e31-ad0c-e5ef895715c0,1,2,True,False
cefa890d-eff7-4b2e-8f5a-7221af513642,1,9,True,False
cf003cad-d58f-42b3-8ab8-586c216f86a7,1,11,True,False
cf0484d8-ea82-4c58-9ee1-75643c2746dd,1,1,True,False
cf059bca-529d-46fc-9a1a-a9ed93bd9af4,1,9,True,False
cf137488-57b1-4925-9873-d392439b91e5,1,1,True,False
cf1c1b2e-183d-4eca-9287-78287cf65973,1,7,True,False
cf30f56c-f045-496d-8427-1d3aa1496b6c,1,2,True,False
cf37c25e-d4a4-4fb3-8640-72e26c02a332,1,3,True,False
cf428980-8a82-4fa5-9848-fbf29f12f2fe,1,11,True,False
cf45df87-e040-44ce-83da-48227a4f4e6f,1,1,True,False
cf4cb1a7-d9d5-4ed1-b926-76e5f78d116e,1,8,True,False
cf4d734e-3eb6-41b2-81bf-af0d2b79dddd,1,6,True,False
cf4ea157-9b91-45fd-b1d1-46247f6f5526,1,4,True,False
cf50cff1-fa61-436c-ac0c-bb46e8edd0fb,1,5,True,False
cf54df68-5395-4eee-99bb-140fef39b454,1,7,True,False
cf5717c9-5df7-4e71-8dec-a01cbac4437c,1,5,True,False
cf58adfa-546d-4f3a-ae5a-1e0c730cb5c7,1,11,True,False
cf5c2419-cb50-4378-9ce3-f7e8da78fc70,1,11,True,False
cf65882e-4d37-4fb2-b590-314e6d96bb34,1,11,True,False
cf6dbeec-d032-42cf-bcb2-6be87251db3c,1,9,True,False
cf896e95-d102-4ec1-92ea-339fbd327dbd,1,10,True,False
cfaa87a7-99db-45a6-8e62-5ebdfdd40dbc,1,6,True,False
cfb4dddf-76ff-4111-931b-955177fa5504,1,9,True,False
cfbc2fd3-a475-4d9c-85e9-02e0c06e8362,1,4,True,False
cfc68b51-03fe-46a0-b7b7-0e50f994dad9,1,8,True,False
cfd4670a-bdb0-4454-bc01-93c77ed60668,1,8,True,False
cfd7dd32-7179-4013-9649-61de2497e7bd,1,6,True,False
cfdd37b7-f1ef-456a-bb48-b81f2d9774a1,1,8,True,False
cfeb5adc-0a14-4486-b5dc-967432b64a21,1,8,True,False
cff4298d-662b-43e9-b24a-ff0e94f995cc,1,2,True,False
cff73779-e3b8-423d-8b75-f73f8331e150,1,8,True,False
d0014b74-fcde-4b8b-b846-dd4f25bfe9c5,1,6,True,False
d00cf34d-063c-4a93-8567-9bd8dd6368b6,1,1,True,False
d015932b-fddb-4bcf-99ec-6aa6ab602500,1,9,True,False
d02b69e2-5bf2-4817-bcfa-623112115c17,1,11,True,False
d02bcefb-e10a-470e-8dfc-29d98a51ab5b,1,8,True,False
d031c8f0-4796-40a3-85a6-4ab9d46710de,1,9,True,False
d032a9d3-aca4-4549-8b5f-8f2ed977711b,1,1,True,False
d04f4334-0035-4581-b40f-494bf986494a,1,8,True,False
d0554eb1-5303-4db5-8b7d-1aebdebad07c,1,1,True,False
d05c4f51-2517-4c0f-a3dc-199e6f023cb3,1,8,True,False
d0667525-ba46-409a-9248-67843d8b0144,1,11,True,False
d0670083-d403-4283-8267-153944a93889,1,10,True,False
d06795e1-9d3f-45f0-885a-2be806f45626,1,9,True,False
d07c1825-e05a-461e-a837-cf773398d8f5,1,4,True,False
d07d64ae-30d8-4308-b18f-96d77de1e9c1,1,8,True,False
d0ac9fca-c5ef-4abb-90e6-c5b01a692e40,1,10,True,False
d0b2310a-2bff-4ced-8d77-21c074e32467,1,9,True,False
d0b656c1-b4a4-445b-b4e2-92b01357bc6b,1,7,True,False
d0b6909f-edf4-44ca-8325-263a04e9de30,1,8,True,False
d0b7565f-87ef-4977-978b-2f256d54bc9c,1,3,True,False
d0bb3210-5fd9-4e5d-b9ad-d101585e4550,1,2,True,False
d0bca1ca-6f97-48c5-8c3c-8f46375d49c3,1,1,True,False
d0bfff38-c145-48ca-a394-9ab7027d565d,1,7,True,False
d0c8c9a8-92a2-4a7f-b6a8-d6f19c02d15a,1,8,True,False
d0c96ea5-935a-4687-9088-cd1358a6a2a6,1,1,True,False
d0cf7b44-e860-4494-9741-8657b76b5d71,1,9,True,False
d0d15d37-86e5-4ba7-955c-500ab092e03a,1,10,True,False
d0d780c3-505c-4bc3-951b-ab7bbb3e9725,1,11,True,False
d0da92c4-2ad4-41f5-b02d-98414beb8107,1,3,True,False
d0deb4d2-eee0-4f50-b6f5-cda945bb4de7,1,1,True,False
d0e167ea-dda7-413d-8ae6-559d2f8ff60a,1,5,True,False
d0e1c928-7fff-41c1-86d3-9189e7d3b54c,1,7,True,False
d0ef759c-8160-4c6d-8b10-169655500412,1,5,True,False
d0f8b170-2ac8-4b12-80c9-73e579b9056d,1,10,True,False
d0f8e479-e9e7-41ca-989d-dc111f301273,1,3,True,False
d0f9601f-d7e2-4215-b256-6af003fc79c3,1,11,True,False
d1030b8e-e569-41c0-9c41-440be3c9531d,1,9,True,False
d10a2188-6def-4a52-b45e-8ad06c08763d,1,8,True,False
d10ea2f3-2340-45f2-90ff-526e419b8c55,1,4,True,False
d1157309-6ee0-4db3-9983-cf0b3a3a2eb6,1,10,True,False
d11656ae-2b13-4583-8658-e8613de1b3c5,1,10,True,False
d11978c6-124f-40c7-8799-d6ae0cd6dd62,1,1,True,False
d11ec8c7-3f47-49d2-9e63-4165d37fc8ac,1,10,True,False
d12ba7b4-9145-4181-b128-7c4ac66cdd9b,1,1,True,False
d1320779-66f2-4932-9bfc-23fcbb8b8730,1,7,True,False
d13dd9f9-20e0-43c0-9a0c-b1f213fb8d70,1,10,True,False
d147a6d3-ada7-4ca7-8423-be098d4aaf95,1,4,True,False
d1488389-8880-4004-ad20-2d5af15adac6,1,11,True,False
d14cee8e-5344-45d6-8dc8-2f4657069485,1,2,True,False
d150dca8-9641-4471-b170-8c74ad93527b,1,10,True,False
d1652c11-7376-43a4-b720-3ee209bc9f53,1,2,True,False
d168c03d-050c-49d8-ad8e-975514edd6b3,1,7,True,False
d1743a54-2c5d-4d27-837e-1f5c41b035ea,1,11,True,False
d17b5878-9f58-4cec-9cfc-012ba568b9c6,1,2,True,False
d1800a69-de20-4142-84c8-0b35009bd233,1,9,True,False
d186c100-a24c-4851-b46f-df134dd22f59,1,4,True,False
d18a5791-926d-44f5-a6d3-7e2b5b97c571,1,5,True,False
d199571b-84a4-4612-92c2-cb5f09eac393,1,6,True,False
d19e3638-7f10-44d1-8b4e-d83ce1f19304,1,3,True,False
d1ac6528-6760-4ba3-b4de-a68a88856724,1,6,True,False
d1b223b5-2623-48dc-9f5a-dcdba391713d,1,11,True,False
d1b3079f-ad4d-49fb-9bba-8c77c0b02c52,1,1,True,False
d1bd05b3-a972-4a82-8fd0-2e9543dabd1a,1,4,True,False
d1ccdf3c-efee-4fbb-b966-8a12d185446c,1,4,True,False
d1d09e34-18ac-4651-83c5-b36470fa7d13,1,10,True,False
d1db5a08-f797-4b7e-8bca-1e550e0f772d,1,3,True,False
d1e2b828-10e9-4ed9-8f9b-cea16811686d,1,10,True,False
d1e2e855-7218-4819-a385-0ea0ff382dca,1,7,True,False
d1f5192a-1163-475e-9850-992bfce5516f,1,10,True,False
d200adbe-6dab-48c4-9daf-b119e9cc8114,1,1,True,False
d21ca8c6-5b97-4c26-9d12-ce6d5a50a80f,1,4,True,False
d227f117-dd33-4d43-999e-7f1bf1b98069,1,11,True,False
d22a82e5-e08d-4d9e-9e93-01a91e072342,1,6,True,False
d2320e50-0d6e-49d0-a0f3-77b706486198,1,1,True,False
d239c8b4-8f28-4d81-999b-e135292bb386,1,4,True,False
d23da756-76dd-42a5-9208-2bbf07d1de49,1,1,True,False
d245a72f-ac14-40a5-821c-4cbb9b67fa0b,1,4,True,False
d257f9da-a340-4fb3-b514-e74aa179e00b,1,9,True,False
d25ea954-c96d-4ded-8c8a-0982a8996014,1,1,True,False
d263f419-4719-4122-b49c-912c7022f17a,1,1,True,False
d2808600-f58c-4dca-8a4b-098153de4d44,1,4,True,False
d2999bdb-eb31-4481-a101-e1c55a4a2169,1,5,True,False
d2a2d845-1a18-4842-bc2e-074bad7add1c,1,4,True,False
d2a419a8-f18f-4151-874a-83b545ca6f97,1,4,True,False
d2a639b4-97be-413a-aa04-d35403bd5c9d,1,6,True,False
d2a81d19-2d55-41cd-9d1d-67fa7b6f5802,1,6,True,False
d2beb533-cab8-43e3-ba9d-af0441d24eba,1,4,True,False
d2c1218e-c6a1-4f42-94fc-38a1d65243e6,1,10,True,False
d2d7d400-6921-4fee-9289-22bfc37b9114,1,2,True,False
d2da30a0-d49e-4e57-ba32-2b4c4f92378a,1,10,True,False
d2dd0e44-0a3a-4af6-875c-7a2b2a77ead5,1,6,True,False
d2e9247d-3830-4bc6-80b5-bd78d843336a,1,1,True,False
d2f08263-ca7d-47c9-9c2e-89c05894b6a6,1,2,True,False
d2f1e5ba-b83f-4569-b23b-2207d16ba4a8,1,6,True,False
d2f22a33-b89e-4e7b-9347-ceca7b375866,1,7,True,False
d2f54c3e-be9c-4266-9184-ed1d36863e88,1,1,True,False
d2fa3b89-3e8e-4c3e-bc8e-e5f0c3895964,1,8,True,False
d2fb1f74-7404-48ca-9be8-652fa9fab622,1,9,True,False
d2fb2e9f-46ab-47ea-ad0c-b1226b0d6623,1,3,True,False
d31cb7bb-4282-4f98-8a3c-7647d69e815c,1,4,True,False
d322d28d-6c2c-4353-b97b-f44b15ae06f4,1,1,True,False
d331699c-af14-41a1-9311-65009d88761c,1,2,True,False
d331a495-6afc-47b8-8dd0-fa17b83bbd03,1,8,True,False
d3338add-1db1-4fbd-945d-a01dd95953d4,1,10,True,False
d366c94e-bc8d-4759-af5b-eb937dc61931,1,2,True,False
d3699bc4-a196-4f9e-83fb-46617ceca568,1,5,True,False
d36a95c9-a41e-4ac6-b9c8-1e61d93d8106,1,7,True,False
d3756ffb-3399-4451-b2f8-1c197107d654,1,5,True,False
d3758062-0cab-465c-b8f0-c57a09c8fbc7,1,2,True,False
d38cf2da-4144-45b2-bcd4-a4e9924c2408,1,3,True,False
d39b6402-845f-463a-a2a3-26c4e09fba53,1,4,True,False
d3bb1e4d-b881-4c59-a683-d618516cc693,1,2,True,False
d3bd7d22-c3ff-4f74-9127-7f87164aa7ea,1,11,True,False
d3bda07e-a148-4b88-8bb8-2184e3a47d53,1,10,True,False
d3bef972-2c91-4723-a8de-72b0f1c4b7c4,1,2,True,False
d3c10d82-3ed5-4417-a16a-40e360a73b2e,1,8,True,False
d3c33d72-34b5-4b2b-bcb2-128347faf246,1,3,True,False
d3c958ad-ec21-4569-906f-2a4a0c7c4672,1,5,True,False
d3d12a2e-d658-477d-8f4a-d5f16a7fab4a,1,5,True,False
d3dcbb86-f9b9-40e1-8cf8-75f42feb671f,1,8,True,False
d3eecfb6-c56b-46ff-a029-2d47ae4accc3,1,11,True,False
d3ef31a4-26a0-4101-bf02-a782add28a8d,1,9,True,False
d3f1617c-354a-446c-a644-a879075eb8c3,1,8,True,False
d40a6dc9-4d7d-4c82-906a-58b516cf16dc,1,5,True,False
d40a6dee-0477-4bb1-aa82-8c7fb5d8e23f,1,2,True,False
d40c3d14-63a8-46ae-a696-f222c94010e4,1,11,True,False
d40c99a1-6af8-4698-a5be-e3ac922115c1,1,3,True,False
d4106297-8e37-4bc2-a701-3d6b7768d590,1,6,True,False
d411543a-c74d-4784-bc23-64d999441b29,1,5,True,False
d427da5e-3ba2-426a-9414-61bc79271f44,1,3,True,False
d42e9a30-d774-4379-b431-72bdf0cb9c91,1,9,True,False
d43c7f6c-6562-4200-828e-ee803d9d3575,1,9,True,False
d43f1d30-5ac3-4af8-bf47-6ad69ed53031,1,11,True,False
d4477b66-f23b-48ec-b56a-760df1417a31,1,6,True,False
d461c2cb-2a4e-4921-82c8-94348ebbd3c4,1,3,True,False
d47d7464-da18-4ba0-8063-973e6da70c5e,1,4,True,False
d484b663-cf9d-4470-ac77-5565af905895,1,4,True,False
d48e518a-f970-4edb-85f4-0772f531e452,1,6,True,False
d48e86bf-b2d9-4aa1-a5fe-1231a33035c2,1,6,True,False
d499586e-6d5c-4250-bc8d-d6e0d048aac4,1,8,True,False
d4a750fa-3247-4999-9187-ba1ffbabc43f,1,6,True,False
d4a9362a-9a89-4315-a79b-0677b6d0e024,1,3,True,False
d4b09299-93ae-464b-b5b8-d684139f736e,1,11,True,False
d4c0d55e-2757-4318-9209-8366c9ef9f33,1,10,True,False
d4c744b3-8c14-4b10-a76b-b314a955e460,1,6,True,False
d4cd9e60-abee-4206-81ef-1bded45f58f2,1,7,True,False
d4ce8ac1-69df-420e-a3de-29b725bd1409,1,1,True,False
d4e840bc-8b88-4b37-880a-036df34361cd,1,2,True,False
d4e997e6-9e34-4a3f-a8ab-f2d9e51dd2ee,1,6,True,False
d4ee2f2e-2d0f-4fb4-a886-b08fbe424e0c,1,4,True,False
d501ebdf-64ae-4868-bb85-b48a105c4f35,1,3,True,False
d50b01e2-be63-4ead-a3f6-0d5d59e9ac60,1,8,True,False
d51baf07-aba3-4cad-a2e2-e0f8e0dd0f47,1,4,True,False
d526d660-a7db-4de8-bd47-59fccc35a938,1,1,True,False
d52e3deb-d147-44dc-a5e9-6ab8651b77d8,1,8,True,False
d532128e-2810-402c-b8d2-bb1798dc62c2,1,2,True,False
d534ff23-132a-4d83-863b-2b03aad4744a,1,8,True,False
d53dbd95-bbfb-45b1-84b2-9703406d2791,1,11,True,False
d54272f2-34da-4295-b6d8-b9f0d073c32c,1,11,True,False
d54736e5-83fd-4e25-81ec-203cee7c870a,1,4,True,False
d547a24e-fdf1-4ab2-98e5-6c22be1a6070,1,11,True,False
d54c6015-1cce-4d3d-a918-1000b5fe0b7e,1,10,True,False
d54eb1f8-4cde-4c83-bafb-b13738f2818d,1,3,True,False
d55192c1-57a4-4020-9d87-348ad73c09dd,1,4,True,False
d5533156-1d41-4891-ac05-dbbfe76e55ef,1,9,True,False
d55c1739-c005-4e4f-bb35-ed3a5f7ec22c,1,3,True,False
d56653dc-30d8-4abb-9703-a661ec3bc694,1,8,True,False
d568c246-e17f-4ec7-8469-0ac6b4fe2a01,1,10,True,False
d56fc9a6-f916-4a31-93c9-efc91f4ea796,1,11,True,False
d5741e54-7bca-471e-8900-bbaaf6e55acc,1,7,True,False
d57679f7-dc7d-4f74-90f8-692339e5fb4d,1,7,True,False
d58f451f-4802-4aac-a472-fefd1d5ff0a8,1,5,True,False
d5942d3c-2301-4052-9c00-83846098255e,1,7,True,False
d595ff7d-7694-4a94-88e9-a6c8966f0542,1,4,True,False
d5962370-55d0-4c8f-830a-47e48d29c55a,1,7,True,False
d5976797-a96b-4ba1-980d-f312568b7632,1,1,True,False
d5aa4b2b-9949-45a8-b9aa-486eee99ed7e,1,4,True,False
d5aa6f1c-5691-4d82-a225-1e55a764149d,1,9,True,False
d5b7ad3d-707d-4dbc-8b04-b88347121047,1,1,True,False
d5b80991-0128-4060-8d1a-044237712fe6,1,7,True,False
d5b94c07-ec69-42b7-ac0e-d16bbd936e09,1,1,True,False
d5bfd9b9-1bbb-4f5a-b357-27e693e67ece,1,4,True,False
d5de4e6b-4981-4f38-8f0d-7c9d36c45958,1,10,True,False
d5e22429-2a9f-49ed-a93b-03f338ccc8b9,1,5,True,False
d5e34b04-f469-49e1-977c-bd11b228f5b4,1,8,True,False
d5e92cf1-776a-40ae-96f6-1d7aa7ba69fa,1,6,True,False
d5ebdd9c-3926-4725-a3a6-785457f47b2e,1,6,True,False
d5ef8a4e-fa79-443e-b893-f442df6fb202,1,1,True,False
d5f3cb23-d7ff-48c3-aae8-143bd1153174,1,4,True,False
d60019f2-27d1-4ff5-93c7-9eeff324a23b,1,9,True,False
d60ecdf0-c284-4e3c-b50e-b19d3459540d,1,9,True,False
d614e467-3df4-4b43-a1fe-c26897edc7b1,1,2,True,False
d61e6b0b-b405-4bfb-8e24-70b8c90dddf6,1,11,True,False
d63b4e88-05cc-4cbc-86a7-a6e5087a09b7,1,6,True,False
d655cd95-2fa5-426d-bd37-4f8a3645e6f5,1,2,True,False
d662e240-fc6a-4417-b15c-4c198f486b45,1,6,True,False
d668cb7a-4560-4a51-883f-3929f823c1cf,1,2,True,False
d675527e-2665-4082-9585-0b535300ebe0,1,6,True,False
d675b585-815d-4a0e-bd8c-fc433e3a7ff4,1,10,True,False
d67f48f6-8477-44cf-8c9d-9302bea50a95,1,4,True,False
d687cce8-464b-4fba-9f41-599a4bb28a1e,1,6,True,False
d68d3380-ff5a-4f51-8464-60431bc65b95,1,1,True,False
d68e7751-6903-4eef-aa05-e3a58f3cdbb5,1,5,True,False
d6944bf1-f0d2-484e-8b32-443de470b0e9,1,5,True,False
d69c86fe-027b-4d1e-8bf5-8f31f1255b99,1,11,True,False
d69e2fbc-6d6e-4a8b-99c2-29c6062d0777,1,5,True,False
d6a300d1-70be-4493-a5b6-27a4efdc1a15,1,7,True,False
d6bec3a4-72d4-4d2c-ae04-2623c6a88ccc,1,4,True,False
d6c24a99-2df4-4f32-9f3b-eaa50bf20bf2,1,5,True,False
d6d998a6-4050-47cc-a08c-06f22a07e82b,1,8,True,False
d6e1e2a4-7863-4314-bf86-b2d25cf05226,1,1,True,False
d6eb2d88-58d5-4199-b602-1e31d32e8414,1,11,True,False
d6ebcb16-7789-42c5-876f-008da8165fa8,1,4,True,False
d6ec1114-647b-419c-940d-038843ea0c4a,1,10,True,False
d6f244f2-eda7-4291-8e23-7de6c2363662,1,5,True,False
d6fa5c2b-e3a2-4f7b-a8aa-f135943dd387,1,10,True,False
d7033dad-d8d2-4b85-92c9-f92b30689dea,1,5,True,False
d7198879-1249-4371-826f-cb42f6442817,1,6,True,False
d736a538-9a7a-4fb5-b0d7-d68705ee940d,1,6,True,False
d739b4ac-c4fc-4a0c-b421-fd8ad3457731,1,11,True,False
d7424423-83a6-4f8f-b0ed-3514f99ba26d,1,1,True,False
d74c9e0a-4280-41df-9f9f-77eb19ea5bd0,1,7,True,False
d74e54ec-6aa0-49ec-bc02-80e0c8816abb,1,1,True,False
d752d96b-29ee-43aa-b2b3-0b42898e685c,1,3,True,False
d75abdcd-a50d-41d9-9e69-11cd8770b4b6,1,3,True,False
d762d9b5-11aa-451b-9143-4f8c9294b1c5,1,4,True,False
d76820dc-d2d1-4bbb-baa8-e537ec1ad04d,1,2,True,False
d7695929-b53c-487d-ba89-0cbaff1df189,1,10,True,False
d76aff3e-b427-40f7-9731-cd2cff29da1c,1,3,True,False
d78491b0-c816-45f2-bcf7-370cbf348181,1,1,True,False
d7990da2-cee6-426a-bfa6-6a5014ca288b,1,3,True,False
d7a12d71-f50c-4f69-b3a7-5db0cb2b1cfa,1,9,True,False
d7a321e7-b01a-46a2-bc04-415e5d6f8c20,1,9,True,False
d7a3ca66-a7cf-4816-84bc-18d768875f6c,1,7,True,False
d7a47ae2-6108-4526-8543-34a50199352a,1,3,True,False
d7aa09ce-bd2b-40dc-b57f-197fa4bb9584,1,5,True,False
d7aa6d37-e006-466e-9f9c-da31d5cc3ba5,1,10,True,False
d7aa80e3-233b-4864-a6ee-9319d9353cef,1,9,True,False
d7b2801a-1369-4b27-859d-43566cec2adb,1,5,True,False
d7b4344d-692a-4e16-b10b-17042ca8e3ba,1,6,True,False
d7b7b5f7-03ce-4beb-81fc-e2b005b7e439,1,3,True,False
d7b870b6-4f39-4e45-bdc9-dd718b6d39f6,1,11,True,False
d7bd0098-d74d-404e-9721-473a0c7a64c2,1,4,True,False
d7c5ce05-ffbf-4774-9004-9c5c1d34d1ae,1,5,True,False
d7ce9ca5-803a-4229-95bb-1d86c1d139af,1,10,True,False
d7cf1041-5a0f-492b-8735-f1c1cec306d7,1,1,True,False
d7d2c1ae-0322-4c5a-b8a6-38aabaddea23,1,11,True,False
d7d85bb1-4355-40fe-bfe9-cefb9e544500,1,6,True,False
d7dd3b4d-f3e8-42f0-ad03-b0cd0eb1ef21,1,9,True,False
d7ef8ddb-bbd2-4561-aea4-02216e01add6,1,5,True,False
d7f2bb62-68d0-44f6-9c01-ec00021a3839,1,6,True,False
d7f735c6-3f4a-41d4-8f38-b4a732273346,1,10,True,False
d801efba-b01c-458e-94c1-9d4bc9e12829,1,2,True,False
d8062f14-c3f4-482e-85e9-16cbf5bcccfb,1,4,True,False
d8091a68-98e0-4dc7-aac7-ecdd7e733b47,1,9,True,False
d8122da0-e6e6-4321-b8e2-0fb858c99819,1,6,True,False
d81803a1-8adb-4c4e-ad75-5b20f75136d5,1,10,True,False
d81b278d-12ce-4602-aa87-6656b46855bb,1,2,True,False
d8217cfe-c574-4a1e-9429-cf94b30e4ac5,1,8,True,False
d82c6e18-2b22-4987-ab29-74b40871e285,1,3,True,False
d838fc30-aa40-44d6-860b-6e53e604a4d8,1,10,True,False
d83928b3-8b08-41cf-b963-43a7dd6f1caf,1,9,True,False
d83b7a87-a0a1-4dff-8c68-4084baea10fa,1,4,True,False
d8442a56-f8a1-46cf-bed7-0e7080c766b9,1,7,True,False
d845b832-eb7a-459d-b2eb-116e84b23bd7,1,4,True,False
d84b6165-a25d-4604-a885-ba3a94f203c0,1,1,True,False
d84c6c49-10c7-4076-9532-733207122fd2,1,10,True,False
d850676a-05f9-4278-a4b4-6312fb4b1885,1,7,True,False
d87a8188-ee33-43e8-8be0-29a5c8d4bef8,1,7,True,False
d8834696-71af-43de-a9ee-46b4e8f9d7cc,1,3,True,False
d88fa42d-6382-43c6-a083-df8f7cf7694c,1,9,True,False
d891014d-239d-4ef6-a15c-34c866b111e3,1,3,True,False
d89ef35b-79cf-411e-a5fb-6787d6460c5e,1,5,True,False
d8adaa4f-9aee-4f59-ac14-2abb5fa7127f,1,8,True,False
d8b0599f-280d-4631-8c10-aabb0e883366,1,9,True,False
d8bbb529-835e-41f3-af87-0b329c181a44,1,3,True,False
d8bbbb0d-1cc1-4a98-807c-6ecd3c29203d,1,9,True,False
d8c12124-a1b8-4eef-9f79-d665776b9e67,1,5,True,False
d8cd08ea-4cc7-450b-87eb-3af02e260787,1,8,True,False
d8cf57bb-8598-4ed0-8c73-fba1451d91c9,1,11,True,False
d8d3e16c-315e-4a51-a3d4-e894c2acb873,1,2,True,False
d8da7de4-7143-423b-a2ae-b1f70be43ab1,1,9,True,False
d8dc0935-2bd0-4c69-9057-bf25715b9acc,1,5,True,False
d8e89883-57a8-42ae-b916-4bf0ba605a41,1,2,True,False
d8ee6b29-fc70-40c4-aa4d-d0f3534f037e,1,6,True,False
d90631f5-67e8-4dc7-8bea-e780eb03d575,1,7,True,False
d916bcbe-fd0a-4a5c-b730-406591fd8aa2,1,3,True,False
d91851de-f0ec-42a0-9789-4956f486f6d6,1,4,True,False
d918d28a-fd5b-49c4-974e-07a2f3cb5d77,1,4,True,False
d9196ab8-aa04-4119-86ae-27caba12315d,1,7,True,False
d920389a-c027-492d-bc6b-e69802cffda8,1,9,True,False
d921b731-e247-4454-80c9-3b27915590fb,1,5,True,False
d923141c-b177-40bb-8be7-0b21a1fdc743,1,8,True,False
d9249783-0c9e-43e7-a363-b022beb75e45,1,1,True,False
d9345206-2c14-4a4b-84ef-dcfc9c5a4fb0,1,6,True,False
d935a616-c3cd-401f-a3d8-e10ee1887e11,1,7,True,False
d93bd2d8-3b1d-48ca-adc8-42b3c052ee06,1,1,True,False
d93c6a01-4255-4f01-b018-aa073290c2db,1,2,True,False
d945ee30-e125-44a6-bdbc-8016f206e261,1,8,True,False
d94cc6d2-2d73-4994-9958-ba165c2243ca,1,2,True,False
d95255db-71f7-461d-aa26-b863561eb0f4,1,1,True,False
d955f2e2-0122-4f39-8e55-3782042de93c,1,6,True,False
d96e68e8-a0cf-4056-9c9e-7e7fa0857378,1,8,True,False
d977713d-bcc6-4c62-abd2-a0dba9425c86,1,10,True,False
d979eb95-3338-43b0-bba7-dcc3059a2a1c,1,7,True,False
d97d40be-6f25-460d-a256-2e90a16ceae2,1,4,True,False
d983448b-cd97-4f35-8c9b-c95e4027d85d,1,1,True,False
d99e213d-4ecb-49bc-8ab6-6b9b76c56de3,1,9,True,False
d9a04afa-8b9c-4a40-8308-19ec2ee668c2,1,5,True,False
d9a24f67-97c3-4e97-bdbc-b106e094a991,1,6,True,False
d9a6592d-59b8-48f1-b7a6-75a3bcc78af6,1,8,True,False
d9ae71a0-a5e8-445f-9d22-7639f458ba5b,1,2,True,False
d9b7ee0d-e134-4dcd-8ca6-d61dadfa8ea6,1,2,True,False
d9c3d23a-4a7c-415c-a1f2-c59812772e28,1,2,True,False
d9c5bc8d-0e15-4bfb-a55a-fb45ad28aa37,1,8,True,False
d9df78a4-7150-4ec1-a1d7-b0872e3340fc,1,6,True,False
d9e2ca8b-00bb-45d5-b9ef-d4a9a7700c24,1,5,True,False
d9e57fe8-8d83-4205-834d-5dbf4c2caa3c,1,5,True,False
d9e8a37a-3aef-45fc-98b0-d1c3eec81d17,1,1,True,False
d9eb4696-c41e-4580-8d57-d0d9d8a94374,1,11,True,False
d9eb8c8e-b287-40e0-8858-e7ccce425e15,1,9,True,False
d9f246c8-ef98-4661-9149-20195773664b,1,10,True,False
d9f492a8-5a1b-4c4f-a42b-97c7542cc9e2,1,9,True,False
d9fb0142-03ce-4636-a5a6-840e8b0a4497,1,5,True,False
da1060fb-c7e9-43ea-9113-eb6de7e8d9b0,1,1,True,False
da186ea9-0fc6-41a5-aaee-bfc990c7d7b2,1,3,True,False
da2b3fd1-a6bf-45c3-aabc-66bf0a888693,1,11,True,False
da325af3-9ae1-489f-a78d-865e20220832,1,8,True,False
da491e51-11fe-4429-8d10-fed115bb9e57,1,8,True,False
da5552f9-2c2f-4706-b7dc-58d7fb5b376d,1,6,True,False
da56b51c-ad9a-4ac7-a613-afa2adad422e,1,10,True,False
da5d38fc-a682-4ef9-be30-3d1382709324,1,5,True,False
da611c1f-1b91-45dd-87f5-94cbf9a7e071,1,7,True,False
da6d3c3a-f705-4d51-933a-7d4617e71b17,1,10,True,False
da723362-a2b2-4c04-bdbb-bad6318bba59,1,4,True,False
da77fbf6-c1a3-4e8a-b780-92dd4aa62c37,1,3,True,False
da864f85-cddb-4e6e-b1a6-46412b7bb8fb,1,5,True,False
dab36317-7ecd-446a-a0dc-e956d0e84b2d,1,4,True,False
dab6127f-6d4b-4df8-a36d-0249f01ad27f,1,8,True,False
dab76f34-647c-47f7-a684-c986866e8f25,1,3,True,False
dabd6961-045e-4c04-b142-f557097e0f15,1,1,True,False
dabfab39-aa45-407b-9475-cfb7a171f7e9,1,5,True,False
dac086ef-1e73-4e55-841b-9adfbd43e865,1,6,True,False
dadafcd0-c4d7-40e9-ae81-81d702be44a4,1,6,True,False
dadcaafd-02ef-4ea9-955d-4e7b74c5351e,1,10,True,False
dadcaba9-ab25-4f49-83b6-8e89bdc77f14,1,11,True,False
dadd7732-eb76-436c-825e-1cf8c4c46d6a,1,7,True,False
dade4104-7207-4794-8c7c-e1aef5e53458,1,4,True,False
dae35c37-299e-40d8-bca1-34d5c2fefd0e,1,3,True,False
daeba636-9ab3-49d3-9892-96bf8675ec5f,1,2,True,False
daf7be0f-70ab-4641-bd95-ca1a2844ae13,1,1,True,False
dafd532c-4f55-4989-9382-19cc238760c4,1,3,True,False
db170322-0d6e-4cb8-a08b-5bb37373aa4d,1,7,True,False
db269df4-115b-4f42-a7ac-be509ac1b5b8,1,9,True,False
db2c6462-6997-4822-aa73-9a83e3fd7ee5,1,3,True,False
db2e2bd4-7a8f-4242-acf8-b9fb35734990,1,10,True,False
db33a27a-093e-4b40-87ee-721c5eabd4a2,1,5,True,False
db37c5cc-a2fc-4748-83a7-f36b5a960d6e,1,2,True,False
db38af0d-e2eb-40b0-a831-c4aaaf5247fd,1,10,True,False
db4a0296-0902-4f86-864a-489626e6a700,1,3,True,False
db4b5250-286f-4916-8d4e-243aafc0fed6,1,11,True,False
db4f1c48-1e8a-4f2c-a51c-dd4315a9bde2,1,6,True,False
db63c9f3-052e-4b1f-9303-292339b24fbd,1,5,True,False
db664c98-7ad8-41dc-a6df-59e5e08f9ccb,1,3,True,False
db66f8b3-356a-495f-8934-c47c00c31e64,1,8,True,False
db74d44e-8a2d-4ae7-a5f7-47b1b2193544,1,2,True,False
db75375a-b580-4416-9b3d-928fa791212a,1,11,True,False
db7c9174-03d3-4889-99cc-2df7f0766188,1,5,True,False
db80b8bb-77d1-407b-937b-fad86d573f86,1,10,True,False
db8a082f-83b6-4999-b485-5299868fb4a7,1,5,True,False
db8fc41b-f9f4-4bf2-8d24-62e91a44cff2,1,4,True,False
dba0b92b-4c4c-4fd3-9ca0-c81d26b074ff,1,5,True,False
dba26150-6b1d-4a8d-b28e-1422fd09119e,1,11,True,False
dbae1a2d-e6fc-4c39-aa1a-385629f53271,1,11,True,False
dbb178fb-8914-4101-889f-4dd31f116a58,1,11,True,False
dbbbfb23-70c5-4869-99bb-1e0ae5237706,1,5,True,False
dbbfa2f4-489c-44af-9134-deb62f45de26,1,7,True,False
dbc07e23-e484-4967-82e4-4cd2e232dfd5,1,3,True,False
dbe72301-d393-4921-8b48-dd70069c2af8,1,4,True,False
dbf18150-fc21-4925-bbf3-6809485a3ace,1,6,True,False
dc234c4f-2cc6-497a-bba9-5f79868fe639,1,5,True,False
dc412ddf-e414-4a9e-8baf-af54d6923720,1,11,True,False
dc4627fa-7033-495f-ab50-2a80e8573acd,1,2,True,False
dc4d88bf-5164-457e-9d55-f63483e3145a,1,7,True,False
dc593e64-845d-4435-88a3-ae32d87117f9,1,8,True,False
dc599403-aa3d-4412-9d2c-69b0648144b8,1,8,True,False
dc5fdc29-1972-426d-ac0a-41afce561078,1,1,True,False
dc64a694-b834-45f4-873d-a3dc2e6335a6,1,9,True,False
dc6c0aed-efaa-4ef2-93c3-bc3748e14240,1,3,True,False
dc75b4ac-5440-4bb9-be36-aa34ae7d8772,1,6,True,False
dc80127e-d918-437e-afb6-d871859434d5,1,9,True,False
dc89efe7-0627-4cc7-b9a9-7f1406ba20cd,1,3,True,False
dc92c6f8-41bf-44dc-ac65-108c97ed4908,1,10,True,False
dc94c5a6-8bce-45ac-bb07-c666d06c33c5,1,5,True,False
dcbb7a77-7a9b-4091-8682-39a18a9f936d,1,1,True,False
dcc63490-0841-4385-af9d-e11ae060a66b,1,5,True,False
dcc9665e-6632-47b1-a42c-6340fda38851,1,9,True,False
dcd09df6-c648-452f-8bb4-ea9e1361b73f,1,5,True,False
dce37182-125e-4cbb-a7dc-b67558341f2e,1,1,True,False
dcfbcaf2-dffc-4794-90db-d048710a7b8f,1,6,True,False
dd0525bb-7337-4d3e-a7c3-cd81dabcbdcb,1,6,True,False
dd130326-d80d-4a6b-8ac8-02240b24bacf,1,7,True,False
dd1a33fd-3b1c-4db1-b6d4-3e8f4e469ba0,1,6,True,False
dd1b2b9a-e21d-4c2b-9b3f-7e5eb6313ffb,1,2,True,False
dd1c94e2-a22d-42d2-878b-df8e89460b9a,1,1,True,False
dd1c98a3-141f-4538-9ae5-36b4c82cfbfb,1,2,True,False
dd2881e3-e28b-42e7-92f1-10cc26b17a72,1,4,True,False
dd2fd42b-a44b-419f-8ae0-37e2b8963e5a,1,9,True,False
dd38e404-ea2b-4337-aae8-359ddd18c5c3,1,8,True,False
dd40f0f9-89e7-425e-be58-6d777af68ff4,1,1,True,False
dd40fc6d-9e07-4b4c-8157-67383d8f0a06,1,7,True,False
dd45099b-5d7b-48b9-b109-fb0bd5c73afc,1,2,True,False
dd4985cc-0028-4961-bf6c-c6192ac598c1,1,11,True,False
dd4c2cfc-8ddf-4fb4-bba7-e8ca1fc30370,1,1,True,False
dd523e9f-f91a-415d-887e-ec4abb6360ea,1,9,True,False
dd52dc50-a88e-47c8-b73e-227f9ccb8069,1,1,True,False
dd5ce103-aeb9-4782-890e-6751250ec594,1,2,True,False
dd6581a8-ea12-4aba-8bcb-9cdc7872ea9c,1,9,True,False
dd6927f0-09d2-409b-b550-d2aec1fdcf04,1,9,True,False
dd776cb9-1cfa-4f03-9f4e-afff41006ab6,1,9,True,False
dd77bb85-f670-4027-9eae-d1bfac6091b9,1,10,True,False
dd82c0f3-37bd-4a80-bb5e-11eae3ea3120,1,2,True,False
dd872a66-663c-4aa9-be91-1a1e0bb03388,1,3,True,False
dd89f276-6905-41df-94b4-ecbaf1e5235a,1,8,True,False
dd94038d-591f-4132-93fb-b95698af9f2d,1,1,True,False
dd9d602e-85ff-46ab-b45c-1810431bccff,1,1,True,False
dd9f6be2-bae8-4207-8173-ab05ddd9ade4,1,6,True,False
dda23c47-0ad4-4a62-90fc-62a05cd8834b,1,2,True,False
dda2a0dd-7eb1-4170-8f5f-b43566486848,1,3,True,False
dda8f5e5-0f83-4bf0-b4b3-66a90ce2bc77,1,11,True,False
dda9ad69-405e-48f6-a35c-2f5ce0537e67,1,8,True,False
ddaae6e3-b037-4761-b301-dccb0c080ba9,1,11,True,False
ddb07012-563d-4d6f-a198-a259988097d6,1,7,True,False
ddb115f7-afa5-44eb-9211-d5c49d6552dc,1,6,True,False
ddb55dd4-2dd1-441c-86bb-d1bcdcf59363,1,4,True,False
ddcb2f0e-ee99-4e34-a25d-da74770a6681,1,4,True,False
ddd59ea2-23cf-4ca0-81e5-45eaa702b9dc,1,5,True,False
dddda496-cb67-4a24-8467-a1d25a407471,1,7,True,False
dde88728-7239-49ec-b35f-95c16347f279,1,2,True,False
dde8d597-a6ed-4cce-9bbf-17091bc003d2,1,10,True,False
ddeaefb6-dc21-47f7-a2a6-aca804c01430,1,2,True,False
ddf2c234-e963-486c-a546-ae2fd23fb283,1,5,True,False
de00833f-43de-4101-841f-af9a0eb2aadb,1,2,True,False
de0e414e-25a4-4ab8-8736-d068a1413576,1,2,True,False
de122d1e-29f2-4801-927d-fb9d0e65a94a,1,2,True,False
de1f14a2-3d03-4f7c-86ac-7d0cbd7b4c94,1,5,True,False
de261814-14fb-421c-8fab-72ada64810fd,1,4,True,False
de29c3e7-d911-4b73-8e6c-9b0b8c7d2890,1,1,True,False
de31b101-fac9-421f-90a4-71e60352c898,1,10,True,False
de353bb8-300a-497f-9270-155b788158ac,1,2,True,False
de4d612c-8bd1-4d50-84bf-29c4a6aac336,1,11,True,False
de526a3b-f594-4571-bc4d-e7a6caf495ce,1,5,True,False
de54f26a-2095-4421-92c7-22a658fcf629,1,7,True,False
de581a5b-3a96-4bee-9ee3-52e4969a8fa6,1,6,True,False
de5b1da9-eee8-4e11-b478-d6c8f4e1a421,1,4,True,False
de5ef306-1379-48db-9c10-0ecda5d6b27b,1,5,True,False
de6624bc-9f99-4b7f-ac99-3c8394ab37c1,1,8,True,False
de6c7d7b-ade0-4f65-bb94-9b7c7eb8b60b,1,1,True,False
de8510a2-b8a3-42ac-80c6-8e8427a691fc,1,5,True,False
de8692c6-ef7a-42b9-b386-efb9c25f31e0,1,10,True,False
de995cff-6372-4809-a009-22ff0736ed62,1,8,True,False
de99e066-4aa2-4734-a522-765e643cfb4c,1,6,True,False
dead11e7-268b-4ed7-a53c-403d889f5f08,1,10,True,False
deb97c66-caae-4fdd-ac5b-ca85a14bc404,1,8,True,False
dec423e9-6ca4-4293-8331-c365308a839f,1,7,True,False
dec6502f-1f46-4db9-9dda-01a9bf98996e,1,9,True,False
dec70ae7-0754-4a3e-be7b-b629c32b9ef6,1,3,True,False
dec76880-d039-4e2d-80d8-f7b00d2b8d36,1,1,True,False
decbfa48-9597-42a4-af3b-d7e177b9dd41,1,11,True,False
dedbd1a9-438e-487f-8d09-27af66cf8346,1,2,True,False
dee2837d-a809-4154-8e31-39b4b55a9540,1,6,True,False
dee82acc-7196-45fd-8a20-7651bc980c50,1,7,True,False
deefd465-ae82-4e8b-b03f-9e82178a1779,1,7,True,False
defbc744-badf-4c22-8b13-495afc4c9e31,1,3,True,False
df0c1c8e-d893-4c4a-a8e2-979e8b06e548,1,11,True,False
df0dbdc5-b6bb-4740-a560-96a075d61d7e,1,4,True,False
df1ddab0-8947-48cd-8f92-b7d9375b7e85,1,7,True,False
df203bf6-1452-4f1c-9ec6-b06ebb88454f,1,3,True,False
df32d41e-765d-49a9-aa4c-9d3bed7d2c27,1,8,True,False
df36cd58-6bf2-40cc-806f-3836e7aff767,1,11,True,False
df43f8cd-2905-45b7-af50-f4cb3139854e,1,5,True,False
df46a6a6-024d-4035-9f0a-7d648a2a3cfb,1,9,True,False
df48bb0a-116a-42b8-b96f-5feb059daa52,1,7,True,False
df506f42-5735-4c27-a479-70840b3f6423,1,1,True,False
df5f3c41-2937-4db6-8faa-5c595c7ed194,1,9,True,False
df6fdc53-9c15-420d-8c59-e0fb08ab9ff7,1,10,True,False
df749745-19ea-4e27-a611-d31602938c88,1,6,True,False
df7eb5ca-a217-4a60-a56a-ca7bde95ba2e,1,9,True,False
df8c117c-3083-42d2-804f-33d1e5d3384e,1,11,True,False
df9031a8-7592-4994-ac59-0d3baa09ca9b,1,7,True,False
df952c63-0bf0-4192-930f-6b69a63ba078,1,1,True,False
dfa4abb2-b578-4bf7-99ef-e6961022a1b7,1,8,True,False
dfa66b00-3749-4b76-acf4-6f6331722d01,1,1,True,False
dfa7f708-c6c3-4b69-a237-2390669b0c9b,1,1,True,False
dfacfed3-2b67-4381-9075-560b563688eb,1,8,True,False
dfbf3999-b195-4f0c-8fd8-33c1df5f98e7,1,4,True,False
dfbf93f2-d15a-47a7-9cec-90e8f670dbe4,1,8,True,False
dfc07c9a-7a2b-4066-93cc-07257eb85d51,1,8,True,False
dfc80d60-9e26-4279-a4b4-2a6afa4d9777,1,10,True,False
dfd149b3-7e5e-4bc2-9ad8-a3b0649f9153,1,1,True,False
dfe5402b-5221-4518-be74-959525fdbffb,1,1,True,False
dfe822d7-e588-4624-8b2d-73b5aad3fa78,1,1,True,False
dff1ab69-778c-4e83-b663-ab25e705b3bf,1,5,True,False
dff1c913-205b-46cf-9f5d-37d69c1c59f7,1,5,True,False
dff7632e-8ee6-4968-a043-66d57e9625ae,1,11,True,False
dff7b93a-898d-488e-b2f0-96b0224fc275,1,2,True,False
dffb3d2d-eeb1-4b43-9a0f-c866260ddaf4,1,1,True,False
e0052b19-5bad-4108-8974-ce1f14bfa5b8,1,2,True,False
e007658e-ac31-41cf-8be4-bb7cfec0308e,1,4,True,False
e009a99a-8b64-4aca-940e-ea616251cb6c,1,4,True,False
e0120e0b-ceeb-43b0-b02e-d3cabc10d345,1,8,True,False
e01ba9ce-2acb-4853-aeda-ce842063810d,1,7,True,False
e01c1fb3-aff8-4bbb-bda2-751a4e6d749c,1,10,True,False
e0209b46-bdbf-4bce-9d4d-7735fb1b53a4,1,7,True,False
e02126e5-9264-4924-a598-669f6ddbd45e,1,11,True,False
e02223c5-e72e-4e9f-8b39-5c23eee41f66,1,5,True,False
e0242cf7-e0be-4a3a-95f0-f51fbee7ffc8,1,8,True,False
e02e0b78-b276-441c-9b53-e7c4d0f10a9b,1,2,True,False
e03620a7-016b-447c-8182-2cb9d8d6d232,1,11,True,False
e03a5a94-b1aa-46d0-9022-fc2a471cf4e2,1,10,True,False
e03c3340-e445-404d-9681-3a04244cf14e,1,7,True,False
e04bd0bd-5ecc-4a5a-9716-83aa7c84da6b,1,11,True,False
e04ceff3-e4a1-42b7-89f4-e8e7d78f7342,1,10,True,False
e04defb6-3e8c-4ec1-91ff-e3d6550f021d,1,3,True,False
e0500991-e7e5-4e2b-8091-4a43a9700b20,1,11,True,False
e05a27ce-967e-46c7-97f2-7c92ca58ed4e,1,8,True,False
e060b63d-e792-4942-aee4-3a98a6649494,1,7,True,False
e062076d-3c80-49a5-93c4-9ca64ee8a705,1,3,True,False
e068ac55-0e22-48a8-8f28-828198fe3bb6,1,1,True,False
e0729bc3-88fb-49ed-9442-eb9eccf3effb,1,7,True,False
e077328c-6db4-44b6-bce4-167f06c12c87,1,8,True,False
e0983807-2d8a-4ebb-9604-ecd6059005d0,1,4,True,False
e0a06a88-bfcf-462f-9292-c04d127a63c6,1,4,True,False
e0a26556-74f7-449b-a1e4-b88a9ab05807,1,5,True,False
e0a72c9a-f334-4fee-ac40-b7355edba9c0,1,2,True,False
e0b3a664-cf37-401b-8f88-3fc73aa47e45,1,8,True,False
e0b9982e-f036-412f-9352-b218a839e4c6,1,10,True,False
e0bf3b06-1170-40ac-9b09-de8aa435995d,1,8,True,False
e0c1707d-8df4-4b83-bef2-a1fd0524503f,1,4,True,False
e0c4bcd5-0903-4523-ade2-30445baaf3b7,1,8,True,False
e0cf13b2-8f57-4b71-ba00-8eb8017c99c1,1,6,True,False
e0d93b2e-df48-4977-afba-d5ca07c64586,1,2,True,False
e0de0747-ace3-4ad2-8e4f-2d51ee02610d,1,4,True,False
e0e0accf-13d4-4716-8635-a74183b0dadb,1,11,True,False
e0e3bfd7-2401-4294-8abe-399ed3534420,1,9,True,False
e0e52821-cc9a-4a71-b706-d15c889a2c5b,1,5,True,False
e0f58453-0027-4716-8d7d-b568bdf11b39,1,10,True,False
e0f92037-5bde-4b2b-8515-c191ef4c8d30,1,5,True,False
e100c33a-b78c-479d-8edf-5734b2bde7fd,1,1,True,False
e1013598-8000-4a12-a3b5-60ae5e41e721,1,3,True,False
e1028a15-65d8-4235-809e-1e84c5df14c4,1,11,True,False
e1136c0d-aa70-41f3-8032-97d4c6174368,1,6,True,False
e11ba6c5-1eea-4989-84cb-6913f3ef9890,1,10,True,False
e11c24b7-d958-4fe1-be90-0a8bf6de0944,1,9,True,False
e122c634-cd62-4767-9a4d-b5e0c8b8fe3f,1,8,True,False
e1317852-6c05-46c9-9653-c54b9cf01d3e,1,9,True,False
e1401f66-77d4-4000-b38c-80b6e3c9ad74,1,4,True,False
e146e4cd-5332-468e-80c4-181f38e41e9b,1,4,True,False
e148aee9-c9f6-48c0-aca6-0468f0888bfd,1,11,True,False
e14a515b-300b-4551-aba6-21b61d8c2d2a,1,9,True,False
e14b82f8-6a73-4004-9c0d-eeafb8852699,1,9,True,False
e1505241-6c6a-419d-9ef4-9daafaf432f3,1,11,True,False
e15a5bc9-1723-4f19-935d-9885de99a73e,1,1,True,False
e16110a1-80e1-4f10-b636-db2444f4fda8,1,4,True,False
e1625c60-b9b9-4544-a92a-f1f7c26d73a7,1,5,True,False
e166105c-07be-47ce-bd12-3bc9b6c4f034,1,10,True,False
e16f5222-0914-4afc-b868-258767149b5e,1,1,True,False
e1824044-b365-4999-b537-5bec9d656fc3,1,1,True,False
e182edb2-698c-4790-a5b8-1285467a43c6,1,5,True,False
e18ace45-45d5-4100-a767-bfcb1885dca0,1,5,True,False
e199b3a1-a34d-4f53-b051-2a995eb05f85,1,6,True,False
e1b1bb2f-a638-4201-914c-aae5c7e9fafa,1,11,True,False
e1bc2a18-d912-4abd-b7ba-5c3cc7028fd8,1,11,True,False
e1c49ca0-ae2d-4173-b02f-a69ad6f00574,1,9,True,False
e1c68fb6-e2f7-4fe1-906d-07aa97a08e12,1,2,True,False
e1d07798-0b8f-4283-8f0c-d4c452bc80f7,1,2,True,False
e1d12f0f-7757-42ed-a2f4-60bf1b483c01,1,10,True,False
e1d5a3dd-0e89-4c1b-80c9-de6b6d9f3f5a,1,1,True,False
e1e2fc5c-2b9f-4583-b019-ca3eb003d1ed,1,2,True,False
e1e5abbe-5229-4f8a-9eee-c3144a0fc3f7,1,10,True,False
e1f75d19-84d3-495e-b0b8-2bd76aec454d,1,3,True,False
e1f875cb-61a2-4557-9d24-c76b73a99596,1,8,True,False
e203c453-a8eb-4054-8ea1-52e01990bcf3,1,2,True,False
e216e6fc-8cb4-4703-8ecb-82359a902a2c,1,8,True,False
e2350450-6118-4472-9ff5-fe035a54ea04,1,5,True,False
e238f833-a030-4709-a17c-ea6a5a043989,1,2,True,False
e23a390c-ec41-4f71-a75b-bd67a482bd93,1,3,True,False
e24077f6-478e-4f71-baa5-5d42c40c74a6,1,5,True,False
e2465bc6-bdd2-4f3e-a584-989dcaa588b6,1,1,True,False
e24db045-4d3f-4e37-8515-81919a62027e,1,10,True,False
e24e21f9-5d4e-4c5e-8b89-e18f4a61683d,1,7,True,False
e24f0758-bead-4047-9140-38c5d37734f8,1,7,True,False
e2547ec1-679d-45ae-8552-0cfdcba02957,1,2,True,False
e2634a0c-704e-4691-a130-84f9d09b7752,1,7,True,False
e2637213-abe4-43ff-bd7f-67c89a19eeab,1,8,True,False
e267fe66-53da-4af9-8980-36c5547003f8,1,1,True,False
e26be908-d8df-4124-a311-f09648374424,1,3,True,False
e2718e6e-2f29-408a-8b6a-d7255016d1ca,1,9,True,False
e2761274-d2e9-4f90-89da-c59205a9e186,1,8,True,False
e289bec6-146b-4ddd-be93-7487c681a377,1,4,True,False
e28bf6b1-1827-453d-b112-3cdc121e5483,1,4,True,False
e29cadca-4c11-41fe-bc60-65ac70119be7,1,5,True,False
e2a2be1e-535d-4517-945c-6c28fef275ac,1,10,True,False
e2a6630c-8f3f-401b-8fff-7289e0e57160,1,1,True,False
e2c40473-2f73-4e47-bcc6-58fc8c58b964,1,5,True,False
e2c898ff-1960-4376-b685-3df60a39e059,1,10,True,False
e2ccd78e-f679-4fa4-b9c5-0445b235cfff,1,8,True,False
e2da7ae6-6b5d-423e-b237-7da5d5904f14,1,9,True,False
e2ddd6e0-8ff5-4648-87ce-700f118914dd,1,11,True,False
e2e12a98-70e1-4274-84b9-aece323d324a,1,10,True,False
e2e30d5d-a858-43a9-8bf9-ef59f1c7f165,1,3,True,False
e2ec3fe8-5390-4385-9daa-6e22baaec78a,1,10,True,False
e2ec86ed-ee07-4d81-8a86-6997dd845d71,1,1,True,False
e2fb3c78-4cf6-434e-b758-b8ca2fb34096,1,7,True,False
e2fe62ca-4175-4d05-8080-59351276fe48,1,8,True,False
e30df73b-ce4c-4d52-b769-32237e601180,1,10,True,False
e30f3d30-daef-494c-b621-1e128b4ee16f,1,1,True,False
e30f51b0-93a3-4590-adb9-7728ced07843,1,3,True,False
e30f54f4-49d6-4a9c-b59d-ef59653c5b9e,1,6,True,False
e30f7ada-14c1-49c6-aad9-cbe34357edfe,1,7,True,False
e31084e3-0318-4a9c-a78f-226eb0cef8ac,1,2,True,False
e3197b8a-63cc-433e-88c2-aa974fb915a0,1,9,True,False
e3198f7b-6165-4979-b5dd-d6063192f6ed,1,1,True,False
e32130ef-6b65-4244-8532-f6f79d1684d1,1,4,True,False
e328309c-7721-4274-bf17-912ff2274044,1,9,True,False
e33638ed-8731-4834-bcee-4e8a2f674512,1,1,True,False
e339315f-5fa2-44d3-9bcb-1c3c1eb117cd,1,8,True,False
e344d264-e191-4510-a215-eb51b5d6e231,1,1,True,False
e345c067-73d2-4bdd-bcc0-b4258c7ecac8,1,8,True,False
e34b1a74-f262-4c7b-b487-623b5a67f8a6,1,3,True,False
e35608e7-3a80-4b5f-9469-7ad024a8b02b,1,8,True,False
e36094be-7a1f-4a86-b482-707a51acf5d9,1,4,True,False
e36299de-5098-428a-a2ab-0816b140e89c,1,8,True,False
e36fcd4d-4599-4a4f-961b-39631cc6ec73,1,1,True,False
e3723f6e-096c-4da7-afdb-42f4ec2b96af,1,11,True,False
e3742f0d-aa9a-48a8-be15-2462973e7790,1,1,True,False
e37754e7-0ddd-439f-9a6d-3a6a1bf5ef72,1,5,True,False
e3778a62-7c47-4922-b8f5-85d3f0ef8af6,1,8,True,False
e388b74c-542a-45ce-81d3-2f90fb187683,1,10,True,False
e393baf3-f314-4ca8-98a1-20f5b5ecb0cf,1,11,True,False
e3996270-8d7e-422c-b832-6ce1214a3f01,1,1,True,False
e39bf3d9-2bbd-4e98-99dc-c6120a0b0096,1,9,True,False
e3a04d29-2bf4-4d28-901b-286916079b23,1,2,True,False
e3abe754-5dde-43c1-adac-07ff3985fc5b,1,4,True,False
e3b0a97f-2c1f-4144-9be4-75f7cfa17bac,1,10,True,False
e3b6265b-6384-4b55-a5b8-26d4fa5f5e38,1,10,True,False
e3c8c8c7-fab5-4f64-8107-51dd8b061a8e,1,6,True,False
e3cb2469-44c3-419e-b11b-e1365a6ebbcf,1,10,True,False
e3ce31b8-fbf3-485b-bf0b-c1e1479f43a3,1,4,True,False
e3d0235e-1a2e-4e6f-b590-c4980313a0da,1,5,True,False
e3d03fa7-9518-466c-8148-acaa3f5f2c83,1,1,True,False
e3d6b528-05f7-4b11-a9a3-e27665e36284,1,9,True,False
e3d6d01c-c029-4621-8e53-8a66dfea6c93,1,9,True,False
e3e39d23-4902-40ad-8e2e-351d7065ab95,1,10,True,False
e3e6f30f-1e9a-4a18-9578-035608ff7b0c,1,4,True,False
e3f42fce-cca1-4dff-be95-5cfc9d7afc2c,1,10,True,False
e3f6ebdb-3036-46ee-a538-68f6f03d089e,1,1,True,False
e3ffcfe3-12a1-48e9-9582-5a067b06e97b,1,3,True,False
e400221e-a750-4776-b181-e7f8cba99225,1,5,True,False
e40e72d1-6afa-42f8-9eea-c5554b5ea0aa,1,10,True,False
e4118bd1-bb7c-4653-955f-2d2c4dce65ab,1,2,True,False
e41e23fe-47ab-4475-811a-24c2da7d9dfc,1,8,True,False
e41f4fe7-a3f2-4258-a16b-a344b8bbf8d1,1,7,True,False
e423cacd-9bc5-466e-9e70-cf1c41c2a422,1,3,True,False
e433d6d4-4e0a-439e-87b0-14beed806c4a,1,11,True,False
e43eacbb-faf5-458e-8ace-ebb9e0165cdb,1,11,True,False
e445a24c-a672-4754-8144-b97e693067ce,1,5,True,False
e4479a4d-4020-45f9-86d6-ad8b86ffddad,1,8,True,False
e44b850e-ba12-47c4-822c-6264c9c2c585,1,5,True,False
e45ccfb0-a183-44ff-8218-aed245f4cb7b,1,8,True,False
e460fc67-2a8d-4109-b2bf-c9afae82f0fa,1,10,True,False
e46881cc-5ac8-4fde-8dc0-9c19211ac934,1,6,True,False
e46e9d25-1b27-4609-9281-9e7d72c570b7,1,9,True,False
e4775fcb-a5de-459a-a383-ec1e4740cced,1,6,True,False
e47ab092-154a-43a5-902f-bcca5c84d85d,1,1,True,False
e47ac57a-34e6-4505-8b36-44199dcfe8d2,1,7,True,False
e4860426-aa84-4cd3-97c7-216d939c2114,1,10,True,False
e48b5fc6-218b-4e74-a692-2387650f8fb1,1,9,True,False
e48eafd8-5dff-4620-9c64-be38fa5eab94,1,3,True,False
e4933f2a-a4c1-455b-ac8c-b9bfea13f233,1,9,True,False
e4982188-78bf-4c0f-a927-1725b9140177,1,11,True,False
e4d3c959-7853-48d2-99bd-9b0c77edf203,1,4,True,False
e4d79c33-5b54-4cae-9e7d-4754248316b6,1,9,True,False
e4dc1082-416a-429e-b63d-a0400839bfd4,1,8,True,False
e4e28074-5dc5-45e5-9c6a-d252528f489b,1,11,True,False
e4e391fe-8823-47c4-831b-64730e541469,1,6,True,False
e4f0ac40-4c27-4a3a-b103-766ab0e9937f,1,8,True,False
e4f9baba-e71e-4056-b195-40b6267378bf,1,2,True,False
e50f6a51-36d3-431f-aaa1-f9ab01240323,1,5,True,False
e5126e56-dc9f-4f6e-bde2-c89e5f02397f,1,7,True,False
e51a2a99-c280-4059-8140-554144231a61,1,6,True,False
e51d2d5c-1724-427c-a758-2b768de2a52f,1,6,True,False
e51def4f-ece4-4633-a079-abcbaea8627b,1,7,True,False
e51f01c3-37d9-4db9-bee4-af4c0fa4a407,1,3,True,False
e52040c4-edb3-461d-b9da-3ba059e4ba2a,1,6,True,False
e525cde7-bc97-4a93-badb-42bd7fe67e66,1,1,True,False
e52d57c1-a745-4033-aa5b-9bbe9b87c5d9,1,8,True,False
e534d08b-f479-4501-9b91-bc09f47fc4e1,1,10,True,False
e537bb5d-fa61-4184-a2f9-4373eedf381d,1,4,True,False
e54088a5-6cf0-4325-bc2d-25e1690dee16,1,7,True,False
e5457046-bef4-4eed-956d-66f9bb3234f0,1,2,True,False
e5506400-38c7-4e89-b2af-873cd7e0a2ac,1,8,True,False
e5509ecc-cf2c-4325-b011-0b01c045ff75,1,10,True,False
e55892f0-0267-43c0-8753-520486d546c9,1,6,True,False
e55899f8-0da5-41fc-abd4-3cb4c564f1e2,1,11,True,False
e5744db1-dee8-4a23-b66d-f6cc336a6e5e,1,5,True,False
e586a869-7d4c-471b-9907-56d229155eb6,1,2,True,False
e587a001-3b49-4781-9fa6-fb91bdeb2913,1,11,True,False
e59725b4-ad89-47ce-a070-838cfe72321d,1,11,True,False
e59b242c-4b9a-4b21-983d-4310d8a3e31d,1,7,True,False
e59bb78c-3513-482c-963f-50250b01de23,1,3,True,False
e59d652e-df67-49a4-aecb-945bce0a4d1a,1,9,True,False
e59d8eee-123b-4a22-91f0-06e2d25383e8,1,6,True,False
e59dcf07-29d6-415a-a6c9-14914fbb6787,1,1,True,False
e5bb5eae-8db6-4d5a-b1e9-9b84f2a77ef0,1,7,True,False
e5bea7be-5d52-48bc-9725-d6112b187d00,1,8,True,False
e5c12127-6c9f-4c1d-95a2-d283fd2d60f3,1,2,True,False
e5cb4b57-7c7e-4a4b-a6cb-9662c1f20bb5,1,5,True,False
e5cff37c-633b-4807-b140-eb7bf3daa58f,1,6,True,False
e5d028ff-8f4a-4d21-846d-4a0761a6b798,1,8,True,False
e5d71f7c-7924-47c2-9720-44f027ab3833,1,9,True,False
e5d7d9ed-ccb1-43ef-9935-310cef717de6,1,10,True,False
e5dbcdc9-aa12-40cc-bf93-eb026eb44f9a,1,11,True,False
e5e3bf4c-2235-4923-ac2b-7a720e53325d,1,10,True,False
e5ff6506-b138-4c07-9d87-7b063eefc73f,1,10,True,False
e61917e5-4b6f-451b-9e84-1e00122feb25,1,6,True,False
e624c245-9e16-49bc-92df-a4193d6c03bc,1,8,True,False
e637ff0d-4325-41d2-9d76-3b9500343d23,1,4,True,False
e63e47a4-91c1-469b-926c-6507ffa087c9,1,4,True,False
e6420e55-b985-4ec0-bdbd-9652722599d8,1,1,True,False
e6424982-77e0-421a-86a4-bbba11d20ecb,1,4,True,False
e6437ca9-a31b-4878-8503-617b304a3826,1,6,True,False
e645ddbb-956d-401c-9e99-f3113694bdec,1,6,True,False
e6508693-9d50-4eb5-a59d-de47d4e3dba6,1,8,True,False
e653c48f-1de6-4176-a51c-7fb5969ddeaf,1,1,True,False
e658dd9a-3c74-4a11-b2f5-0a01ea947759,1,6,True,False
e65cfe33-e129-4c83-bbca-8ddaa8aca7f4,1,1,True,False
e65ea0f7-9116-4529-8f4f-f8949558acb7,1,5,True,False
e683864b-cf53-4935-aced-fb6b81108918,1,8,True,False
e689d738-e9dd-4300-977f-db310976d21c,1,9,True,False
e6958702-7a53-4dd9-9f9f-447251e3c3ba,1,6,True,False
e6b7ac88-ca7b-4ad4-a27b-f7b9af8c1202,1,1,True,False
e6bba021-bf0a-4ce9-8924-fec374e384ea,1,7,True,False
e6bbc44f-968a-4e6a-bcfb-70216750b0e6,1,11,True,False
e6d4caf3-b47f-46cc-87c8-18f756fffe5e,1,1,True,False
e6d5e3bd-4ee9-4300-8b4a-3aebc3b5b426,1,6,True,False
e6de74f1-1334-41b8-8912-c0136f02645f,1,3,True,False
e6e02fad-d6f4-4246-ae7b-e647b6763adf,1,11,True,False
e6e0aaad-d144-4ec7-a937-d9cc022f2309,1,7,True,False
e6eb07b8-abbc-48f8-9bfa-816e47d3f555,1,1,True,False
e6f63f59-614e-400a-8944-8312dd1ad66e,1,2,True,False
e70124d6-158f-4194-a82f-ed7b4471de8a,1,9,True,False
e70df191-fa03-4fb3-b3ad-82ca57585a85,1,1,True,False
e714cf47-a472-4fbf-8a26-37845637e49c,1,5,True,False
e721e69d-62ac-49ec-8d46-b572b6759b83,1,9,True,False
e725ce52-fb58-4143-833d-8b9e035c125c,1,7,True,False
e728725b-d6d7-471e-84f6-30eb0ee6cc84,1,6,True,False
e7388b50-ddb9-4b33-9505-048e7aa0cb9a,1,3,True,False
e739090c-6d9d-4c71-8a54-6c234fe90ae6,1,3,True,False
e739c67e-b759-4c4e-b039-59bd6c0f6370,1,10,True,False
e73e1ff3-ad9f-40bd-8fd1-8cbb81aafce4,1,4,True,False
e74436e1-2546-41ea-902e-58de8a47c0f8,1,9,True,False
e7491340-1803-4ddc-a11a-d4f3ebc43ba2,1,6,True,False
e754d0ee-4593-4f8d-b6df-5c413909d47b,1,9,True,False
e759bb44-2980-4708-97e8-b884498c06c4,1,7,True,False
e75b5c74-20f8-4453-a7c5-fe71679cd7b0,1,11,True,False
e75c434c-af2c-4df1-99d3-f05e747e405f,1,1,True,False
e767215b-a8c6-46f1-b912-c00c3c2ef767,1,2,True,False
e76731ee-78fe-4324-af4a-415ebf507b4d,1,3,True,False
e76e5315-5bcc-413b-a5b0-80eb27fab48c,1,5,True,False
e773860a-0d7a-4e59-a4d3-f511b89da83a,1,9,True,False
e773b4e4-78d7-4bb4-83ff-795422d64394,1,6,True,False
e7764f06-dedf-4c20-8fb2-2c2fec10fe4a,1,9,True,False
e77751d3-ff49-4675-9b62-89918d81892c,1,11,True,False
e778ea1e-e15b-4e6b-98dd-f467edcb4ed9,1,3,True,False
e77bbe36-21f8-448d-87cf-fa0152643479,1,10,True,False
e77eeb14-4631-4cf8-ab34-a82d9b524f65,1,5,True,False
e7a02141-f3ba-426f-97d4-6cd45d1ded79,1,5,True,False
e7a129a0-043b-4c24-b26e-a920608ee5f2,1,9,True,False
e7aae464-3807-4a61-8c34-ff9646fd5241,1,3,True,False
e7b54435-3810-4c70-820e-a3b60a931d65,1,5,True,False
e7bf793e-5ecc-46d5-a2b7-f48825c78427,1,10,True,False
e7c7d928-68e1-4ca2-81cd-9861572559ef,1,8,True,False
e7c9b4a1-4b73-4744-8f20-39440e57b05c,1,10,True,False
e7cd11e5-d519-4abf-85d5-443de0329d6d,1,7,True,False
e7ce7ad1-b30e-40f0-ae40-2ca7f4e29c2b,1,5,True,False
e7ce8b54-49e9-48b1-b7bb-e6e373c76511,1,5,True,False
e7dcc161-31a7-4a96-8a2a-7f39fa60b7f2,1,9,True,False
e7e0333e-84ea-4f14-bec4-dc5fa8695a4f,1,2,True,False
e7e32008-a9e0-496e-b414-1f0a70ed1359,1,7,True,False
e7ed1f57-34d6-4ac4-b9d1-16367c4f5ec3,1,1,True,False
e7fb3e21-4f8f-4c31-b0d7-abb5e1881465,1,11,True,False
e7fbc69b-e2e9-4acb-833a-4be4853ddb61,1,4,True,False
e7ffac5e-7d4f-4c89-99f5-04d749b7c81a,1,7,True,False
e816b0ea-35c1-4fd1-b41e-af7c770caf14,1,11,True,False
e8180ec3-d252-4a7c-8894-a4782110b1dc,1,8,True,False
e825612e-c3bb-4266-86b9-8d6944508281,1,2,True,False
e8257808-f36b-454a-a105-bca28259faf3,1,2,True,False
e8317c87-ee89-4900-bdaf-d3997d296ef6,1,11,True,False
e8374692-b965-48c9-804c-25a5177c80ca,1,8,True,False
e8378d88-9e9e-4a98-8f96-b312ca85d797,1,7,True,False
e83c49f4-dcb6-4bd7-9a8a-cddd2b00a50f,1,2,True,False
e848dcab-0c33-4d5c-b6dc-36dcb78b2658,1,10,True,False
e84a6ef7-9cad-44b7-b2d9-764e5c283c50,1,7,True,False
e84aca68-234d-4bf4-b412-3e86fbba27c6,1,2,True,False
e84d5a29-5034-41cf-bd1a-1325c551aa6b,1,1,True,False
e856c5b1-0c17-43de-b655-68b2136e0e0d,1,9,True,False
e8598002-4647-4357-ae56-aac2abf7a419,1,1,True,False
e862057e-6f84-46e0-917d-f70b2d13dcf4,1,1,True,False
e8675dd3-daa7-4a60-b3ad-26c9a2f60329,1,1,True,False
e87019d5-2373-4052-8d5b-132f3dcfb6cb,1,11,True,False
e87200a4-53fa-4176-af74-f0b6576a4ea6,1,7,True,False
e8727a3b-7807-4ade-b583-2757bb00780a,1,10,True,False
e8744487-3e08-4741-b1e7-57066524da5b,1,1,True,False
e8795d04-42cb-4c81-a177-0881e1d517ce,1,9,True,False
e87d749d-d9d2-4146-98a3-4986745ae7e9,1,7,True,False
e88d2424-c907-4803-b13d-6841c3bae408,1,8,True,False
e8924d5a-b502-4390-9a55-38a42515d9c1,1,9,True,False
e894cf27-eeb0-48c0-82b3-9a9e5a57b073,1,2,True,False
e89a20f4-2601-43b4-a97c-ebce1e8127c7,1,5,True,False
e89bb1b8-a638-4074-aadc-3ecdc9553b61,1,1,True,False
e89ebfc2-8267-493c-af54-3353f0252f8e,1,7,True,False
e8a49714-1b6e-4e3e-bd88-3357724a5150,1,1,True,False
e8aea9c4-25dc-4d9c-aa5a-4e46990984b3,1,1,True,False
e8b3f0c4-2274-4820-b0b1-4612f1171757,1,5,True,False
e8b70d57-c45a-42d2-9dfe-a8a4eb960dd1,1,7,True,False
e8c09423-4bb0-4116-b611-1a7192ae0ff7,1,1,True,False
e8ce4e28-f5ec-41f7-a66b-4d1423f69323,1,5,True,False
e8d27684-f3b2-4221-bf9d-3de0476db96a,1,9,True,False
e8e18616-d19b-4879-870b-1f135c0226d2,1,7,True,False
e8f1d928-564d-4b72-a5b0-ad945336d620,1,3,True,False
e8f972ee-da70-4fac-b273-99384c7b52f4,1,9,True,False
e904bf20-35a3-4b7f-87ce-1c95aa287a73,1,11,True,False
e910e86d-f819-4eff-a6e2-d44b94dabc89,1,10,True,False
e91978af-e0e4-49b4-b2a1-a0c227084c5c,1,4,True,False
e91c60f4-d817-4922-b62d-b995de8f8e18,1,3,True,False
e9250360-9b1c-4c02-b00e-dbc7f3b670e6,1,11,True,False
e9285ebc-c35d-4f9a-b41e-b1d0aafdb074,1,3,True,False
e92bbeb2-d666-4156-b5c1-87b60e8b40dd,1,6,True,False
e92eaff4-6c62-4ac8-aae7-9cdd1a58955a,1,8,True,False
e94c83f0-f46e-48d8-a69b-3575f2817e7a,1,11,True,False
e9559f3d-08e8-41c0-a1a3-1330cc824e30,1,2,True,False
e9566fd7-1463-43c5-ae37-8ce2157be16d,1,9,True,False
e961ce86-e01e-48f3-96ca-ea1157f0b2d7,1,11,True,False
e963b6a8-6c52-4b0a-ac3c-a6d57adb50bb,1,2,True,False
e969e9b8-ff23-46a0-8adc-855ef0b6e6a6,1,5,True,False
e96a1eeb-bfd3-42c0-8577-6fb03f333d7a,1,11,True,False
e96b2e89-fcfe-4be3-abf7-5f8169485d34,1,4,True,False
e96cfc4f-0dcb-4cd8-b86e-5d7a30d276c8,1,9,True,False
e9739a0d-43fb-4de5-8b4b-a9688a7130f2,1,4,True,False
e9832878-2489-4c37-9dc5-6acab743d73f,1,6,True,False
e9865afd-9f26-4cda-9042-4b0a876a8c9f,1,1,True,False
e9944bbd-a966-4464-9d6f-4193e8f00429,1,7,True,False
e9a042aa-b422-4538-b89c-85860edcd2f5,1,7,True,False
e9b05364-cf1f-4a58-8f91-e1c1beb3e694,1,10,True,False
e9b6d605-e400-4b50-9389-bea6c2cff9c1,1,11,True,False
e9bd3724-bbdc-4915-8492-04610d02d702,1,4,True,False
e9bd52a7-c48c-4ebb-974a-193783278cd0,1,9,True,False
e9c8f889-029c-4176-b1c4-e7d487f8248c,1,9,True,False
e9d5882c-3911-41e8-893d-ab1e09521e2c,1,4,True,False
e9e60deb-2fdc-43c5-abd9-d6c0565443a8,1,1,True,False
e9e9164c-cab7-4352-ac33-4f4ae425c3c0,1,11,True,False
e9f3bc09-999d-41aa-b0dd-a9324c60a50c,1,10,True,False
e9fe57d7-c516-4024-bc38-10a5428a6b29,1,7,True,False
e9ff42fb-3baf-420f-a105-42f1a701b0ab,1,8,True,False
ea1a7a2d-9c54-4028-88ee-62db8b738d84,1,6,True,False
ea28bff0-cb09-46ad-815b-bc7a3c2e4dd4,1,9,True,False
ea34563c-8078-4f21-b20e-5bcf4a2c8f6d,1,5,True,False
ea35cc8c-ad0e-47fb-bf96-45952adaf396,1,10,True,False
ea3b53ae-f286-4c2e-9f11-4170315f9abc,1,1,True,False
ea43bb7b-3eb0-4f0d-9876-29eb9aa4d92d,1,4,True,False
ea5169bf-7b23-49ea-975c-5d34d61b2c60,1,9,True,False
ea621702-972a-4145-a5da-cf2be3a22e76,1,7,True,False
ea67fb14-34d2-4fe5-8bca-ac86d8509b7e,1,8,True,False
ea7f96be-3653-44b1-beae-630318831ad0,1,1,True,False
ea82d16f-1652-46b3-85ac-269cbac3877f,1,2,True,False
ea858ee3-b65f-4732-a58d-7297e8a529b7,1,5,True,False
ea85fde2-d891-4bca-89c0-9da8167aaf8e,1,1,True,False
ea8c6983-b6c4-4895-9ca4-dea10f03ae92,1,8,True,False
ea8e8b68-e157-487c-94b1-1ab539a2b324,1,3,True,False
ea960cf3-302e-4621-a5e7-bf70b15f6eef,1,1,True,False
ea996b2c-9047-43f6-a45d-7e193a595b62,1,10,True,False
eaa51502-a613-44bd-9e31-a11933f47c9a,1,3,True,False
eaa6d73e-5034-4541-80ed-758f3a97a61d,1,4,True,False
eaacb684-c163-4200-a8e8-dbc9e1ca21bc,1,11,True,False
eaadc36e-fb2d-4443-bfc2-50618efd05e8,1,4,True,False
eaae1302-0c89-4f32-98b6-73aac0ede7aa,1,8,True,False
eab8dbc5-c303-4f49-96b8-28023b5b7384,1,4,True,False
eaba49e7-529d-46a1-9d8a-7289b72d3b55,1,2,True,False
eac64516-06d3-48fd-bbca-87c3270ba7f3,1,6,True,False
ead3690a-92ea-46f0-8bcd-c2075c63ade1,1,8,True,False
ead98d15-41b2-44fd-baae-695d212e2e7c,1,6,True,False
eae05e04-06b3-40b4-a7e8-65922b7e3b75,1,5,True,False
eae317e1-627d-4bc5-a794-53c965cf8e08,1,2,True,False
eaf657f7-5708-42fb-bec5-5503c1414ce5,1,1,True,False
eb07c628-98d9-4f9b-8db8-6d2fdd9d0948,1,10,True,False
eb097bd5-35e1-42c5-b963-62ffaf9671b0,1,4,True,False
eb0e501d-bbe7-463f-847d-951840f04db3,1,9,True,False
eb325ff9-cf52-4173-b541-b858b12c0c36,1,6,True,False
eb361622-3dcd-482f-9997-7336b8494331,1,6,True,False
eb4437a2-cc2f-42b0-9ed0-c876984cc818,1,5,True,False
eb44aa94-e9ce-4507-832e-7d9da62f984b,1,3,True,False
eb4f5c37-b50c-440c-b89b-db16f482d626,1,6,True,False
eb669dee-3184-4882-830d-4a900356b651,1,9,True,False
eb6c6627-1e18-43ac-bed4-8d2d7ae84931,1,2,True,False
eb6cf448-5152-4b3c-bc9b-6014d0151c4a,1,8,True,False
eb71105d-7533-420b-ac5e-0da7cd14136f,1,4,True,False
eb743872-5108-49ef-a0a4-2690918c68a3,1,8,True,False
eb835bc3-bf09-498e-98ad-2dda7735de0c,1,9,True,False
eb887fa0-909e-4e69-bd0f-f2c93577805c,1,6,True,False
eb8d8c99-e622-425a-af49-7d340b215649,1,5,True,False
eb931bb9-1421-4573-8775-5cfe03f28481,1,7,True,False
eb9516fb-e542-4f7b-b5fc-a8502ee07708,1,6,True,False
eb9a58df-a735-4b83-bc48-9d18a59745cf,1,3,True,False
eba2331f-980f-4708-af5a-c1c68398ab2f,1,7,True,False
eba2fadb-750c-417b-ab41-0004a3b64edf,1,7,True,False
eba69600-1075-4396-b650-7a65dc27cd94,1,8,True,False
ebb00707-2e1a-409f-b440-560a9f9e3d6a,1,11,True,False
ebb35800-60b0-43a4-9ec0-70a5006e7726,1,1,True,False
ebc49c4f-2992-45b3-95bf-ac232b8e4af8,1,4,True,False
ebcffd97-8f26-44a8-b79b-fc473c3857c8,1,8,True,False
ebecc3d1-ba75-430c-8208-de85a93742a2,1,8,True,False
ebed8fac-7333-4a00-9656-fc70c9ec1ab5,1,1,True,False
ec06a3c4-a8ed-4beb-af40-52c4a075857e,1,4,True,False
ec089592-10ae-44f7-8fce-7979b4b8ce43,1,6,True,False
ec08d52b-6703-482d-9aa8-b226c95eb193,1,2,True,False
ec0ea855-ace9-4a49-8d19-78e90e367643,1,8,True,False
ec1cf179-e439-4a74-8b7b-4fcd45fba47a,1,7,True,False
ec2984d9-b9a0-4d7c-bbde-8e9e54db0cea,1,3,True,False
ec2f0580-ff98-446a-be6b-d49b92f6221b,1,3,True,False
ec382d7b-e62e-4223-8c51-db5629e91d78,1,8,True,False
ec39025a-b412-4be9-89c1-2647d7a4f5c9,1,3,True,False
ec3ae955-c396-4095-8030-9c3876cf39b2,1,2,True,False
ec3c1c49-97b3-40e8-8f2f-614eac2adec2,1,5,True,False
ec438819-30c1-4da1-a98c-86a1c234d5d2,1,8,True,False
ec5e9ad8-1a7d-4fa4-b382-f44ef504a90c,1,8,True,False
ec615d72-7781-4edb-952c-91d8b526ba33,1,3,True,False
ec662936-af65-4241-a169-e65903e83867,1,2,True,False
ec7ab341-fddc-48eb-892d-c47b43278e40,1,5,True,False
ec7cc616-3de5-4442-9253-a9ef595430af,1,4,True,False
ec85d9da-a815-4d92-80b2-9f4387061319,1,8,True,False
ec9469cd-58c1-4637-a55b-caf884bd55f9,1,11,True,False
ec9c8dec-cc46-4ec3-b00d-b03e62c46044,1,8,True,False
ec9d1460-c23d-4a5b-a1db-f9c8b1b7ffdd,1,8,True,False
ec9f1af0-bf6b-4daa-a320-88cb4c23ad3f,1,2,True,False
eca5b781-0908-465a-b4bb-fd1963c3a825,1,3,True,False
ecabcdec-cebe-4e80-9a92-fdf1f1c2b2fd,1,4,True,False
ecc38a54-0a9f-4aa5-a75b-3240ee750cb6,1,1,True,False
ecc3e057-f338-45c2-bb3f-a783ef8adc68,1,4,True,False
eccb3caa-e907-48d1-b51e-e1c2384ebff3,1,2,True,False
eccbc7b0-bcc8-44fa-b623-abeeaadc755a,1,11,True,False
ecdd5dc9-c32f-4342-98b4-df9e939a5a75,1,11,True,False
ecde5c4f-3a8a-4c02-bc5e-85cedc4af3b5,1,1,True,False
ece78681-50a9-4eaf-8ba2-e71404a5b412,1,4,True,False
ecea10dd-b10c-4118-a020-5d8a2bd0d22f,1,2,True,False
eceeb5fa-b18f-4a2a-a570-0465c6afa588,1,2,True,False
ecf12c5c-0004-4730-87fa-60cbdae11766,1,6,True,False
ecf67aa4-8f02-48ee-90c6-83808d1c5631,1,3,True,False
ecfa7bf4-94ab-4911-9bb2-5b93d63921d0,1,7,True,False
ecfac23a-37c5-4838-b34d-4cb11e6cc3bb,1,5,True,False
ed08bd0f-265e-47c7-b85a-d9cea4c9e4a6,1,8,True,False
ed0b7ea0-337c-466e-8fce-9e06b3137a96,1,11,True,False
ed185777-05b1-404e-989d-b4bfe4fb5c54,1,10,True,False
ed1e41ba-5784-405a-b237-4591331727de,1,4,True,False
ed239561-21aa-41b7-971e-cf97563e983e,1,9,True,False
ed2781ec-d19a-46f2-85ee-07ae705448de,1,5,True,False
ed28f1e0-92ea-418d-b2f2-db11a963fdf5,1,9,True,False
ed2ecffc-61e6-4cd1-bbbe-cef490a2a9ee,1,7,True,False
ed2ee054-fb6f-4892-b436-196a0e277b3c,1,9,True,False
ed305334-932e-4e17-a3ce-150efee302cb,1,2,True,False
ed355933-bef0-4fa6-bbe7-ba9bdcfd8155,1,1,True,False
ed37f388-1dc3-47ee-a34d-69fdb1235446,1,2,True,False
ed3aa8c9-de75-40b9-9c56-2b87d89fcc5b,1,6,True,False
ed3d1f2b-9907-41c5-b2a9-5b708d630f25,1,5,True,False
ed3e1ea7-1813-4918-ab5b-8a0575c59d9f,1,8,True,False
ed4181ee-29e5-4382-9dcd-07c5853b2d4a,1,8,True,False
ed4595da-b266-4c34-a644-1652385cc489,1,10,True,False
ed54e85d-8896-4e89-97c2-4bfce77bf55d,1,10,True,False
ed5e8f7a-3bee-46d7-84a5-d7748d015dca,1,8,True,False
ed660c66-e65f-42a0-96ea-e0b6a12aca19,1,2,True,False
ed6d5e75-2f12-408f-8393-387acaf648f1,1,7,True,False
ed738b0a-536e-4de8-b8eb-9d7585fe0371,1,7,True,False
ed814e45-0037-4cbb-968f-395dcbabcfd3,1,7,True,False
ed87115c-2760-434b-a9a8-1c645cc65569,1,7,True,False
ed8d390c-abd5-4194-9758-71852cf48f63,1,7,True,False
ed9bbcfe-b0ca-40f6-8fac-0167da438e0b,1,1,True,False
edb12c5a-09ba-46cb-990f-75f2a58fcb07,1,9,True,False
edb29fb5-2431-42f4-a40a-3c94367f0bb2,1,4,True,False
edb41a5f-a294-4500-92ae-f20144ca4b31,1,9,True,False
edce2762-c9bd-4b9d-97bc-e0c8b3af6e68,1,6,True,False
edcf6bc6-7781-4464-813e-06694dee5d47,1,1,True,False
edd15374-cd69-4afb-b506-e036f39635de,1,6,True,False
ede3b820-83fe-429f-a5e0-1279098475f5,1,10,True,False
edeb7297-6ac8-422e-a227-99d2a185b7fb,1,3,True,False
edee4556-c63c-4227-b971-8fefaceca935,1,11,True,False
edf432db-bdd8-4531-9982-fa698d9ff3b2,1,9,True,False
ee17c158-ebb9-4ccc-843a-c2e2340efa98,1,7,True,False
ee37c102-a249-4d03-b936-fc890cd90bb2,1,9,True,False
ee467d2f-13b9-40f4-86d8-543d7aaad653,1,1,True,False
ee47c609-9ee7-4266-a2ce-c31db194812c,1,9,True,False
ee4a2a0d-f54e-439f-8cef-ea0a530eb750,1,10,True,False
ee53a3c5-b1aa-4701-a73e-dfbd12fefdf9,1,6,True,False
ee588d0f-7f23-4ad3-9f4a-d9e35e05accd,1,8,True,False
ee62d063-cdbf-4a45-95eb-0c57c1182bdd,1,7,True,False
ee66a4cf-c7a4-4b12-b026-16b20eebc9b0,1,5,True,False
ee718282-d242-49eb-9985-8171a91a782b,1,8,True,False
ee791768-eef9-44af-a4bf-463705fb360e,1,1,True,False
ee7a85eb-ee79-4503-8cb3-c00d5b06d447,1,5,True,False
ee7ec540-c393-4034-a7e7-fb0edd20f5b6,1,11,True,False
ee9c88cd-bf2c-4152-be3b-e43a42783cfe,1,2,True,False
ee9e1488-cea8-4fbd-aaff-09b3effc39c3,1,11,True,False
eea13468-1860-4e12-961e-8717cc41209c,1,11,True,False
eeac0963-cc0e-463f-8697-7a1dcd6027df,1,5,True,False
eeb83842-2d97-46f9-bfb1-12798ee2d64f,1,5,True,False
eebd4bfa-a70d-433d-9051-bc564e178953,1,7,True,False
eebeb217-45bf-44da-ba9d-1b4750532369,1,3,True,False
eec4eea9-97ec-4065-8f8d-535ba428e5b0,1,4,True,False
eed1d1bb-9f02-46bf-aff0-57665bc3e23c,1,2,True,False
eee1e4d0-0778-4b04-928a-b949aaa4a5b8,1,4,True,False
eeed6b69-b9a1-4508-8974-8e5d95d7a6d5,1,9,True,False
eef0d0de-8d7a-4122-a3c0-64f47793fd09,1,4,True,False
ef071fcf-7f57-4006-a176-54050b8bd4e0,1,6,True,False
ef18d64b-3073-4103-809e-0569f1c649b2,1,3,True,False
ef1a4adf-434d-4efc-99dc-0b9b3f85710a,1,6,True,False
ef2f0e59-6e31-43f7-ac5c-eaf3d44bda17,1,1,True,False
ef343ded-5068-4fd6-a92a-1b861ec5ea38,1,4,True,False
ef39b554-1f93-4c18-80df-b56805179620,1,7,True,False
ef39d4dc-a387-4229-a4dc-6c86616a2c2a,1,11,True,False
ef44b1cf-eda1-49b1-b0b6-73a815709e38,1,8,True,False
ef495003-04be-4b8f-9d65-74199f727ef1,1,3,True,False
ef4aa3bc-98e2-4bf6-8afb-c7a2d4a6c3a5,1,3,True,False
ef5f2c0e-e8dc-418c-8410-248e5194db90,1,6,True,False
ef5fae25-76b0-40b6-a50b-3c7e8d6bbd0a,1,2,True,False
ef60f9c4-18a1-4ede-a2d0-b8fd1a9e0b1e,1,5,True,False
ef6dbedd-7e61-4287-a7df-ee548ab4ad73,1,3,True,False
ef7569cf-06af-49ed-8757-e36afab46ac7,1,9,True,False
ef75dc0d-2985-4428-a996-bb014cab6fa0,1,7,True,False
ef76861a-15be-4baf-8055-37eda5060c53,1,4,True,False
ef7d8665-1d41-41d0-b7c3-b3a2a1bee0d6,1,5,True,False
ef7f9151-1dbc-478f-bb9f-3f15beb2b3ee,1,2,True,False
ef95850d-23bf-47d7-8d56-1ca413467250,1,1,True,False
ef964461-a307-46a0-be76-2a87b6e754a6,1,8,True,False
ef973bec-09e2-4aa0-950d-2b452c067df2,1,7,True,False
efa53f46-0f88-4ad6-915d-59a94af77c8a,1,5,True,False
efa8ad0d-84a8-4dc3-9596-6c6017bb5f80,1,1,True,False
efaccccf-2fb1-4197-94fb-80f7130b93bd,1,4,True,False
efb7f9ca-175f-4d55-9d52-aef63d4bba9f,1,8,True,False
efbb3ec1-f642-4a43-947f-f817f8cf758f,1,4,True,False
efbe9815-542c-4ea0-a0e7-7f9049b58e93,1,8,True,False
efc8a7a0-d8c7-4d3f-9011-5935a783b3a1,1,9,True,False
efca8852-7125-4fed-a1c8-403b6838f223,1,11,True,False
efd191e1-9b9a-441c-8290-aff93f698f8c,1,5,True,False
efd3e110-6656-448d-8d43-ad3d2e514483,1,7,True,False
efd4bb75-f865-4fb1-a4bb-f5b32cfc8d54,1,3,True,False
efea1dd6-67b4-4ffb-a69a-f540c6801b9c,1,6,True,False
eff310ae-e4f2-4842-9466-cb87d3f5047b,1,8,True,False
f00599db-e069-4f93-bfe5-79814066af10,1,6,True,False
f010d34d-4116-4f56-b0f1-7b467431b1cd,1,10,True,False
f023ec84-4b14-4b21-a98c-dd5027cde096,1,10,True,False
f02e5b96-820d-4b68-8fd5-eb6fd367e024,1,3,True,False
f036669c-180b-4fd1-9257-2be5cb94f470,1,10,True,False
f0437b9e-6962-4713-b452-5ef362184189,1,7,True,False
f044d4dc-a70e-45e3-8865-a47134b753c9,1,6,True,False
f04e722b-a60c-4c45-938d-dadcfaedb66b,1,10,True,False
f0519bc6-6a12-4734-a6b8-7b274923fd64,1,11,True,False
f05464ad-5949-41ad-b937-2d306c3f89e9,1,4,True,False
f06e7963-151e-4ccf-8d96-2a6e44427286,1,3,True,False
f07930af-a526-4f5a-83f8-4917a5b14fb5,1,7,True,False
f08b9532-f3dd-4f23-a691-7861a480dd94,1,10,True,False
f0a26c03-610a-4692-ad94-9eb873e04e3d,1,3,True,False
f0a7c8c4-cf9e-447b-ac76-5c363257591a,1,4,True,False
f0a7f10a-133a-4f50-b09c-c58348c55908,1,7,True,False
f0b0634c-ef6f-42e9-8544-1683fdd5fe97,1,10,True,False
f0b3a654-fbe1-4a34-81d9-52eaa5632ceb,1,6,True,False
f0b8ea94-caea-4c76-92c7-108c60991786,1,6,True,False
f0bab4cc-7265-4e69-866b-7523b4b028da,1,9,True,False
f0bc3f38-716e-461d-9e60-084d504d6a74,1,5,True,False
f0cd2c63-dacc-4628-a87a-758c0b477311,1,4,True,False
f0d5e44d-0f9b-43c7-ae4e-910664741013,1,7,True,False
f0d8d53f-c3a7-4a5c-b81d-eff6567cb464,1,7,True,False
f0e40850-d794-4a20-9936-88b1e9bec469,1,10,True,False
f0e5231b-073e-474f-a9fa-3247ee4d49df,1,3,True,False
f0e90137-2647-4246-a431-e5f848ba9e2f,1,11,True,False
f0f1f7d8-f898-44ab-b35f-21968dd03320,1,8,True,False
f0f8411c-d7eb-4af3-8e15-3bd661044614,1,11,True,False
f0f973a9-1494-4d6d-b91c-0d8a4d1fda2c,1,1,True,False
f0fb3ccc-684b-4965-be26-1f2d3c6dba88,1,4,True,False
f0fd6b2a-9028-46d5-ac9b-afb34ec15287,1,1,True,False
f1070025-6221-4d1d-bf6c-f0a279c3bea0,1,2,True,False
f10fba8b-17ac-4d4b-b85e-36b29348370c,1,7,True,False
f1123588-4571-4c4d-8032-a2f9b7f3e7ef,1,3,True,False
f118f502-9232-4e64-a64f-a64730aec88f,1,5,True,False
f11e9779-9262-4f1f-b95f-4f77fefe4d89,1,1,True,False
f12a04e8-4b73-4a41-94b8-ad307e4d0b62,1,2,True,False
f13159d9-0e30-4638-a1ea-c38b0fe6021f,1,10,True,False
f131c498-bd07-478d-a9b2-600a6ed45af5,1,8,True,False
f1358389-b91d-46fc-9106-747451370111,1,7,True,False
f13dc858-db4f-4669-9e9d-1aa6bd6f0bfa,1,10,True,False
f141de55-8b77-44d2-873e-f8ea8fff8a48,1,4,True,False
f14851f8-d51f-4087-b504-4cea5ea227f1,1,7,True,False
f159c371-3aa8-4a52-9056-f7e1a49dc4ee,1,5,True,False
f162d6b6-e104-42c0-a981-6a05fa72c7d7,1,1,True,False
f16da087-775c-4342-80e5-7762d6fa2b76,1,8,True,False
f17885a4-068f-42e5-8372-29bfd67833a8,1,4,True,False
f18307ee-3a32-428b-b2e1-55c34c2b134f,1,1,True,False
f18fe9c0-af76-45ec-ba72-5b6f706bf4e3,1,3,True,False
f18fee86-5a93-45e7-8596-7df7830945b9,1,1,True,False
f1a72163-432c-4426-8c0b-77c9bbb98d3b,1,7,True,False
f1a926b2-e94d-4b1b-8811-6ba88f75415c,1,4,True,False
f1bd11ab-3723-47b8-bbf1-8b43e8c69913,1,1,True,False
f1bf925d-7484-4a4d-9898-707081fa7ebd,1,9,True,False
f1cbeb0e-94a7-4aae-bf9b-eb4bfc1d4acb,1,7,True,False
f1de9daf-0248-4d64-97ce-e233ceb928af,1,8,True,False
f1eca2eb-2be9-4472-a535-454e1e95ee31,1,8,True,False
f1f49eab-1cbb-4686-9309-eb251c721e1f,1,1,True,False
f207b2fc-95c2-4a9e-914a-cdc41bdd289c,1,8,True,False
f20a4b1d-cbba-487f-946c-130b186ade87,1,9,True,False
f20be285-dc64-44bb-b480-2853d34d3b20,1,9,True,False
f2108b68-2db2-411b-bfc2-6e6ae0aeec73,1,8,True,False
f2163e78-8b86-4af9-a822-b028262dc7c5,1,2,True,False
f2167b83-afe1-4b18-b076-964e7a8ba247,1,2,True,False
f23236d8-265b-4296-a98b-863826355284,1,6,True,False
f261b3ab-a5b4-4be8-b1e9-10bdd4d490f0,1,3,True,False
f2721bf4-47c9-492b-9564-ad419c9ce8c2,1,10,True,False
f275d997-5d17-4e4b-ae08-c8834fb3891f,1,2,True,False
f277b97f-cdf4-4472-9d5a-45f86c7e1c4a,1,5,True,False
f27c3df9-c965-48ea-b7d9-b3d5fba935b2,1,1,True,False
f28607c3-3463-4aa0-98db-a308000f057a,1,5,True,False
f28f8a23-2f80-43b7-bb0e-5c5fa6ec127e,1,11,True,False
f2908eb3-6efe-44a5-810b-edd274a38fb6,1,10,True,False
f2940b9b-10df-4c05-8eb1-1893395ded59,1,6,True,False
f29b47a3-7355-4e41-b68a-3457fa4ffdca,1,2,True,False
f2ad6787-7920-4184-ab42-d840803e6f0d,1,11,True,False
f2b0822b-5694-4ebf-8b47-c9e3ea4c5145,1,10,True,False
f2b29a78-a8c7-4243-b109-d9b63550626e,1,9,True,False
f2b39948-0d5b-4e1e-bce7-94af2895f171,1,7,True,False
f2b3c330-7398-4d65-ac0f-6b43582ebcf4,1,5,True,False
f2b6d379-e10c-44ce-a6a9-1eb4b0d2fa97,1,9,True,False
f2c4108d-9f99-44d6-b4a4-55d3357eb22b,1,10,True,False
f2cb6a20-40c8-495a-9681-bb2ff2cde199,1,11,True,False
f2d60d5a-13f5-4280-8360-25d2cd7e2271,1,2,True,False
f2d84520-9dbe-4545-a0df-2ef08b92f19d,1,8,True,False
f2da9aa8-d64b-42b4-92ad-a287a57f21d7,1,5,True,False
f2dc2bd4-37be-45f7-926b-ff5169c090c7,1,8,True,False
f2e19780-5eb3-457d-a358-ccf879297f59,1,5,True,False
f2e4aea2-6a9a-4457-8d94-b2bff1e3189f,1,8,True,False
f2fc0b11-bbfa-4c57-816e-6a814fdde3a8,1,7,True,False
f2fdd823-9bf5-4417-91a2-18e166756b9b,1,4,True,False
f300a8c9-e40c-4dde-9581-151c5fadbaa5,1,7,True,False
f3135d76-34aa-4704-a805-aa0c440cebca,1,6,True,False
f313facb-da19-4698-a571-8e8254beb32c,1,5,True,False
f3153801-ae62-48b1-bf82-1105d01e09fc,1,7,True,False
f3162a34-2180-45d0-a5f9-488e814eca09,1,3,True,False
f3197aba-c892-4798-86c5-1a01db3fb74e,1,5,True,False
f3234e26-5075-4a71-8694-61968a969081,1,2,True,False
f325eeaa-8aac-484a-b6fe-637eb5e7eb5e,1,5,True,False
f32804d7-0f54-4f77-a7de-4f01ee213002,1,11,True,False
f32d54ee-a81a-4971-969f-45edd3a62c5f,1,9,True,False
f332e767-fe97-40e3-a9e0-ecce645f3ec2,1,2,True,False
f33385ca-a1ff-4a48-90dd-9e282f1753fc,1,1,True,False
f344ac7b-72e1-4cb6-9576-f9a047128fdc,1,4,True,False
f3470b5a-3aac-49f8-8090-7ffbc4eaa2f5,1,8,True,False
f34c6250-f343-428f-a7ac-14931d401aa0,1,8,True,False
f34dd9f6-4930-4fae-af5c-467624fbd38d,1,3,True,False
f3507fd1-934b-4367-9a7e-0d917cd6d100,1,1,True,False
f3509ce0-7c70-4459-96c1-1018b85b60d4,1,2,True,False
f35ce9c6-36b2-4e9f-b43c-37ca0d5390a8,1,8,True,False
f35eac73-1753-4d42-a29b-4f20b2c5216d,1,8,True,False
f364641d-d78b-4077-9da5-e3d2c693351e,1,4,True,False
f36e0d46-cb0a-414a-964d-a95c81841c6e,1,2,True,False
f3731616-d3ef-4739-aa11-38f55144aa56,1,1,True,False
f3760b4b-853e-4156-a058-c61ecc940b6a,1,1,True,False
f37939a0-a63c-4aee-90ab-3ce629462bd9,1,6,True,False
f39869c7-6e3c-4bea-a3c3-2f72022e0ece,1,8,True,False
f39e3c90-9f63-4e3c-937d-ee1c5eb7efcb,1,2,True,False
f3a93086-18a6-447a-ae99-bb05a8f8191f,1,10,True,False
f3a9d731-0570-4192-8d7a-de8f8fbba2e4,1,11,True,False
f3ad8e2a-8c3d-4bf9-826c-b654cdf54bde,1,2,True,False
f3af19b8-c636-4819-a869-feb9e672144e,1,6,True,False
f3b25288-fad3-4842-b4ee-7c4fdb1c1b37,1,9,True,False
f3b9fd9f-47c7-4320-bd36-2004bcace8e6,1,1,True,False
f3bb8007-8d25-4785-90a9-9bd6d94f7e99,1,2,True,False
f3c16550-bb98-4ce8-968d-3c18a1997038,1,1,True,False
f3c1935b-0393-47bc-8e5f-9dc3f65ebd7f,1,8,True,False
f3c2110a-f7a8-4485-a1da-08043c91243a,1,2,True,False
f3c4e920-02f8-4d7d-9592-259031cb51ed,1,6,True,False
f3c593d9-7688-432b-a8cb-5dca80e868c4,1,9,True,False
f3d10db0-c4af-49d5-92e6-cc0f77205347,1,4,True,False
f3d37b23-8770-43cc-bef8-3e54ef4927c5,1,6,True,False
f3d9ded3-7bf5-4439-a652-cdfab66e618f,1,8,True,False
f3e8acb3-8585-4db2-95f0-301c4389c0f7,1,6,True,False
f3ee01b4-612f-4cf8-a2c0-a56ab6f8e7de,1,3,True,False
f3f5e32f-1733-4407-90d0-e54fdf5a79b4,1,1,True,False
f3f6ac99-2150-4bff-94be-04d3bfc705a0,1,9,True,False
f3fc1307-8da8-440f-bef2-9ff593d3b5ac,1,6,True,False
f3fce110-a900-42a8-9f8b-7eb32fc2d669,1,4,True,False
f4033bd5-4615-4ef4-88b5-5cd2ee27c76a,1,8,True,False
f403e6b9-46d5-428f-a743-a8d219271b26,1,11,True,False
f4070888-cf16-43a1-9be2-6df646112379,1,9,True,False
f4094b5f-2ee0-4f6b-87a5-f9e77862f948,1,10,True,False
f413ff7a-3eee-4e74-8bfc-e511e151aa2f,1,10,True,False
f41402a5-133a-4d3e-a07f-2ecb75a51e5c,1,11,True,False
f4164253-0586-4958-bc24-5a29c17161be,1,6,True,False
f421373b-8385-40f1-a24a-c4ffb7252133,1,1,True,False
f42473ab-daee-4640-90c0-c630f19004b7,1,10,True,False
f43f6202-9406-46c6-a29f-c9bbdf0d7fdd,1,4,True,False
f4424212-3f43-4354-8128-b8eed29301cc,1,7,True,False
f443d3c3-5dee-4a1c-90fb-53120205b816,1,2,True,False
f44a4a52-4fd4-492f-9e7e-60918dab2c1f,1,1,True,False
f453b90e-1d59-47ed-9aad-139160de41d1,1,9,True,False
f4592185-3485-4714-ad1f-56d26f2ce513,1,3,True,False
f4633304-0e52-43bd-a9ae-8eb9b7c84fd9,1,5,True,False
f480093f-5ec7-49ed-9c85-9a71ae3ab253,1,4,True,False
f48b6624-6304-4550-8acb-a6c9ba6d7d6a,1,8,True,False
f48dce98-40ff-49e1-8b26-a3c6e3535c2e,1,9,True,False
f4952522-af87-40ec-b5c4-6f46f8722850,1,10,True,False
f49e9ba2-e5fd-40a6-ae50-a649712b5595,1,3,True,False
f4a18f47-1e08-4386-8e57-1f76ea24507f,1,11,True,False
f4ae37f5-9cfb-4d1e-b5ce-a5ae32b91d2c,1,7,True,False
f4b9cb32-7535-40f0-afa4-1b056dc8a9e9,1,4,True,False
f4bb8d29-faa2-4a75-aba6-3329e1f6eb6a,1,9,True,False
f4ca53ea-0df8-48d4-9326-5fcd934aa123,1,11,True,False
f4d6155e-1c14-4c14-893b-62038e1cb2cb,1,3,True,False
f4d7eba3-a68e-4f2a-907d-3cfb5597593f,1,5,True,False
f4df7e3a-202a-4e83-83dd-e591e283b479,1,6,True,False
f4e055cc-19d9-401a-83ab-2207fd76f8d7,1,10,True,False
f4e7faa2-43b5-44d2-a395-f2e53e84fb37,1,3,True,False
f4ea02ac-f041-4b97-91af-6cceb8a331d4,1,7,True,False
f4fa9b8d-4fb5-4fb0-bc41-6290ad4aaf95,1,11,True,False
f4ff1e78-f1b9-4ba8-9c0e-955d7fad32ac,1,2,True,False
f50b802d-b933-4ac4-b7ef-83b16b095b9c,1,11,True,False
f5118e28-6211-480e-bf28-b5e3dbb4d396,1,2,True,False
f516d02e-1f15-410c-b543-55db866607b8,1,8,True,False
f519707e-d438-497d-9887-bd682a59899d,1,8,True,False
f53fcb31-e340-4971-9a1a-f6e550ae6092,1,10,True,False
f5456e69-2794-413c-9f43-a69a5b6541aa,1,4,True,False
f559885d-e04f-4788-ae8b-cb55d2810928,1,1,True,False
f55c4f85-1e37-41c9-8331-3d3efad997be,1,11,True,False
f56d8cb7-a5a1-4a71-9136-31c68ae77793,1,8,True,False
f5889f07-ec39-4574-9ce5-3b2e87d4377a,1,1,True,False
f5896ff1-1978-49cb-a6df-453f5a615c8a,1,10,True,False
f590805d-372f-4191-a2ca-9fdbddf2f550,1,6,True,False
f5924895-cbbf-460f-989b-40753c978997,1,4,True,False
f59d5cea-3f19-4c48-a554-0cfd90ae11a1,1,1,True,False
f59d838d-d70e-432a-833b-fe29b8ed5e12,1,9,True,False
f5a19f1a-cfde-4faa-9a82-deb6eaad41f2,1,7,True,False
f5a20ffc-599b-42df-9ad1-1e80a1454030,1,7,True,False
f5ae1566-f504-4e08-b0ec-1e8eb01d4fc7,1,10,True,False
f5b2612e-bfdd-4029-b8e3-7d95f7dbeb16,1,2,True,False
f5b34752-a844-4799-b6c5-aff409c2572a,1,5,True,False
f5cbef47-3b82-41d6-bb84-8302c95d0815,1,9,True,False
f5cd4b18-329c-49c4-bddb-8f9220d6b8c2,1,9,True,False
f5d70ae5-c007-4336-ad62-036577f33800,1,3,True,False
f5dc37b5-583d-4a1a-ab2c-58248e03bd78,1,8,True,False
f5eab3c5-23b6-426b-ad08-0ed62d1d8615,1,9,True,False
f5fcf08c-913b-46d7-b317-2767d5154cba,1,11,True,False
f6083d1b-db7b-4484-a14b-5a1d46a478df,1,4,True,False
f60faf98-08f6-46c5-9693-02ab4e3485f4,1,5,True,False
f615ebbf-0d13-4b66-af8b-bfa42d8bfe49,1,8,True,False
f6267177-ff44-4ce2-a862-5e6140a54407,1,4,True,False
f627886b-4934-48e0-8d53-d88cc81c77a5,1,6,True,False
f62afa16-d477-4ac5-bbd4-6cf197ab7e54,1,11,True,False
f62be74e-311d-4d3c-97a5-d563dbe86564,1,11,True,False
f645c2e5-e014-453a-88c5-c266595790a4,1,9,True,False
f64e5125-9e16-4aca-be14-cb84f934f4b8,1,11,True,False
f65a3bd4-03dc-44f8-821c-8ab856531ee2,1,2,True,False
f66ab9a7-b507-4da1-83d6-c60219029f37,1,5,True,False
f67751d2-b098-4548-8eeb-1cf37a5c5dc0,1,6,True,False
f677e06f-33fc-4ad1-8f15-683a686aea8d,1,10,True,False
f67f14d9-1395-4e74-a77e-aa907c74d665,1,6,True,False
f685a157-77f0-456b-80c2-eda33cc98ea4,1,2,True,False
f687b2b9-20e3-4ee0-a683-6bc1dd96bcec,1,9,True,False
f68e1d5c-f0db-4fb4-8455-7bae30dc2795,1,9,True,False
f6b68bdd-3080-404f-b1ea-bdc3374518e0,1,1,True,False
f6b96e50-54d2-4fbf-9bea-a91d42abce53,1,3,True,False
f6bc152e-1ecb-461e-9e30-be064861cee3,1,4,True,False
f6bcdc1c-8075-4a9e-94bc-8380ecc22f25,1,7,True,False
f6c25b56-63c0-4b7b-8671-36411485cf23,1,7,True,False
f6ce0a43-1511-4764-bd31-b46f3858534e,1,5,True,False
f6ce45c9-f750-43b7-88e3-54b470b3d429,1,5,True,False
f6cfde7e-6306-4351-821a-c18f7347fcba,1,8,True,False
f6eded9b-9efa-455b-8d29-d51e4246a3b6,1,10,True,False
f6f072df-a3f8-4a89-a1ca-20c99f1b9893,1,4,True,False
f6f2bf27-0c37-4ce5-a5cb-96040a2af816,1,10,True,False
f6f9a45f-bf11-4841-9371-568d9a2395f3,1,6,True,False
f70d6c5b-a7ef-49e3-85f5-dcc6913292f5,1,7,True,False
f71b025a-cd08-48bf-851f-328f6256d39f,1,9,True,False
f71cbc6c-05fc-4f35-8aa9-4ea136cde6a2,1,5,True,False
f7221d7d-a312-421a-85a7-796de6b6cee7,1,5,True,False
f72b59e3-07bd-4483-ade7-9bc06870116e,1,11,True,False
f72d12a7-077b-4db9-8dc6-c69d1d0d877d,1,3,True,False
f7310fcf-7afe-41d9-942a-bacb4825454c,1,6,True,False
f7311d36-2012-4ec2-8e06-d0028c3e276e,1,4,True,False
f734fdb3-25bb-41e7-a9d7-e6b36a3b2c7b,1,8,True,False
f735c340-d90d-4cd8-a808-5513faca97af,1,8,True,False
f739e838-95f9-4f6b-b623-54499ce1734c,1,7,True,False
f73b1d89-6743-436e-b8da-3a00452dacaf,1,6,True,False
f73cfb7d-7292-4b6d-a287-f6b9e81b9788,1,3,True,False
f73e2703-b0f0-42e7-990f-3ae22bd2ba85,1,9,True,False
f74188e7-75a9-4773-835b-07ab8c9c1838,1,11,True,False
f742fbce-a598-43ef-9909-f18b5bffcc9f,1,4,True,False
f743ce98-45d5-4a6b-a53d-81fcdec8781a,1,6,True,False
f7493fdc-76d1-46a7-8f73-6687f7577ab4,1,6,True,False
f74de093-615d-48bd-952a-dde9f8439fe9,1,7,True,False
f7644609-66a4-4e05-82b0-d722ddf451bf,1,9,True,False
f779efa9-0cfe-4e8b-880c-bf69cd629b7a,1,10,True,False
f780df27-b935-4a2d-86e4-c4227435d61a,1,7,True,False
f7882a9f-22a3-43cc-931e-d54d46674c6f,1,6,True,False
f791ad9f-bb38-471b-ae9a-427aefa27ee1,1,3,True,False
f794393e-e861-4693-a3e6-5acf88664d23,1,6,True,False
f79449ec-a095-4863-9c24-32e59c56e466,1,4,True,False
f796d983-83c5-4e0c-a65a-95ba38bc4f46,1,1,True,False
f7ab2d66-4594-46ea-9024-89bffe2977ed,1,2,True,False
f7abb1f5-8bf0-434a-9b98-c86f404f5c40,1,1,True,False
f7b89a74-9080-4a49-8063-3b5949f8f367,1,7,True,False
f7bb6231-4749-4ac2-8966-dda10a222dde,1,4,True,False
f7bf839c-f659-4837-a29c-bc6b045ea0ad,1,8,True,False
f7c352b3-a9f0-4459-ac19-b4e10497d8bf,1,3,True,False
f7c8a4bc-417f-4f7d-9e3a-79f70b278c8c,1,2,True,False
f7d568bc-e844-4eee-ab7c-9a4839c6de31,1,4,True,False
f7e85367-4715-40a6-bc8d-a17fffad4908,1,9,True,False
f7ead5fb-6b2e-419f-94f2-0d3f4d278825,1,10,True,False
f7f434c8-b6cf-4708-adee-71962a70692a,1,11,True,False
f7f6eb5c-f971-4dc8-9b22-4686c3ede6fb,1,1,True,False
f809fced-b39c-4789-8df2-af679417acf8,1,10,True,False
f822442e-5f6d-4216-8455-91d8df1d8cc6,1,4,True,False
f82ed9c2-e0d0-4c61-b6d8-80664e215557,1,5,True,False
f8376100-9c6c-42a3-941f-53ebf8ffaaa5,1,6,True,False
f843b15e-ea4c-4ec1-ae55-f9882d9425e9,1,9,True,False
f84a0a23-db51-4f6b-8dcc-3d1b60b5078a,1,10,True,False
f84a9bd0-6f4e-47e8-ad10-7d5fa6e37c7b,1,10,True,False
f84be9da-0d33-4d09-9eb2-f0d1c77efc82,1,8,True,False
f84eb1cb-c391-471a-a99d-d679ee285739,1,5,True,False
f857ecd0-e32c-4fad-b8ea-5e66bd9b6047,1,3,True,False
f85ea48b-a30f-464b-a67e-8f629c749b18,1,7,True,False
f86a2e03-8c1b-4728-af48-3647f2ce5cee,1,7,True,False
f86ddf47-7644-48c6-93bb-efaf7c709451,1,3,True,False
f870b34f-1e8a-43ef-9e61-05dc1d89d27e,1,2,True,False
f87f44ee-e624-4564-8a03-b2a7c09a2f4f,1,2,True,False
f88370b1-43ed-4328-a8d0-047938c204ba,1,9,True,False
f88a23e5-1038-4899-bcee-08249c984def,1,11,True,False
f88bf260-2f38-41cb-b4a0-48e598824bc5,1,1,True,False
f8909eb5-f507-4658-b53c-e1414137a690,1,1,True,False
f890e7f0-167e-400b-ab81-bd81764ab367,1,1,True,False
f891ea25-816e-4a3a-99e1-cf195725ac44,1,3,True,False
f8976816-78be-41e2-92cc-6d28631524fe,1,3,True,False
f8b0ec3d-3672-466b-8d6d-99612acc73fa,1,10,True,False
f8b63986-1667-4098-920e-fe2c65e0b8b9,1,9,True,False
f8cfd273-15a0-4ea5-8c11-6128b5bac9fa,1,1,True,False
f8d5f717-dba9-467c-be86-da5bddfc1ed5,1,8,True,False
f8dba4c7-9bc5-40ff-8d28-b7bd5bc28fa5,1,2,True,False
f8e072a4-a31c-4561-b809-f38e2978a363,1,2,True,False
f8e279bf-37df-4059-87f4-c67cf2b49d87,1,3,True,False
f8e3dedb-b4ac-444a-996e-3ce869125b0e,1,9,True,False
f921415d-c10d-44fc-a9d8-55439ca98b6a,1,5,True,False
f93146e9-2ddf-4abd-8d99-20caf637ef66,1,9,True,False
f931a8ad-aff4-4e57-bf3f-51f5ecb59f44,1,10,True,False
f939d2fe-6ea1-46c1-aa2a-2d70198d0c37,1,5,True,False
f941d552-261b-4989-adac-6ea6dce7fcab,1,7,True,False
f943720c-c608-4482-85cb-f60b62c22a14,1,4,True,False
f94551de-dae4-438d-b114-bdda0a8e73fe,1,8,True,False
f945c335-0abf-441a-b441-ff3960ff2f5e,1,1,True,False
f9462649-80cf-4651-b712-2359b30b4640,1,9,True,False
f9470fcd-4599-486c-9b26-fa2d048e0369,1,8,True,False
f957e0c3-b72e-4ddd-b2e2-109e6f47a048,1,8,True,False
f962fc61-53b3-472a-a986-7062dd2b74f9,1,2,True,False
f96c8ddb-4e27-4195-921d-ce8d0c109fb1,1,9,True,False
f97d4600-3f3f-42ec-94c8-d3cfbe8e6572,1,10,True,False
f99544fd-78d3-4fea-91e1-d18729a74b36,1,11,True,False
f995cbed-282b-415b-9d9c-42cadefb049e,1,1,True,False
f9a0b16c-595b-4e89-84ed-d3052bf09e7e,1,8,True,False
f9a39f6d-cfdb-475a-a2b2-d4a3d414cffe,1,1,True,False
f9a7b20f-db1d-4dcb-9a25-4f40aff0edca,1,5,True,False
f9af72b2-e535-4279-9916-7aafad75ca5a,1,11,True,False
f9b6f272-0d5d-49e3-84ca-52cb99ba15e0,1,7,True,False
f9b8e7e3-7965-4365-bac2-7070b34a70d9,1,3,True,False
f9bcc8f9-9cfe-465b-b622-7d19a7b95bb9,1,3,True,False
f9ce1b98-e10e-422f-acaa-ec6578e3cdf5,1,6,True,False
f9cfc571-46c8-4aeb-9e84-5fec9569391f,1,6,True,False
f9d0c12f-bd3b-42c3-8f84-a1b530767df5,1,5,True,False
f9d300c7-edc0-4e50-8cfa-64022076b2b5,1,2,True,False
f9e75f61-f547-4f45-af6d-358a2dc8dfd3,1,10,True,False
f9e89fa3-42f0-498c-b57d-f0da391422a5,1,4,True,False
fa05a2a9-b2c6-48d2-8cc7-7030f447fdef,1,2,True,False
fa05cc3a-cc2e-4aef-bff3-21ccc7309e82,1,3,True,False
fa0cd6fa-46be-4c7f-9039-b0b85e03600d,1,8,True,False
fa1346cb-f725-473c-ba3b-e4cbc7c2bde2,1,2,True,False
fa2b6048-c274-4c10-b869-7cdeac73fb6a,1,1,True,False
fa37fc6b-7dad-4887-90da-e12d80071d09,1,1,True,False
fa46f791-e306-445e-8afd-8da39bbd51e3,1,7,True,False
fa4d187f-e87c-446d-a8b2-69054cd7de8a,1,11,True,False
fa5adad4-a2be-4411-abdf-6568ffa83ef5,1,2,True,False
fa6a4ef5-486e-462f-91f1-bdd173debdea,1,11,True,False
fa6e5c6e-3f2b-4a7a-9985-535666f9ca41,1,8,True,False
fa6e6390-efc6-4fff-8e05-cdbba7b3bd52,1,6,True,False
fa85255e-edd6-41f8-9273-112f0e50a547,1,1,True,False
fa8a7a43-1e1f-48ec-98b5-b647fd727789,1,1,True,False
fa964b25-5338-422c-b8ea-10ee37bec438,1,6,True,False
fa9c16ce-09cc-4208-bd18-cb2ab4bbb660,1,11,True,False
fa9f70ed-85e1-4764-a625-fd87e02d724e,1,6,True,False
faa088af-1d7a-4a89-8509-cadfe581e7a1,1,3,True,False
faa5dcd3-5fa8-48de-83ac-8c2e98c4e656,1,9,True,False
faa9795a-db05-4b45-902c-9a8913d50ac1,1,4,True,False
fabc9760-ca3c-49b4-bcc3-3c8daf34e85d,1,2,True,False
fac67ed8-a4e2-4126-be8b-df6ddb1bc553,1,6,True,False
fadef8b1-f5db-4c88-b8bb-d478086bea57,1,2,True,False
fae31774-85a6-4d4d-8d54-c4f19131dbbd,1,4,True,False
faf097a8-eeb6-426e-93dd-aeaedfe845ef,1,5,True,False
fb0ac761-e884-4fd4-89b9-866f43283484,1,3,True,False
fb0af34e-7b29-45b6-af00-c0ffbc912cdd,1,5,True,False
fb11e4e1-4a81-4b4c-b8f4-af8f913bb128,1,3,True,False
fb1bb76f-baaf-4f66-9749-93a3b397d393,1,4,True,False
fb25fd93-c8b0-4b77-adb3-da751007e413,1,11,True,False
fb26867e-5bc4-4398-a246-658997c06fa6,1,1,True,False
fb2ee0a8-9536-4153-898c-84e103a8af93,1,6,True,False
fb408958-c730-4ef3-b1eb-2f0b8f72efcf,1,11,True,False
fb470c05-2106-4d5b-b5b6-e40553e4ba7a,1,8,True,False
fb663e69-5723-41bb-b86d-4170bb9764b6,1,2,True,False
fb6f3d32-e92a-4c40-967c-e1cec30de938,1,4,True,False
fb703431-8ca8-4bcc-9e9c-721f6df9bced,1,8,True,False
fb707ec5-4f77-42a9-9f58-e3352310b4aa,1,8,True,False
fb75809d-5d20-4e98-bbd0-771e6cb37714,1,1,True,False
fb76abdb-99f0-4f17-9565-c70790fa5cc5,1,7,True,False
fb8eb1b0-2d8a-4289-8025-84d71bde7efa,1,7,True,False
fb9ec628-6c94-426a-bd6d-99bc296a6f70,1,10,True,False
fbadb355-aa27-4b46-83ea-5faacf37edc7,1,2,True,False
fbafb5a1-73da-4f36-834e-f7e4a8738c50,1,1,True,False
fbb03c7f-4ae9-4a92-a653-3ad196e5f209,1,10,True,False
fbb7c8f4-c596-436c-93e7-4b868dbaa3ff,1,4,True,False
fbbefd2e-6520-4398-ab3d-e82aea9581e8,1,4,True,False
fbc162ae-fe73-4a6b-a43e-711f75225e6e,1,5,True,False
fbc417be-9533-4044-8de3-6485d667c0dd,1,6,True,False
fbcbe777-7cac-4121-8baf-a78e5de3d1ab,1,3,True,False
fbcf6ba9-44d8-4658-8c87-193993b739bf,1,7,True,False
fbd2022d-4d55-4f2c-961e-ee5ab04737d1,1,6,True,False
fbe067fe-f410-4632-a2e7-3928f8f5af87,1,3,True,False
fbe3f841-1e08-4156-9517-556c53e2057a,1,8,True,False
fbfb8677-7211-49c9-b61a-befa4b344830,1,2,True,False
fbfc6d18-a968-4e13-a3c7-97402e29fd59,1,6,True,False
fc16ebe5-4518-4766-b60e-4db3a8638c20,1,7,True,False
fc21444e-1efb-43ca-9386-298e379b07a8,1,4,True,False
fc22b4e8-46c0-41f9-8d4f-b66a78c1fd78,1,1,True,False
fc2cc2c4-3eba-45e5-9508-0a73ecca376a,1,9,True,False
fc2d36a4-cc2e-4ab4-a65a-58bc9875cb92,1,4,True,False
fc2ea19a-2473-4944-87fb-f3116815b0f3,1,6,True,False
fc330be5-48cb-4920-b3ba-d2d4bead6d99,1,6,True,False
fc49d82c-b49b-43ec-a7ad-fa38b5d40c16,1,6,True,False
fc549a5b-9756-46b2-96f8-fc3db35a0613,1,9,True,False
fc5751a8-6b9b-4305-b349-3775639bb047,1,5,True,False
fc57955b-c84a-4ea4-8f5f-063278aaa0cb,1,10,True,False
fc5d8a25-10b2-4417-8ff4-52cb693c022a,1,2,True,False
fc664c71-4a9c-48eb-8b1b-679200967db0,1,7,True,False
fc7322e3-4163-46ee-ab75-47584e6e6d87,1,11,True,False
fc8942a1-6c30-4f65-9f97-ccfe25fbd0c2,1,7,True,False
fc90fae8-7882-4e82-a90b-4c19b31c42c9,1,2,True,False
fc9c1f61-7622-4320-8417-c8c944ed72fa,1,1,True,False
fc9e7ab9-9f0b-429a-a5b8-1d70d33199fd,1,4,True,False
fca7b6e9-01d3-4405-bdce-e053b3a29d17,1,10,True,False
fcbed3c6-33e2-40c1-bd2e-615d086c90f6,1,8,True,False
fccbc450-bda1-4175-870c-50fea9ff44bc,1,2,True,False
fccbeef6-89b5-4415-81e1-8a59c64e1a17,1,7,True,False
fce3f66b-5d5f-4f4c-8cb4-4a4a121dafc9,1,11,True,False
fcee5c7f-c096-4c28-926b-51af529bf034,1,2,True,False
fd0400fa-d26d-4abe-ad53-126af3a07a03,1,1,True,False
fd08f1e8-8cee-427c-bbbf-dabdb3d06a1e,1,1,True,False
fd100a48-168b-4113-9c9c-932fc11d6b15,1,9,True,False
fd104f5d-38ed-4d3a-9c67-017bbe5d6e59,1,1,True,False
fd33c8f1-62bc-4728-adc1-5e96c5fdb3b1,1,5,True,False
fd3f4c4f-fea7-4b83-8de9-d8aceb9351c0,1,8,True,False
fd40a993-f376-4352-9978-dc577e3139b9,1,11,True,False
fd479787-49f4-4f13-acba-a9eecd9cdae5,1,4,True,False
fd4c8fe0-ac19-4e6c-94ca-4414af958a63,1,8,True,False
fd4ee168-baf5-4f26-9002-876aca2205cc,1,3,True,False
fd54a756-b9bb-438d-b908-67631e18181a,1,9,True,False
fd5b709f-714e-40eb-8f07-b7b2d7cc4424,1,10,True,False
fd5c80e6-2a3c-4bb5-bfd1-652581b9246c,1,2,True,False
fd657c38-9681-469b-a3ba-002528730c53,1,7,True,False
fd6960fe-afdc-47c8-b405-5b3702e2ad12,1,5,True,False
fd6be980-fa39-411d-9deb-f60e53ca0293,1,1,True,False
fd71089e-1f4c-43b7-8ba9-b61200eefbe8,1,6,True,False
fd71339c-322f-4396-9a92-3c682e07772c,1,5,True,False
fd75e8e4-1f17-462b-ab6f-01e85cd72dc7,1,11,True,False
fd7ba3ce-fee2-4658-882a-934f9e651cd5,1,5,True,False
fd7cb25a-6a0f-44e4-97e5-ac8931f8eb08,1,1,True,False
fd7e9df5-7294-45d3-b4e7-ee60e5ffc331,1,6,True,False
fd84a399-278f-41cd-b351-a8026759299d,1,1,True,False
fd84e92b-79e0-44c7-ab45-765b95fbee96,1,9,True,False
fd86dba2-d669-40ad-90b9-c0bebedea7d1,1,11,True,False
fd9ddf06-f822-4c35-a5be-ecbe41336f8e,1,5,True,False
fd9efb56-7acf-46cc-ad90-b35100a163bd,1,5,True,False
fda4854c-955f-4af2-a0a5-101204425410,1,8,True,False
fda6eb34-6b30-4cae-9b27-2cd1aa021645,1,3,True,False
fdbca277-6d1d-4ca9-ab82-167625237cf3,1,3,True,False
fdda5fc6-0720-4658-8e67-0376f94450c3,1,1,True,False
fde0ecaf-48e2-493d-ba96-7d634fb41b18,1,1,True,False
fde47293-7f0a-43ed-b452-5fceed1dd8ca,1,10,True,False
fdecce1d-4900-4ccb-80ed-8b8f0900e7e2,1,7,True,False
fdf5b1b1-4fdd-46d5-b639-c798d4045099,1,9,True,False
fdf75346-b651-4273-bac8-060b1faaacf0,1,2,True,False
fe067d0a-81e0-4148-910e-2ac1c8f6d657,1,9,True,False
fe0ec91b-e9af-4805-9451-1e10f7dfb43c,1,3,True,False
fe1e6a57-ffbb-49d6-b8bb-f551ef1bcfc7,1,4,True,False
fe32ef3f-ba9b-447c-8aad-244a9102dc6a,1,1,True,False
fe3ba80f-6193-4861-a26d-ee0ca8be0da2,1,10,True,False
fe3d9bfe-e600-4195-95c6-69373abe4d31,1,9,True,False
fe3f6a8a-110b-4fe8-8dfa-91ce36cff25c,1,8,True,False
fe437eef-98f5-474a-ac82-5ff5a501d83e,1,11,True,False
fe5326dd-d8ec-4ed0-a5e4-6c4aa498e997,1,9,True,False
fe5ef759-a4c4-4ed6-a94a-5df66c09d961,1,6,True,False
fe60dc5f-5107-43f4-8ba0-28ec228445d8,1,4,True,False
fe622b57-d12b-4dfd-9504-03283d253a3a,1,4,True,False
fe626de4-3be1-4294-9f33-47ea89c66e98,1,11,True,False
fe66e3c9-b1fb-45bd-9bdd-cea0897eeb20,1,1,True,False
fe704f28-92e1-47f8-9c9a-f1b70d724b67,1,4,True,False
fe7258bc-dca0-41c8-938d-33ba93c37742,1,11,True,False
fe771dd8-8031-4430-bb1f-2f6746631dab,1,3,True,False
fe8810a4-84e2-4104-a446-e5bcb34a2217,1,7,True,False
fe8b4020-fcb4-4798-9e9b-d465b884d75b,1,10,True,False
fe8ce5b2-df85-4101-b088-1062e40c1c63,1,11,True,False
fe94a895-2e2c-4257-9f6c-81a5bfe04089,1,6,True,False
fe980145-bc8f-4258-94b8-274dc9cf9047,1,11,True,False
fea297b4-2bd8-499a-89ad-af8d5d3f830f,1,6,True,False
feb1a70b-6373-4855-aba6-ab3a2dc5097e,1,9,True,False
feb5685c-7714-4dff-8a8f-f064f869a02f,1,8,True,False
feb8feb6-d2da-4248-aea6-8a5e1ecd7d06,1,7,True,False
feb993b5-fa10-4107-a85c-1c89f8361acf,1,5,True,False
fec4a72f-cf0f-49b0-b873-a5ffec467334,1,11,True,False
fedc0102-4cd4-4376-bd26-534ce81ceab8,1,9,True,False
fef099ce-fe4e-4073-8cd0-7c588f826611,1,3,True,False
ff0bd082-c3e8-4d01-90d2-ddd6b25cdd16,1,7,True,False
ff10634f-b7c1-4c83-b1e1-11d64e3fb63b,1,8,True,False
ff19d746-b524-4be5-9910-ba245df7fa96,1,4,True,False
ff1e17c4-d16d-4d3a-bf5f-ff17ea7b3e4d,1,6,True,False
ff2e62b6-e846-47c1-89f8-ba10900d64f0,1,9,True,False
ff3bd50b-496a-489c-8a86-c447cb6ad813,1,3,True,False
ff3f8e46-3ec7-436f-b593-115e1a405e03,1,3,True,False
ff77d901-98fc-4586-b01a-ec2f76954a95,1,10,True,False
ff7f97c3-91b9-4a1f-bbeb-d7dfbb1897f9,1,11,True,False
ff8a1198-f8de-43b3-a91f-96b0b6a02e65,1,10,True,False
ff8c8a08-7939-4777-858b-de48c022cbe6,1,10,True,False
ff8d4799-2576-436e-b154-25b3f1384d3e,1,5,True,False
ff98590d-a5fe-4fcd-a38e-862561bc6bb7,1,4,True,False
ff9a02a6-68f7-4b7d-a21b-a79f3881de85,1,1,True,False
ff9feb0b-6633-46cc-b349-f289553c22b1,1,10,True,False
ffa08acd-5627-4ddd-b41e-f9a5127e4e44,1,1,True,False
ffa75e38-19b2-4da6-b189-72d52f2639cb,1,8,True,False
ffa9043e-b431-4b1e-bb72-01fa02cec475,1,1,True,False
ffb47bf7-1b5d-4980-b27e-5c34fa30b17a,1,7,True,False
ffbd0e9a-15aa-46b9-8578-d964c10987e4,1,2,True,False
ffc009e5-ab3b-4bbd-943e-a7abf7800f3c,1,9,True,False
ffc5329a-f608-42c8-8dda-0e87deea34bb,1,3,True,False
ffd3605c-8426-4fbe-a9b0-5f595742540f,1,4,True,False
ffd70b93-193a-49db-8577-9aa4000cfbeb,1,7,True,False
ffed79fc-c394-44ff-b00e-b94bc1219701,1,8,True,False
fffaed3a-10da-4927-9fdd-092b6ae533d2,1,8,True,False
